distanceX,distanceY,closeTopWall,closeBottomWall,closeLeftWall,closeRightWall,bodyUp,bodyDown,bodyLeft,bodyRight,action
-6,-6,0,0,0,0,0,0,0,0,0
15,10,0,0,0,0,0,0,0,0,1
-17,0,0,0,0,0,0,0,0,0,2
-4,-7,0,1,0,0,1,0,1,0,3
8,4,0,0,0,0,0,0,0,0,1
7,7,1,0,1,0,0,0,0,0,1
3,1,0,0,0,0,1,0,1,0,1
-22,1,0,0,0,1,0,0,0,0,1
-9,-4,0,0,0,0,0,0,0,0,0
-6,11,0,0,0,0,0,0,0,0,1
6,12,0,0,0,0,0,0,0,0,1
4,13,0,0,0,0,1,0,0,0,1
3,-5,0,0,0,0,0,0,0,1,0
-14,0,0,0,0,0,0,0,0,0,2
-12,13,0,0,0,0,0,0,0,0,1
18,16,0,0,0,0,0,0,0,0,1
6,10,0,0,0,0,1,0,0,0,1
22,11,0,0,0,0,1,0,0,0,1
20,6,0,0,0,0,0,0,1,0,1
-6,2,0,0,0,0,0,0,0,0,1
1,8,0,0,1,0,0,0,0,0,1
22,-2,0,0,0,0,0,0,0,0,0
5,1,0,1,0,0,0,0,1,0,3
-6,-12,0,0,0,0,0,0,0,0,0
-17,-14,0,0,0,0,0,0,0,0,0
-3,0,0,0,0,1,0,0,0,0,2
-7,5,0,0,0,0,0,0,0,0,1
-11,7,0,0,0,0,0,0,0,0,1
10,-7,0,0,0,0,0,0,0,0,0
14,3,0,0,0,0,0,0,0,0,1
-3,8,0,0,0,0,0,0,0,0,1
-3,1,0,0,0,0,0,1,0,1,2
18,-5,0,0,1,0,0,0,1,0,0
6,-3,0,0,0,0,0,0,0,0,0
-22,2,0,0,0,0,0,0,0,0,1
-5,-4,0,0,0,0,0,0,0,0,0
-8,-2,0,0,0,1,0,0,0,1,0
-8,5,0,0,0,0,0,0,0,0,1
-5,-5,0,0,0,1,0,0,0,0,0
10,0,0,0,0,0,0,0,1,0,3
-16,5,1,0,0,0,0,0,0,0,1
-4,11,0,0,0,0,1,0,0,0,1
-7,-1,1,0,0,0,0,0,0,0,2
14,12,0,0,0,0,1,0,0,0,1
8,-8,0,0,0,0,1,0,0,0,3
6,-1,0,0,0,0,0,0,1,0,0
-1,-5,0,0,0,0,0,0,0,0,0
4,-8,0,0,0,0,0,0,0,0,0
7,-2,0,0,0,0,1,1,0,0,3
14,1,0,0,0,0,0,0,0,0,1
-24,3,0,0,0,0,0,0,0,1,1
-20,-11,0,0,0,0,0,0,0,0,0
-1,8,1,0,0,0,1,0,0,0,1
18,12,0,0,0,0,0,0,0,0,1
-2,-8,0,0,0,0,0,0,0,0,0
-25,-4,0,0,0,0,0,0,0,0,0
-12,11,1,0,0,0,0,0,0,0,1
9,6,0,0,0,0,0,0,0,0,1
4,-15,0,0,0,0,0,1,0,0,0
-24,-4,0,0,0,1,0,0,0,0,0
-10,1,0,0,0,0,0,1,0,0,2
23,-5,0,0,0,0,1,0,0,0,3
-21,-2,0,0,0,0,0,0,0,1,0
-5,0,0,0,0,0,0,0,0,0,2
7,2,0,0,0,0,0,0,0,0,1
0,5,1,0,0,1,0,0,0,0,1
0,7,0,0,0,0,0,0,0,0,1
-1,-15,0,0,0,0,1,0,0,0,2
-1,1,0,0,0,0,0,0,0,0,1
2,3,0,0,0,0,1,1,1,0,3
-22,2,0,0,0,1,1,0,0,0,1
-4,3,0,0,0,0,0,0,0,1,1
-1,1,0,0,0,1,0,0,0,0,1
-5,4,0,0,0,0,0,0,0,1,1
-2,-3,0,0,0,0,0,0,0,0,0
12,6,1,0,0,0,0,0,0,0,1
0,2,0,0,0,0,1,0,0,0,1
0,6,0,0,0,0,0,0,0,0,1
4,-4,0,0,0,0,0,0,0,1,0
11,7,0,0,0,0,1,0,0,0,1
-11,4,0,0,0,0,0,0,0,0,1
-25,9,0,0,0,0,0,1,0,0,2
-5,-14,0,0,0,0,0,0,1,0,0
1,-9,0,0,0,0,0,0,0,0,0
4,-8,0,0,1,0,0,0,0,1,0
-6,5,0,0,0,0,0,0,0,0,1
-5,-2,0,0,0,0,0,0,1,0,0
-1,2,0,0,0,0,0,0,1,1,1
-12,-1,0,0,0,0,0,1,0,0,0
-19,-6,0,0,0,0,0,1,0,0,0
-17,1,0,0,0,0,0,0,0,1,1
0,-5,0,0,0,0,0,0,0,0,0
-2,0,0,0,0,0,0,0,0,1,2
6,-13,0,0,0,0,0,0,0,0,0
-16,-4,0,0,0,0,0,0,1,1,0
1,-12,0,0,0,0,0,0,0,0,0
9,6,0,0,0,0,0,0,0,0,1
2,9,0,0,0,0,0,0,0,0,1
18,11,0,0,0,0,0,1,0,0,3
-8,3,0,0,0,0,0,0,1,1,1
-4,-1,0,0,0,0,0,0,0,0,0
16,-13,0,1,0,0,0,0,0,1,0
-14,0,0,0,0,0,0,0,0,0,2
9,7,1,0,1,0,0,0,0,0,1
7,8,0,0,0,0,0,0,0,0,1
2,-17,0,0,0,0,0,0,0,0,0
-3,8,0,0,0,0,0,0,0,0,1
-10,3,0,0,0,0,0,0,1,0,1
16,-16,0,0,0,0,0,1,0,0,0
-10,-2,0,0,0,0,0,0,0,0,0
9,3,0,0,0,0,0,0,0,0,1
-8,-8,0,0,0,0,0,0,0,0,0
-1,1,0,0,0,0,0,0,0,0,1
-3,12,1,0,0,0,0,0,0,0,1
-24,-7,0,0,0,0,0,0,0,0,0
6,-10,0,0,0,0,0,0,0,0,0
-11,-2,0,0,0,1,0,1,1,0,0
-7,-3,0,0,0,0,0,0,0,0,0
-9,4,0,0,0,0,0,0,0,0,1
-15,-5,0,0,0,0,0,0,0,0,0
-16,-3,0,0,0,0,0,0,0,0,0
-8,2,0,0,0,0,0,0,0,0,1
9,6,0,0,0,0,0,0,0,0,1
-7,1,0,0,0,0,0,0,0,1,1
4,-7,0,1,0,0,0,1,0,1,0
-10,-3,0,0,0,0,0,0,0,0,0
4,-2,0,0,1,0,0,0,0,0,0
-14,-7,0,0,0,0,0,0,0,0,0
-7,4,0,0,0,0,0,1,1,0,0
-28,-5,0,0,0,1,0,0,0,0,0
-10,8,0,0,0,0,0,0,0,0,1
-16,-5,0,0,0,0,0,0,0,0,0
-7,-16,0,1,0,0,0,0,0,0,0
9,-1,0,0,0,0,0,0,0,0,0
20,4,0,0,0,0,0,0,0,1,1
-8,-3,0,0,0,0,0,0,1,0,0
12,-12,0,1,0,0,0,0,0,0,0
0,-6,0,0,0,0,0,0,0,0,0
0,-3,0,0,0,0,1,0,0,0,1
5,-1,0,0,0,0,1,0,0,0,3
-8,3,0,0,0,0,0,0,1,1,1
14,-3,0,0,0,0,0,1,0,0,0
-1,0,0,0,0,1,0,0,0,1,2
9,-15,0,0,0,0,0,0,0,0,0
-3,-2,0,0,0,0,0,0,0,0,0
4,-3,0,0,0,0,0,0,0,0,0
13,13,0,0,0,0,1,0,0,0,1
23,-12,0,0,1,0,1,1,0,0,3
-10,1,0,0,0,0,0,0,0,0,1
0,-2,0,0,0,0,0,0,0,0,0
11,-6,0,0,0,0,0,0,0,1,0
-8,4,0,0,0,0,0,0,0,0,1
-14,8,0,0,0,0,0,0,1,0,1
3,-7,0,0,0,0,0,0,0,0,0
9,1,0,0,0,0,0,0,0,0,1
-25,14,0,0,0,0,0,0,0,0,1
11,8,0,0,0,0,1,0,0,0,1
0,11,0,0,0,0,0,0,0,1,1
-1,4,0,0,0,1,0,0,0,1,1
-10,6,0,0,0,0,0,0,0,0,1
5,-5,0,0,1,0,0,1,0,0,0
-19,2,0,0,0,0,0,0,0,0,1
0,2,0,0,0,0,0,0,0,0,1
-17,3,0,0,0,1,0,0,0,0,1
8,-4,0,0,1,0,0,0,0,0,0
12,-5,0,0,0,0,1,1,0,0,3
-6,-1,0,0,0,0,0,0,0,0,0
1,2,0,0,0,0,0,0,0,0,1
-15,-1,0,0,0,0,0,0,0,0,0
-4,6,0,0,0,0,0,0,0,0,1
-24,6,0,0,0,1,0,0,0,0,1
25,0,0,0,1,0,0,0,0,0,3
2,3,0,0,0,0,0,0,0,0,1
1,3,1,0,0,0,0,0,0,1,1
-4,4,0,0,0,0,0,0,0,0,1
9,10,0,0,0,0,0,1,0,0,3
7,14,1,0,0,0,0,0,0,0,1
-5,9,0,0,0,0,0,0,0,0,1
-9,-5,0,0,0,0,0,0,1,0,0
11,7,0,0,0,0,0,0,0,0,1
7,8,0,0,0,0,0,1,0,0,3
4,-7,0,0,0,0,0,1,0,0,0
-1,-6,0,0,0,0,0,0,0,0,0
16,-8,0,1,0,0,0,1,0,0,0
-3,8,0,0,0,0,0,0,0,1,1
-19,1,0,0,0,0,0,0,0,0,1
-18,6,0,0,0,1,0,0,0,0,1
-17,11,0,0,0,0,0,0,0,0,1
3,-3,0,0,0,0,0,0,0,0,0
-7,3,0,0,0,0,0,0,0,0,1
7,-9,0,0,0,0,0,0,0,0,0
-9,9,1,0,0,0,0,0,0,0,1
7,-10,0,0,0,0,0,0,0,0,0
8,-12,0,0,0,0,0,0,0,0,0
-6,-3,0,0,0,0,0,0,0,0,0
-13,4,0,0,0,0,0,0,0,0,1
7,4,1,0,0,0,0,0,1,0,1
-2,-6,0,0,0,0,0,0,0,0,0
-8,5,0,0,0,0,0,0,0,0,1
7,10,0,0,0,0,0,0,0,0,1
-12,-13,0,0,0,0,0,0,1,0,0
-5,3,0,0,0,0,1,0,0,0,1
10,-6,0,0,0,0,0,0,0,0,0
10,10,0,0,0,0,0,0,0,0,1
7,-11,0,0,0,0,0,0,0,0,0
-10,0,0,0,0,0,0,0,0,0,2
-1,5,0,0,0,0,0,1,0,0,2
-11,-1,0,0,0,0,0,1,0,0,0
6,-13,0,1,0,0,0,0,0,0,0
-15,9,0,0,0,0,0,1,0,0,2
2,1,0,1,0,0,0,1,0,0,3
-1,-4,0,0,0,0,1,0,0,1,2
13,-1,1,0,0,0,0,1,1,0,3
4,3,0,0,0,0,0,0,0,0,1
-12,-7,0,0,0,0,0,0,0,0,0
-7,-1,0,0,0,0,0,0,0,1,0
-2,2,0,0,0,0,0,0,1,1,1
-4,1,0,0,0,0,0,0,0,0,1
-9,-4,0,0,0,0,0,0,0,0,0
-6,13,0,0,0,1,0,0,0,0,1
5,17,0,0,0,0,0,0,0,1,1
4,11,0,0,0,0,0,0,0,0,1
17,-3,0,0,0,0,0,0,0,1,0
7,-1,0,0,0,0,1,0,0,0,3
9,-12,0,0,0,0,0,0,0,0,0
16,-14,0,1,0,0,1,0,0,0,3
-5,8,0,0,0,0,0,0,1,0,1
-14,-1,1,0,0,0,1,0,0,0,2
3,10,0,0,0,0,0,1,0,0,3
9,-4,0,0,0,0,0,0,1,0,0
3,0,0,0,0,0,0,0,1,0,3
-18,9,0,0,0,0,0,0,0,0,1
-25,6,0,0,0,0,0,0,0,0,1
18,-7,0,0,0,0,0,1,0,0,0
2,17,0,0,0,0,0,0,0,0,1
-14,-3,0,0,0,0,0,0,0,0,0
22,1,0,0,0,0,0,0,0,0,1
-5,-13,0,1,0,0,0,0,0,1,0
-11,7,0,0,0,0,0,0,0,0,1
-5,-14,0,0,0,0,0,0,0,0,0
-13,0,0,0,0,0,0,0,0,0,2
-13,6,1,0,0,0,0,0,0,0,1
11,0,0,0,0,0,0,0,0,0,3
0,-8,0,0,0,0,0,0,0,0,0
12,1,0,0,0,0,0,0,0,0,1
3,-4,0,0,0,0,1,0,0,0,3
9,5,0,0,0,0,0,0,0,0,1
-17,9,0,0,0,0,0,0,0,0,1
24,6,0,0,0,0,0,0,0,0,1
2,-13,0,0,0,0,0,0,0,0,0
-11,9,1,0,0,0,0,0,0,0,1
-10,6,0,0,0,0,0,0,0,0,1
16,3,0,0,0,0,0,0,0,0,1
-24,-15,0,0,0,0,1,0,0,0,2
-6,2,0,0,0,0,0,0,1,0,1
-6,-5,0,0,0,0,0,0,0,0,0
-13,-5,0,0,0,0,0,0,0,0,0
-10,4,0,0,0,0,0,0,0,0,1
1,8,0,0,0,0,0,0,1,0,1
2,6,0,0,0,0,0,0,0,0,1
-12,13,0,0,0,0,0,0,0,0,1
8,1,0,0,0,0,0,0,0,0,1
-11,5,0,0,0,1,0,0,0,0,1
-9,5,0,0,0,0,0,0,0,0,1
-17,-10,0,0,0,0,0,0,0,0,0
1,1,0,0,0,0,0,0,1,0,1
-7,1,0,0,0,0,0,0,0,0,1
1,3,0,0,0,0,0,0,1,0,1
0,6,0,0,0,0,0,0,0,0,1
-6,-16,0,0,0,0,0,0,0,0,0
8,-15,0,0,0,0,0,0,0,0,0
17,7,0,0,0,0,0,0,1,1,1
2,2,0,0,0,0,0,0,0,0,1
-11,2,1,0,0,0,0,0,1,0,1
20,-12,0,0,0,0,0,0,0,0,0
-10,-5,0,0,0,0,1,0,0,0,2
-15,-14,0,0,0,0,0,0,0,0,0
16,-10,0,0,1,0,0,0,0,0,0
-4,2,0,0,0,0,0,1,0,0,2
1,7,0,0,0,0,0,0,0,0,1
-17,7,0,0,0,0,0,0,0,0,1
-23,-9,0,0,0,1,0,0,0,0,0
-18,-4,0,0,0,0,1,0,0,0,2
13,-5,0,0,0,0,0,0,0,0,0
-6,-11,0,0,0,1,0,0,0,0,0
19,-2,0,0,1,0,0,1,0,0,0
15,7,0,0,0,0,0,0,0,1,1
2,-3,0,0,0,0,0,1,0,0,0
-21,11,0,0,0,0,1,0,0,0,1
-6,2,0,0,0,0,0,0,1,1,1
-18,10,0,0,0,0,0,0,0,0,1
-16,1,0,0,0,0,0,0,0,0,1
-3,-6,0,0,0,0,0,0,0,0,0
6,4,0,0,0,0,0,0,0,0,1
-14,4,0,0,0,0,0,0,0,0,1
4,9,0,0,0,0,0,0,0,0,1
11,6,0,0,0,0,1,0,0,1,1
0,-3,0,0,0,0,0,0,1,0,0
-8,10,0,0,0,0,0,0,0,0,1
-5,0,0,0,0,0,0,0,0,0,2
-9,14,0,0,0,0,0,0,0,0,1
4,14,1,0,0,0,1,0,0,1,1
-10,-4,0,0,0,0,0,0,0,0,0
-7,-2,0,0,0,0,0,0,0,0,0
-5,-5,0,1,0,0,0,0,0,0,0
-2,-11,0,0,0,0,0,0,0,0,0
-5,-4,0,0,0,0,0,0,0,0,0
-6,-4,0,0,0,0,0,0,0,0,0
-6,11,0,0,0,0,0,0,1,0,1
-23,-2,0,0,0,0,0,1,0,0,0
13,-13,0,0,0,0,0,0,0,0,0
7,-18,0,1,0,0,0,0,0,1,0
-1,-3,0,0,0,0,0,0,0,0,0
7,-1,0,0,0,0,0,0,0,0,0
0,-4,0,0,0,0,0,0,0,0,0
8,5,0,0,0,0,0,0,0,0,1
17,13,1,0,0,0,0,0,0,1,1
7,-3,0,0,0,0,0,0,0,0,0
10,-1,0,0,0,0,0,0,0,0,0
-13,11,0,0,0,0,0,0,0,0,1
3,-6,0,0,0,0,0,0,0,0,0
-19,9,0,0,0,0,0,0,0,0,1
-8,-1,0,0,0,0,0,0,0,0,0
17,2,0,0,0,0,0,0,0,0,1
-3,7,0,0,0,0,0,0,0,0,1
-9,5,1,0,0,0,0,0,0,0,1
-20,12,0,0,0,0,0,0,1,1,1
17,4,0,0,0,0,0,0,0,0,1
-1,7,1,0,0,0,0,0,0,0,1
13,16,1,0,0,0,0,0,0,1,1
-7,-5,0,0,0,0,0,0,0,0,0
-1,-13,0,0,0,0,0,0,0,0,0
-14,-13,0,1,0,0,0,0,0,0,0
-19,3,0,0,0,0,0,0,0,0,1
16,11,0,0,1,0,0,0,0,0,1
-12,-10,0,0,0,1,0,0,0,0,0
-4,-3,0,0,0,0,0,0,0,0,0
-7,-16,0,0,0,0,0,0,1,0,0
9,-8,0,0,0,0,0,0,0,0,0
-5,2,0,0,0,0,0,0,0,0,1
-2,6,0,0,0,0,0,0,0,0,1
-25,12,0,0,0,1,0,0,1,0,1
-7,5,0,0,0,1,1,0,0,0,1
25,3,0,0,0,0,0,0,0,1,1
-3,1,0,0,0,0,0,0,1,0,1
-2,2,0,0,0,0,0,0,0,0,1
4,-11,0,0,0,0,0,0,0,0,0
1,-7,0,0,0,0,0,0,0,0,0
-4,-3,0,0,0,0,0,0,0,0,0
-9,6,0,0,0,0,0,1,1,0,0
-18,4,0,0,0,0,0,0,0,0,1
15,-13,0,0,0,0,0,0,0,0,0
-11,-1,0,1,0,0,0,1,0,0,0
-14,5,0,0,0,0,0,0,0,0,1
3,0,0,0,1,0,0,0,0,0,3
0,-15,0,0,0,0,0,0,1,0,0
13,4,0,0,0,0,0,0,0,0,1
15,4,0,0,0,0,0,0,0,0,1
12,-1,0,0,0,0,1,0,0,0,3
5,10,0,0,0,0,0,1,1,0,3
15,6,0,0,0,0,0,0,0,0,1
1,-9,0,0,0,0,0,0,0,0,0
1,-15,0,0,0,0,0,0,0,0,0
-14,9,0,0,0,1,0,0,0,0,1
-12,3,0,0,0,0,0,0,0,0,1
10,1,0,0,0,0,0,1,0,0,3
-21,-10,0,0,0,0,1,0,0,0,2
-7,-4,0,0,0,0,0,0,0,0,0
2,-5,0,0,0,0,0,0,0,0,0
-2,-9,0,0,0,0,0,0,1,0,0
-2,3,0,0,0,1,0,0,1,0,1
2,6,0,0,0,0,0,0,0,0,1
-13,-1,0,0,0,0,0,0,0,0,0
-8,11,0,0,0,0,1,1,1,0,3
17,-5,0,0,0,0,0,0,0,0,0
6,2,0,0,0,0,0,0,0,0,1
-8,-14,0,0,0,0,0,0,0,0,0
-3,-10,0,1,0,0,0,1,0,1,0
5,6,0,0,0,0,0,0,0,0,1
-2,5,0,0,0,0,0,0,0,0,1
-11,-4,0,0,0,0,0,1,0,0,0
-6,-4,0,0,0,0,1,0,0,0,2
27,-4,0,0,1,0,1,0,0,0,3
-3,-15,0,0,0,0,0,0,0,0,0
-10,-5,0,0,0,0,1,0,0,0,2
2,8,0,0,0,0,0,0,0,0,1
22,4,0,0,0,0,0,0,0,0,1
6,0,0,0,0,0,0,0,0,0,3
-11,-16,0,0,0,0,0,0,1,0,0
-9,-5,0,0,0,0,0,0,0,0,0
4,0,0,0,0,0,0,0,0,0,3
11,6,0,0,0,0,0,0,0,0,1
18,12,0,0,0,0,0,0,0,0,1
-11,-8,0,0,0,0,0,0,0,0,0
-24,-3,0,0,0,1,0,0,1,0,0
16,11,0,0,0,0,0,0,0,0,1
-6,-1,0,1,0,0,0,0,0,0,0
5,-5,0,0,0,0,0,0,0,0,0
-9,-9,0,0,0,0,0,0,0,0,0
5,5,0,0,1,0,1,0,0,0,1
1,-4,0,0,0,0,0,1,0,0,0
-8,-12,0,0,0,0,0,0,0,1,0
2,-1,0,0,0,0,0,0,0,0,0
15,-4,0,0,1,0,0,0,0,0,0
8,8,0,0,0,0,0,0,0,0,1
8,4,0,0,0,0,0,0,0,0,1
4,-4,0,0,0,0,0,0,0,0,0
6,4,0,0,0,0,0,0,0,1,1
3,-12,0,1,0,0,0,0,0,0,0
6,4,0,0,0,0,0,0,0,1,1
-10,14,0,0,0,0,0,0,0,0,1
-5,-1,0,1,0,0,0,0,0,0,0
-15,-8,0,0,0,0,0,1,0,0,0
11,2,1,0,0,0,0,0,0,0,1
1,5,0,0,0,0,0,0,0,0,1
-3,3,0,0,0,0,0,0,0,0,1
5,3,0,0,0,0,0,0,1,1,1
-2,-16,0,0,0,0,0,0,0,0,0
-4,-5,0,0,0,0,0,0,0,0,0
3,-9,0,0,0,0,0,0,1,0,0
-15,1,0,0,0,0,0,0,0,0,1
11,2,0,0,0,0,0,1,0,0,3
9,-2,0,0,0,0,0,0,0,0,0
-17,-10,0,0,0,0,0,0,0,0,0
-5,-7,0,0,0,0,0,0,0,0,0
-11,11,0,0,0,0,0,0,0,0,1
14,-11,0,0,0,0,0,0,0,0,0
5,2,0,0,0,0,0,0,0,0,1
-1,8,0,0,0,1,0,0,0,0,1
16,-7,0,0,0,0,0,0,0,0,0
3,-3,0,0,0,0,0,0,0,0,0
2,2,0,0,0,0,0,0,0,0,1
-10,4,0,0,0,0,0,0,0,0,1
-16,9,0,0,0,0,0,0,1,0,1
3,4,0,0,0,0,0,0,0,0,1
-3,10,0,0,0,0,0,0,0,0,1
10,5,0,0,0,0,0,0,0,0,1
-12,9,1,0,0,0,0,0,0,0,1
-12,-2,0,0,0,0,1,0,0,0,2
1,7,0,0,0,0,0,0,0,0,1
4,10,1,0,0,0,0,0,0,0,1
15,-7,0,0,0,0,0,0,0,0,0
6,17,0,0,0,0,0,0,1,0,1
-5,-4,0,0,0,0,0,1,0,0,0
10,-3,0,0,0,0,0,0,1,0,0
-12,-12,0,0,0,0,0,0,0,0,0
-5,-2,0,0,0,0,0,0,1,0,0
0,8,0,0,0,0,0,0,0,0,1
15,0,0,0,0,0,0,0,0,0,3
-6,0,0,0,0,0,0,0,0,0,2
3,7,0,0,0,0,0,1,0,1,0
1,-1,0,0,0,0,0,0,0,0,0
-24,-8,0,0,0,1,0,0,0,0,0
23,8,0,0,0,0,0,0,0,0,1
-8,6,0,0,0,0,0,0,0,0,1
7,8,0,0,1,0,0,0,0,0,1
0,3,0,0,0,0,0,0,0,0,1
8,14,0,0,0,0,0,0,0,0,1
3,-13,0,0,0,0,0,0,0,0,0
19,5,0,0,0,0,0,0,0,0,1
2,3,0,0,0,0,0,0,0,1,1
15,7,0,0,0,0,0,0,0,0,1
6,0,0,0,0,0,0,0,0,0,3
0,-5,0,0,0,1,0,0,0,0,0
3,-10,0,0,0,0,1,0,0,0,3
6,-4,0,0,0,0,0,0,0,0,0
0,8,0,0,0,0,0,0,0,0,1
12,-15,0,0,0,0,1,0,0,1,1
5,9,0,0,0,0,0,1,0,0,3
4,-14,0,0,0,0,0,0,0,1,0
3,-7,0,0,0,0,0,0,1,0,0
0,9,0,0,0,0,0,0,0,0,1
10,4,0,0,0,0,0,0,0,0,1
-10,-16,0,1,0,0,0,0,0,0,0
-2,1,0,0,0,0,0,0,0,1,1
-8,1,0,0,0,1,0,0,0,0,1
0,-9,0,0,0,0,0,0,0,0,0
-11,9,0,0,0,0,0,0,1,0,1
12,2,0,0,0,0,0,0,0,0,1
-10,12,0,0,0,0,0,0,0,0,1
-18,-13,0,0,0,0,0,0,0,0,0
11,2,0,0,0,0,0,0,0,0,1
7,-12,0,0,0,0,0,0,0,0,0
-23,9,0,0,0,0,0,0,0,0,1
3,-4,0,0,0,0,0,1,0,0,0
2,13,1,0,0,0,0,0,0,0,1
-23,0,0,0,0,1,0,0,1,0,0
8,13,0,0,0,0,0,0,0,0,1
-22,-6,0,0,0,0,0,0,0,0,0
-18,-10,0,0,0,0,0,0,0,1,0
7,-10,0,1,0,0,0,0,0,0,0
15,-10,0,0,0,0,0,0,0,0,0
-11,-6,0,0,0,0,0,0,0,1,0
-12,0,0,0,0,0,0,0,0,0,2
-5,-2,0,0,0,0,0,0,0,0,0
4,3,0,0,0,0,0,0,0,0,1
-8,-11,0,0,0,0,0,0,0,0,0
-7,-2,0,0,0,0,0,0,0,0,0
-7,-6,0,0,0,0,0,0,0,0,0
11,-14,0,1,0,0,0,0,0,0,0
-2,3,0,0,0,0,1,0,0,0,1
12,13,1,0,0,0,0,0,0,0,1
4,-16,0,0,0,0,0,0,0,0,0
-5,-16,0,1,0,0,0,0,0,0,0
23,-2,0,0,0,0,0,0,0,0,0
0,0,0,0,0,0,0,0,1,0,0
-13,6,0,0,0,0,0,0,0,0,1
-5,1,0,0,0,0,0,0,1,0,1
-4,-5,0,0,0,0,0,0,0,0,0
-10,10,0,0,0,0,0,0,0,0,1
14,15,1,0,0,0,0,1,0,0,3
-5,-9,0,0,0,0,0,0,0,0,0
-17,-3,0,0,0,0,0,0,0,0,0
-9,-9,0,0,0,1,0,0,0,0,0
-8,2,0,0,0,0,0,0,0,0,1
-24,-2,0,1,0,0,1,0,1,0,3
5,8,0,0,0,0,0,0,0,0,1
-17,4,0,0,0,0,0,0,0,0,1
3,5,0,0,0,0,1,0,0,0,1
-13,13,0,0,0,0,0,0,0,0,1
-2,0,0,0,0,0,0,0,0,0,2
3,3,0,0,0,0,0,0,0,0,1
-13,5,0,0,0,0,0,0,0,0,1
-24,7,0,0,0,0,0,0,0,0,1
24,6,0,0,0,0,0,1,1,0,3
-6,3,0,0,0,0,0,0,0,0,1
16,-2,0,0,0,0,0,0,0,0,0
-18,0,0,0,0,0,0,0,0,1,2
14,11,0,0,0,0,0,1,0,0,3
-3,-2,0,0,0,0,0,0,0,0,0
19,-8,0,0,0,0,0,0,0,0,0
-2,17,0,0,0,0,0,0,0,0,1
4,12,0,0,0,0,0,0,0,1,1
-9,2,0,0,0,0,0,0,0,0,1
2,-5,0,0,0,0,0,1,0,1,0
-8,-9,0,0,0,0,1,0,0,0,2
7,13,0,0,1,0,0,0,0,0,1
5,5,0,0,0,0,0,0,0,0,1
-5,2,0,0,0,0,0,0,0,1,1
-8,-3,0,0,0,0,0,0,0,0,0
24,-6,0,0,1,0,0,0,0,0,0
-1,2,0,0,0,0,0,0,0,0,1
1,-6,0,0,0,0,0,0,1,0,0
5,12,0,0,0,0,0,0,0,0,1
10,-11,0,0,0,0,1,0,0,0,3
-6,-9,0,0,0,0,0,0,0,0,0
-10,2,0,0,0,0,0,0,0,0,1
7,-2,0,0,0,0,0,0,0,0,0
1,9,0,0,0,0,0,0,0,0,1
-3,-1,0,0,0,0,0,1,0,1,0
-11,-7,0,0,0,0,0,0,0,0,0
-2,-1,0,0,0,0,0,0,0,0,0
2,6,0,0,0,0,0,0,1,0,1
12,-8,0,0,0,0,1,0,1,0,3
9,-1,0,0,0,0,0,0,1,0,0
-4,5,0,0,0,0,0,0,0,0,1
4,4,0,0,0,0,0,0,0,0,1
6,-1,0,0,0,0,0,0,0,0,0
18,13,0,0,1,0,0,0,0,0,1
13,-3,0,0,0,0,0,0,0,0,0
11,-13,0,0,0,0,1,0,0,0,3
4,-15,0,0,0,0,0,0,0,0,0
-6,-13,0,0,0,0,0,0,0,0,0
13,4,0,0,0,0,1,0,0,0,1
23,6,0,0,0,0,0,0,0,0,1
-20,-6,0,0,0,0,0,0,0,0,0
11,6,0,0,1,0,0,0,0,0,1
-7,7,0,0,0,0,1,0,0,0,1
5,9,0,0,0,0,0,0,0,0,1
-2,-3,0,0,0,0,1,0,0,0,2
7,-10,0,1,0,0,0,0,0,0,0
5,-2,0,0,0,0,0,0,0,0,0
9,14,0,0,0,0,0,0,0,0,1
-4,8,0,0,0,0,0,0,0,0,1
19,-8,0,0,0,0,0,0,0,0,0
5,-6,0,0,0,0,0,0,0,0,0
-17,6,1,0,0,0,0,0,0,0,1
9,-1,0,0,0,0,0,0,0,0,0
-17,-1,0,0,0,0,0,0,0,0,0
-5,1,0,0,0,0,0,0,0,1,1
-16,-2,0,0,0,0,0,0,0,1,0
12,0,0,0,0,0,0,0,0,0,3
-4,16,1,0,0,0,0,0,0,0,1
8,-15,0,0,0,0,1,0,0,0,3
-10,-7,0,0,0,0,0,0,1,0,0
-18,7,0,0,0,0,0,0,0,0,1
-20,-3,0,0,0,0,0,0,0,0,0
16,-14,0,0,0,0,0,0,0,1,0
0,-5,0,0,0,0,0,0,0,0,0
-18,-11,0,1,0,0,0,0,0,0,0
-9,-4,0,0,0,0,0,0,0,0,0
2,0,0,0,0,0,0,0,0,0,3
-15,3,0,0,0,0,0,0,0,0,1
-7,-7,0,0,0,0,0,0,0,1,0
0,8,0,0,0,0,0,0,0,0,1
1,-6,0,0,0,0,0,0,0,1,0
13,5,0,0,0,0,0,0,0,0,1
-2,7,0,0,0,0,0,0,0,0,1
16,-9,0,0,0,0,0,0,1,1,0
-1,2,0,0,0,0,0,1,0,0,2
23,-7,0,0,0,0,0,0,0,0,0
15,-6,0,0,0,0,0,0,1,0,0
9,9,0,0,0,0,0,0,0,0,1
1,-15,0,1,0,0,0,0,0,0,0
-15,10,0,0,0,0,0,0,0,0,1
5,-9,0,0,0,0,0,1,1,0,0
-6,-2,0,0,0,0,0,0,0,0,0
16,9,0,0,0,0,0,0,0,0,1
-7,-8,0,0,0,0,1,1,0,0,2
-22,3,0,0,0,0,0,0,0,0,1
24,8,0,0,1,0,0,1,0,0,3
11,-4,0,0,0,0,0,0,0,0,0
9,-4,0,0,0,0,0,0,1,0,0
1,14,1,0,0,0,0,0,0,1,1
23,-4,0,0,0,0,0,0,0,0,0
-6,8,1,0,0,0,0,0,0,0,1
26,9,0,0,0,0,0,0,0,0,1
-4,3,0,0,0,0,0,0,0,0,1
7,6,0,0,0,0,0,0,0,0,1
-10,-2,0,0,0,0,0,0,0,0,0
27,-12,0,0,1,0,0,0,0,0,0
18,-1,0,0,0,0,0,0,0,0,0
10,3,0,0,0,0,0,0,0,0,1
-1,6,0,0,0,0,0,0,0,0,1
-25,0,0,0,0,0,1,0,1,0,1
13,-13,0,0,0,0,0,0,0,0,0
16,-6,0,0,1,0,0,0,0,0,0
-3,6,0,0,0,0,0,0,0,0,1
15,10,0,0,0,0,0,0,0,0,1
-8,-3,0,0,0,0,0,1,1,0,0
-18,13,0,0,0,0,1,1,0,0,2
-2,-3,0,0,0,0,0,0,0,0,0
2,-4,0,0,0,0,0,0,0,0,0
2,10,0,0,0,0,0,0,1,0,1
-19,-9,0,0,0,0,0,0,0,0,0
12,-10,0,0,0,0,0,1,0,1,0
-7,1,0,0,0,0,0,0,0,0,1
-6,0,0,0,0,0,0,0,0,0,2
11,13,0,0,0,0,0,1,0,0,3
-1,1,0,0,0,0,0,0,0,0,1
-26,12,0,0,0,0,0,0,0,0,1
2,7,0,0,0,0,0,0,0,0,1
11,8,0,0,0,0,0,0,0,0,1
9,8,0,0,0,0,0,0,0,0,1
-3,13,0,0,0,0,0,0,0,0,1
13,-16,0,1,0,0,0,0,0,0,0
-1,2,0,0,0,0,0,0,0,0,1
-7,2,0,0,0,1,0,0,0,0,1
-22,-13,0,0,0,0,0,0,0,0,0
-12,-3,0,0,0,0,0,0,0,0,0
-18,-6,0,0,0,0,0,0,0,0,0
17,-11,0,0,0,0,0,0,0,0,0
-22,10,0,0,0,1,0,0,0,0,1
14,8,0,0,1,0,0,0,0,0,1
16,-3,0,0,0,0,0,1,0,0,0
-10,17,1,0,0,0,0,0,0,0,1
-6,-4,0,0,0,0,0,0,0,0,0
20,18,1,0,0,0,0,0,0,0,1
-19,-1,0,0,0,0,0,0,0,0,0
-1,-8,0,0,0,0,0,0,0,0,0
10,-12,0,0,0,0,0,0,0,0,0
12,-15,0,0,0,0,0,0,0,0,0
14,3,0,0,0,0,0,1,0,0,3
-21,-12,0,0,0,0,0,0,0,0,0
3,-4,0,0,0,0,0,0,0,0,0
-24,1,0,0,0,0,0,0,0,0,1
-1,-2,0,0,0,0,0,0,0,0,0
-20,13,0,0,0,0,0,0,1,0,1
17,7,0,0,0,0,0,0,0,0,1
-24,6,0,0,0,1,0,1,0,1,2
-11,-15,0,1,0,0,0,0,0,0,0
5,-2,0,0,0,0,0,0,0,0,0
6,-2,0,0,0,0,0,0,0,0,0
-17,9,1,0,0,0,0,0,0,0,1
-3,-6,0,0,0,0,0,0,0,0,0
5,9,0,0,0,0,0,0,0,0,1
-16,6,0,0,0,0,0,1,0,0,2
17,0,0,0,0,0,1,0,0,0,3
-4,6,0,0,0,0,0,0,1,0,1
18,2,0,0,0,0,0,0,0,0,1
15,14,0,0,0,0,1,0,0,0,1
-1,-6,0,0,0,0,0,0,0,0,0
25,-10,0,0,0,0,0,0,0,0,0
-19,-3,0,0,0,0,0,0,0,1,0
6,2,0,0,0,0,1,0,0,0,1
-2,-6,0,0,0,0,0,0,0,0,0
0,5,0,0,0,0,0,0,0,0,1
-18,-9,0,0,0,0,0,0,0,0,0
-2,-12,0,0,0,0,0,0,0,0,0
4,-15,0,0,0,0,1,1,0,0,3
-2,-1,0,0,0,0,0,0,0,0,0
-24,18,1,0,0,0,0,0,0,0,1
7,-3,0,0,0,0,0,1,0,0,0
5,5,1,0,1,0,0,0,0,1,1
12,3,0,0,0,0,0,0,0,0,1
-2,-13,0,0,0,0,0,0,0,0,0
11,0,0,0,0,0,1,1,0,0,3
-8,-1,0,0,0,0,0,0,0,0,0
7,4,0,0,0,0,0,0,0,0,1
4,1,0,1,0,0,1,1,0,0,3
-7,-1,0,0,0,0,0,0,0,1,0
5,-6,0,0,0,0,0,0,0,0,0
-12,10,1,0,0,0,0,0,0,0,1
-14,-15,0,1,0,0,0,0,0,0,0
-16,11,0,0,0,0,0,0,0,0,1
25,7,0,0,1,0,0,0,0,0,1
3,-5,0,0,0,0,0,0,0,0,0
-4,11,0,0,0,0,0,0,1,0,1
5,-3,0,0,0,0,0,0,0,1,0
-4,1,0,0,0,0,0,0,0,0,1
-24,-11,0,1,0,0,0,0,0,0,0
-22,-6,0,0,0,0,0,0,0,1,0
-21,-3,0,0,0,0,0,0,0,0,0
-11,0,0,0,0,0,0,0,0,0,2
7,5,0,0,0,0,1,1,0,1,2
22,15,1,0,0,0,0,1,0,0,3
12,2,0,0,0,0,0,0,0,0,1
3,12,0,0,0,0,0,0,1,0,1
-15,-17,0,1,0,0,1,0,0,0,2
-13,-10,0,0,0,0,0,1,0,0,0
-25,-6,0,0,0,1,0,0,1,0,0
12,-5,0,0,0,0,0,0,0,0,0
12,6,0,0,0,0,0,0,0,0,1
4,-11,0,0,0,0,0,0,0,0,0
-4,13,0,0,0,0,0,0,0,0,1
4,-5,0,0,0,0,0,0,0,0,0
9,-8,0,0,0,0,0,0,0,0,0
-18,-10,0,0,0,0,0,0,1,0,0
4,3,0,0,0,0,0,0,0,0,1
6,3,0,0,0,0,0,1,0,0,3
-10,-13,0,0,0,0,0,0,0,0,0
-9,0,0,0,0,0,0,0,0,1,2
7,3,0,0,0,0,0,0,0,0,1
-17,13,0,0,0,0,0,0,0,0,1
4,-17,0,0,0,0,0,0,0,1,0
0,0,0,0,0,0,1,0,0,0,1
-7,-7,0,0,0,0,0,0,0,0,0
7,18,1,0,0,0,0,0,0,0,1
-22,-7,0,0,0,0,1,0,0,0,2
-2,-10,0,1,0,0,1,0,0,0,2
-12,-14,0,0,0,0,0,0,0,0,0
23,-12,0,0,1,0,0,0,0,0,0
0,-12,0,0,0,0,0,0,0,0,0
25,-2,0,0,1,0,0,0,0,0,0
6,-12,0,1,0,0,0,0,0,0,0
-7,5,1,0,0,0,0,0,0,0,1
6,13,1,0,0,0,0,0,0,0,1
-1,-9,0,0,0,0,0,0,0,1,0
25,-5,0,0,0,0,0,0,1,0,0
4,15,0,0,0,0,0,0,0,0,1
7,0,0,0,0,0,1,0,0,0,3
7,2,0,0,0,0,0,1,0,0,3
2,-7,0,0,0,0,0,0,0,0,0
10,5,0,0,0,0,0,0,0,0,1
17,2,0,0,0,0,0,0,0,0,1
-1,-5,0,1,0,0,0,0,0,0,0
5,-7,0,0,1,0,0,0,0,0,0
5,-5,0,0,0,0,1,0,1,0,3
-4,-3,0,0,0,0,0,0,0,0,0
8,9,0,0,0,0,0,0,0,0,1
-3,-8,0,0,0,0,0,0,0,0,0
0,1,0,0,0,0,0,0,0,0,1
-5,-4,0,0,0,0,0,0,0,0,0
-3,15,0,0,0,0,0,0,0,0,1
-7,-1,0,0,0,0,1,0,0,0,2
14,-4,0,0,0,0,0,0,0,0,0
7,10,0,0,0,0,0,0,0,0,1
0,3,0,0,0,0,0,0,0,0,1
14,2,0,0,0,0,0,0,0,0,1
20,2,0,0,0,0,0,0,0,0,1
20,-13,0,0,0,0,0,0,0,1,0
-18,-3,0,0,0,0,0,0,0,0,0
17,-1,0,0,0,0,1,0,1,0,3
-14,-5,0,0,0,0,0,0,0,0,0
-6,-10,0,0,0,0,1,0,0,0,2
0,2,1,0,0,0,0,0,1,0,1
4,3,0,0,0,0,0,0,1,0,1
-2,2,0,0,0,0,0,0,1,0,1
15,0,0,0,0,0,0,0,0,0,3
-16,6,0,0,0,0,0,1,0,0,2
-22,-5,0,0,0,0,1,0,0,0,2
6,2,0,0,0,0,0,1,0,0,3
4,14,0,0,0,0,0,0,0,0,1
12,-7,0,0,0,0,0,0,0,0,0
-2,-6,0,0,0,0,0,1,0,0,0
6,2,0,0,0,0,0,0,0,0,1
-27,-4,0,0,0,1,0,0,0,0,0
17,3,0,0,0,0,0,0,0,0,1
-10,-5,0,0,0,0,0,0,0,0,0
-15,4,0,0,0,0,0,0,0,0,1
5,-4,0,0,1,0,0,0,0,0,0
-2,9,0,0,0,0,0,0,0,0,1
8,6,0,0,0,0,0,0,0,0,1
2,-2,0,0,0,0,0,0,1,0,0
10,-2,0,0,0,0,0,1,0,0,0
1,0,0,0,0,0,0,0,0,0,3
10,10,1,0,0,0,0,0,0,0,1
3,8,0,0,0,0,0,0,0,0,1
-2,3,0,0,0,0,0,0,0,0,1
10,-7,0,0,0,0,0,0,0,0,0
21,3,0,0,0,0,0,0,0,0,1
-10,6,0,0,0,0,1,0,0,0,1
-14,-3,0,0,0,0,0,0,0,1,0
-24,11,1,0,0,0,0,0,0,0,1
-19,-7,0,0,0,0,0,0,0,0,0
0,2,0,0,0,0,0,0,0,1,1
5,-10,0,0,0,0,0,0,0,0,0
-16,18,1,0,0,0,0,0,1,1,1
-14,-10,0,0,0,0,0,0,0,0,0
13,0,0,0,0,0,0,0,1,0,3
1,2,0,0,0,0,0,0,0,0,1
12,1,0,0,0,0,0,0,0,0,1
27,-9,0,0,0,0,0,0,0,0,0
23,15,0,0,1,0,0,0,0,0,1
-12,-12,0,0,0,0,0,1,0,0,0
10,11,0,0,0,0,1,0,0,0,1
-19,-3,0,0,0,0,0,0,0,0,0
9,9,0,0,0,0,0,0,0,0,1
-8,-12,0,0,0,0,1,0,0,0,2
14,0,0,0,0,0,0,0,0,0,3
0,-10,0,0,0,0,0,0,1,1,0
-9,10,0,0,0,0,0,0,0,0,1
-6,-5,0,1,0,0,0,0,1,0,0
8,-1,0,0,0,0,0,0,0,1,0
-11,5,0,0,0,0,0,0,0,0,1
-10,13,1,0,0,0,0,0,0,0,1
5,11,0,0,0,0,0,0,0,0,1
18,-12,0,0,0,0,0,0,0,0,0
7,4,0,0,0,0,0,0,0,0,1
9,1,0,0,0,0,0,0,0,0,1
9,-1,0,0,0,0,0,0,0,0,0
16,-15,0,1,0,0,0,0,0,0,0
-9,8,0,0,0,1,0,0,0,0,1
-6,-13,0,0,0,0,0,0,0,0,0
9,-1,0,0,0,0,0,0,0,0,0
16,-5,0,0,0,0,0,0,0,0,0
10,3,1,0,0,0,0,0,1,0,1
-6,12,0,0,0,0,0,0,0,0,1
-16,7,0,0,0,0,0,1,0,0,2
16,12,0,0,0,0,1,0,0,1,1
12,1,0,1,0,0,0,0,0,0,3
4,-4,0,0,0,0,0,0,0,0,0
6,-9,0,0,0,0,0,0,0,0,0
23,9,1,0,0,0,0,1,1,0,3
-15,-17,0,1,0,0,1,0,0,0,2
12,13,0,0,0,0,1,0,0,0,1
0,-6,0,0,0,0,0,0,0,0,0
-12,-2,0,0,0,0,0,0,0,1,0
-1,-3,0,0,0,0,0,0,1,0,0
-25,-5,0,0,0,1,0,0,1,0,0
6,1,0,1,0,0,0,0,0,0,3
-27,-13,0,0,0,1,1,0,0,0,2
-7,-10,0,0,0,0,0,0,0,0,0
-12,-1,0,0,0,0,0,0,1,0,0
18,14,0,0,1,0,0,0,0,0,1
12,10,1,0,1,0,0,0,0,0,1
15,-6,0,0,0,0,0,0,0,0,0
-6,0,0,0,0,0,0,0,0,0,2
23,-6,0,0,1,0,0,0,0,0,0
14,-17,0,1,0,0,0,0,1,0,0
3,-5,0,0,0,0,0,0,0,0,0
5,-1,0,0,0,0,0,0,0,0,0
-4,-11,0,0,0,0,0,0,0,0,0
-12,10,0,0,0,0,0,0,0,1,1
-10,-8,0,0,0,0,0,0,0,0,0
-8,-1,0,0,0,0,0,0,0,0,0
8,-10,0,0,0,0,0,0,0,0,0
-17,-6,0,0,0,0,0,0,0,0,0
-7,1,0,0,0,0,0,0,0,0,1
1,-6,0,0,0,0,0,0,0,0,0
5,7,0,0,0,0,0,0,1,0,1
9,-9,0,0,0,0,1,0,0,0,3
7,-14,0,0,0,0,0,0,1,0,0
7,7,0,0,0,0,0,0,0,0,1
-24,3,0,0,0,0,0,0,0,0,1
6,2,0,0,0,0,0,0,0,0,1
6,15,0,0,0,0,0,0,0,1,1
-7,-8,0,0,0,0,0,0,0,0,0
5,14,1,0,0,0,0,0,0,0,1
-10,-5,0,0,0,0,1,0,0,0,2
10,-9,0,0,0,0,0,0,0,0,0
-7,12,0,0,0,0,0,1,0,0,2
-19,-11,0,0,0,0,0,1,0,0,0
-5,7,0,0,0,0,0,0,0,0,1
22,6,0,0,0,0,0,0,0,0,1
5,-4,0,0,0,0,0,0,1,0,0
8,-10,0,0,0,0,0,0,1,0,0
-6,12,0,0,0,0,0,0,0,0,1
10,1,0,0,0,0,0,0,0,0,1
21,1,0,0,0,0,0,0,0,0,1
-2,12,0,0,0,0,0,0,0,0,1
1,1,0,0,0,0,0,0,0,0,1
21,-4,0,0,1,0,1,0,0,0,3
9,6,0,0,0,0,1,1,0,0,3
14,-6,0,0,0,0,0,0,0,0,0
-3,-11,0,0,0,0,0,0,1,0,0
13,-4,0,0,0,0,0,0,0,0,0
9,-1,0,0,0,0,0,0,0,0,0
-18,-1,0,0,0,0,0,0,0,0,0
-8,-5,0,1,0,0,0,0,0,0,0
-4,0,0,0,0,0,0,0,0,0,2
-18,15,0,0,0,0,0,0,0,0,1
18,4,0,0,0,0,0,0,0,0,1
14,6,0,0,0,0,0,0,0,0,1
13,0,0,0,0,0,0,0,0,0,3
0,8,0,0,0,1,1,0,0,0,1
11,-2,0,0,0,0,0,0,0,1,0
-14,1,0,0,0,0,0,0,0,0,1
18,-2,0,0,0,0,0,1,0,0,0
-5,0,0,0,0,0,0,0,0,1,2
-10,10,0,0,0,0,0,0,0,0,1
-5,-4,0,0,0,0,0,0,0,0,0
-21,15,1,0,0,0,0,0,0,0,1
7,3,0,0,0,0,0,0,0,0,1
7,-9,0,0,0,0,0,0,0,0,0
13,-8,0,0,0,0,1,0,0,0,3
23,7,0,0,0,0,0,0,0,0,1
16,-2,0,0,1,0,1,0,0,0,3
2,-7,0,0,0,0,0,0,0,0,0
20,3,0,0,0,0,0,0,0,0,1
-10,12,0,0,0,0,0,0,0,0,1
0,4,0,0,0,0,0,0,0,0,1
18,0,0,0,1,0,0,0,0,0,3
-27,-6,0,0,0,0,0,0,0,0,0
-1,10,0,0,0,0,0,0,0,0,1
15,-6,0,0,0,0,0,0,0,0,0
12,-10,0,1,0,0,0,1,0,0,0
22,3,0,0,1,0,1,0,0,0,1
-1,-15,0,1,0,0,0,0,0,1,0
0,-12,0,0,1,0,0,0,0,0,0
-13,6,1,0,0,0,0,0,0,0,1
1,-13,0,0,0,0,0,1,0,0,0
9,-3,0,0,0,0,0,0,0,0,0
23,-16,0,0,0,0,0,0,0,0,0
1,-4,0,0,0,0,0,0,0,0,0
7,5,0,0,0,0,0,0,0,0,1
-12,-10,0,1,0,0,0,0,0,0,0
-6,-2,0,0,0,0,0,0,0,0,0
6,0,0,0,0,0,0,0,1,1,0
-5,8,0,0,0,0,0,0,1,0,1
2,-8,0,0,0,0,0,0,0,1,0
12,1,0,0,0,0,0,0,0,0,1
-12,11,0,0,0,0,0,1,0,0,2
0,-4,0,0,0,0,0,0,1,1,0
2,-8,0,1,0,0,0,0,0,0,0
0,-13,0,0,0,0,0,0,0,0,0
7,9,0,0,0,0,0,0,0,0,1
8,1,0,0,0,0,0,0,0,0,1
-6,-3,0,0,0,0,0,0,0,0,0
12,-14,0,0,0,0,0,0,0,0,0
3,0,0,0,0,0,0,0,0,1,0
3,-10,0,0,0,0,0,0,0,0,0
-15,-1,0,0,0,0,0,0,0,1,0
-4,-13,0,0,0,0,0,0,0,0,0
2,15,0,0,0,0,0,0,0,0,1
-2,-5,0,0,0,0,0,0,0,0,0
18,2,0,0,0,0,0,0,0,0,1
-8,9,0,0,0,0,0,0,0,0,1
24,1,0,0,0,0,0,0,0,0,1
10,2,0,0,0,0,0,0,0,0,1
14,-4,0,0,0,0,0,0,0,0,0
9,-13,0,0,0,0,0,0,0,0,0
0,-6,0,0,0,0,0,0,0,1,0
21,-11,0,0,0,0,0,0,0,0,0
8,6,0,0,0,0,0,0,0,0,1
-10,-6,0,0,0,0,0,0,0,0,0
-9,-1,0,0,0,0,0,0,0,0,0
24,-11,0,0,0,0,0,0,0,0,0
24,3,1,0,0,0,0,0,0,1,1
-4,0,0,0,0,0,0,0,0,0,2
11,9,0,0,0,0,0,0,0,0,1
10,17,1,0,0,0,0,0,0,0,1
8,1,0,0,0,0,0,0,0,0,1
-5,0,0,0,0,0,0,0,0,0,2
-9,4,0,0,0,0,0,0,0,0,1
-2,0,0,0,0,0,0,0,1,0,0
-10,-8,0,0,0,0,1,1,0,0,2
-3,-10,0,0,0,0,0,0,0,0,0
-10,-3,0,0,0,0,0,0,0,0,0
1,15,0,0,0,0,0,0,0,0,1
-9,8,0,0,0,0,0,0,1,1,1
13,11,0,0,0,0,0,0,0,0,1
-1,-2,0,0,0,0,0,0,0,0,0
-13,-1,0,1,0,1,0,0,0,0,0
7,-11,0,0,0,0,0,0,0,0,0
5,9,0,0,0,0,0,0,0,0,1
6,14,0,0,0,0,0,1,0,0,3
1,4,0,0,0,0,0,0,0,0,1
16,-1,0,0,0,0,0,0,0,0,0
-15,-3,0,0,0,0,0,0,0,0,0
9,6,0,0,0,0,0,0,0,0,1
-1,10,0,0,0,0,0,0,0,0,1
-13,5,0,0,0,0,1,0,1,0,1
-1,3,0,0,0,0,0,0,0,0,1
-5,-1,0,0,0,0,0,0,0,0,0
12,7,0,0,0,0,0,0,0,0,1
-2,3,0,0,0,0,0,1,0,0,2
3,-1,0,0,0,0,0,0,0,0,0
15,-12,0,0,0,0,0,0,0,0,0
7,5,0,0,0,0,0,0,0,0,1
-3,13,0,0,0,0,0,0,1,0,1
16,-3,0,0,0,0,0,0,0,0,0
0,-4,0,0,0,0,1,0,0,0,1
-20,-10,0,1,0,0,0,0,0,0,0
25,-1,0,0,0,0,0,0,0,0,0
-16,-5,0,0,0,1,0,0,0,0,0
-14,3,0,0,0,0,0,0,0,0,1
-17,-2,0,0,0,0,0,0,0,0,0
-3,11,0,0,0,0,0,0,0,0,1
13,6,0,0,0,0,0,0,0,0,1
-8,3,0,0,0,0,0,0,0,0,1
-1,-5,0,0,0,1,0,0,0,0,0
24,-2,0,0,0,0,0,0,0,0,0
-12,-4,0,0,0,0,0,0,0,0,0
-11,-10,0,0,0,0,0,1,1,0,0
2,3,0,0,0,0,0,0,0,0,1
11,-5,0,0,0,0,1,0,0,0,3
-27,2,0,0,0,0,0,0,0,0,1
-10,5,0,0,0,1,0,0,0,0,1
-17,2,0,0,0,0,0,0,0,0,1
-8,-7,0,0,0,0,0,0,0,0,0
-15,9,0,0,0,1,0,0,0,1,1
-2,-2,0,0,0,0,0,0,0,1,0
-12,7,0,0,0,0,0,0,0,0,1
6,12,1,0,0,0,1,0,0,0,1
-1,4,0,0,0,0,0,0,1,0,1
0,-4,0,0,0,0,0,0,1,1,0
-25,15,0,0,0,1,0,0,0,0,1
9,-3,0,0,0,0,0,0,0,0,0
-8,-10,0,0,0,0,0,0,0,0,0
-11,3,0,0,0,0,0,0,0,0,1
9,-4,0,0,0,0,0,0,0,0,0
-2,-4,0,0,0,0,0,0,0,0,0
5,-4,0,0,0,0,0,0,0,0,0
-2,-11,0,1,0,0,0,0,0,0,0
22,-4,0,0,1,0,0,0,0,0,0
4,-2,0,1,0,0,1,0,0,1,2
19,-4,0,0,1,0,0,0,0,0,0
12,-2,0,0,0,0,0,1,0,1,0
4,-4,0,0,0,0,0,0,0,0,0
3,6,0,0,0,0,0,1,0,0,3
9,-2,0,0,0,0,1,0,0,0,3
13,0,0,0,0,0,1,0,0,0,3
10,0,0,0,0,0,0,0,0,0,3
-17,-9,0,0,0,0,0,0,0,0,0
0,3,0,0,0,0,0,1,1,0,0
0,-5,0,0,0,0,0,0,0,0,0
-2,-5,0,0,0,0,0,0,0,0,0
2,8,1,0,0,0,1,0,0,0,1
12,7,0,0,0,0,1,0,0,0,1
2,3,0,0,0,0,0,0,0,0,1
19,-7,0,0,0,0,0,0,0,0,0
-11,6,0,0,0,0,0,0,0,0,1
-21,-6,0,0,0,0,0,0,0,0,0
1,8,0,0,0,0,0,0,0,0,1
-3,12,0,0,0,0,1,0,0,0,1
-8,-6,0,0,0,0,0,0,0,0,0
2,13,0,0,0,0,0,0,0,0,1
1,-12,0,0,1,0,0,0,0,0,0
-2,14,0,0,0,0,0,0,0,0,1
3,-2,0,0,0,0,0,0,1,0,0
-4,7,0,0,0,0,0,0,0,0,1
-8,1,0,0,0,0,0,1,0,0,2
-4,1,0,0,0,0,0,0,0,0,1
22,-14,0,0,1,0,0,0,0,0,0
5,-3,0,0,0,0,0,0,0,0,0
8,-9,0,1,0,0,0,0,0,0,0
2,0,0,0,0,0,0,1,0,0,3
6,-10,0,1,0,0,0,0,0,0,0
14,16,0,0,0,0,0,0,0,0,1
-9,-4,0,0,0,0,1,1,0,0,2
-6,0,0,0,0,0,0,0,0,0,2
-8,-7,0,0,0,0,0,0,0,1,0
10,-2,0,0,0,0,0,0,0,0,0
-22,0,0,0,0,0,0,0,0,0,2
19,3,0,0,0,0,0,0,0,0,1
-3,12,0,0,0,0,0,0,1,0,1
-12,7,0,0,0,0,0,0,0,0,1
-10,-4,0,0,0,0,0,0,0,0,0
-2,-7,0,0,0,0,0,0,0,0,0
15,7,0,0,0,0,0,0,0,0,1
16,-3,0,0,0,0,0,0,1,0,0
10,-12,0,0,0,0,1,0,0,0,3
-7,15,0,0,0,0,0,0,1,0,1
-2,5,1,0,0,0,1,1,0,0,2
-15,13,0,0,0,0,0,0,0,0,1
18,-2,0,0,0,0,1,0,0,0,3
-12,5,0,0,0,0,1,0,1,0,1
-23,-16,0,1,0,0,0,0,0,0,0
-11,8,0,0,0,0,0,0,0,0,1
12,0,0,0,0,0,0,0,0,0,3
-6,7,0,0,0,0,0,0,0,0,1
-8,-7,0,0,0,0,0,0,0,0,0
6,7,0,0,0,0,0,0,0,0,1
-14,-2,0,0,0,0,0,1,0,0,0
-13,-16,0,1,0,0,0,0,0,0,0
-5,-5,0,1,0,1,0,0,0,0,0
6,5,0,0,0,0,0,0,0,1,1
15,-1,0,0,0,0,0,0,0,0,0
0,2,1,0,0,0,1,0,0,0,1
-20,-13,0,0,0,0,0,0,0,1,0
0,18,1,0,0,0,0,0,0,0,1
8,4,0,0,0,0,0,0,0,0,1
-2,-1,0,0,0,1,0,0,0,0,0
17,12,0,0,0,0,0,0,0,0,1
-24,0,0,0,0,0,0,0,0,0,2
27,-18,0,1,1,0,0,0,0,0,0
-7,-1,0,0,0,0,0,0,1,0,0
-10,-11,0,0,0,0,0,0,0,0,0
-12,1,0,0,0,0,0,1,1,1,0
13,-15,0,0,0,0,0,0,0,0,0
-3,6,1,0,0,0,0,0,0,0,1
-3,-1,0,0,0,0,0,0,1,0,0
-17,-4,0,1,0,0,0,0,0,0,0
2,-6,0,0,1,0,0,1,0,1,0
22,3,0,0,1,0,0,0,0,0,1
-14,-2,0,0,0,0,0,0,0,0,0
-18,0,0,0,0,0,0,0,0,0,2
-9,11,0,0,0,0,0,0,0,1,1
-23,1,0,0,0,0,0,1,0,0,2
-4,-4,0,0,0,0,0,0,0,0,0
-4,-2,0,0,0,0,0,0,0,0,0
6,-13,0,0,0,0,0,1,0,0,0
10,-6,0,0,1,0,0,0,0,0,0
-8,-2,0,0,0,0,0,0,0,0,0
-1,-1,0,0,0,0,0,0,0,0,0
-19,-1,0,0,0,0,0,0,0,1,0
-20,8,0,0,0,0,0,0,1,1,1
-22,-5,0,0,0,0,0,0,0,0,0
-6,6,0,0,0,0,0,0,0,0,1
-17,8,0,0,0,0,0,0,0,0,1
-8,-15,0,0,0,0,0,0,0,0,0
15,-10,0,0,0,0,0,0,0,1,0
-3,5,0,0,0,0,1,0,0,0,1
10,-18,0,1,0,0,0,0,0,0,0
1,-2,0,0,0,0,0,0,1,0,0
19,9,0,0,0,0,0,0,0,0,1
9,1,0,0,0,0,0,0,0,0,1
-14,1,0,0,0,0,0,0,0,0,1
-1,-4,0,0,0,0,0,0,0,0,0
-9,2,0,0,0,0,0,0,0,0,1
16,10,0,0,0,0,0,0,0,0,1
3,-2,0,0,0,0,0,0,0,0,0
8,-6,0,0,0,0,1,0,1,0,3
-24,11,0,0,0,0,0,0,0,0,1
-18,0,1,0,0,0,0,0,0,0,2
4,-3,0,1,0,0,0,0,0,0,0
5,9,0,0,0,0,0,0,0,0,1
10,-4,0,0,0,0,1,0,0,0,3
-4,1,0,0,0,0,0,0,0,0,1
-2,-1,0,0,0,0,1,0,1,0,1
5,3,0,0,0,0,0,0,1,1,1
-21,-8,0,0,0,0,0,0,0,0,0
-7,-13,0,1,0,0,0,0,0,0,0
18,9,0,0,0,0,1,1,0,0,3
-18,-5,0,0,0,0,0,0,0,0,0
2,-5,0,1,0,0,0,0,1,0,0
3,17,0,0,0,0,1,0,0,0,1
19,11,0,0,0,0,0,0,0,0,1
-20,3,0,0,0,0,0,0,0,0,1
-9,11,0,0,0,0,0,0,0,0,1
-1,8,1,0,0,0,0,0,0,1,1
2,-2,0,0,0,0,0,1,0,0,0
-6,-2,0,0,0,0,0,0,0,0,0
-5,-7,0,0,0,0,0,0,0,0,0
8,2,0,0,0,0,0,0,1,0,1
-8,-11,0,0,0,0,0,0,0,1,0
-3,-7,0,0,0,0,0,0,0,0,0
15,12,0,0,0,0,0,0,1,0,1
8,2,0,0,0,0,0,0,0,0,1
14,5,0,0,0,0,0,0,1,0,1
5,-3,0,0,0,0,1,0,0,0,3
14,5,0,0,0,0,0,1,1,0,3
4,3,0,0,0,0,0,0,0,0,1
-4,-2,0,0,0,0,1,0,0,1,2
19,-10,0,0,0,0,0,0,1,0,0
-4,7,0,0,0,0,0,0,0,0,1
-16,13,0,0,0,0,0,0,0,0,1
12,-11,0,0,0,0,0,0,0,0,0
11,-7,0,0,0,0,0,0,1,0,0
-12,10,0,0,0,0,0,1,0,0,2
5,-9,0,0,0,0,0,0,1,0,0
14,9,0,0,0,0,0,0,0,0,1
-1,18,1,0,0,0,0,0,0,0,1
-11,2,0,0,0,0,0,0,0,0,1
-9,2,1,0,0,0,0,0,1,0,1
5,12,0,0,0,0,0,0,0,0,1
4,-13,0,1,0,0,0,0,0,0,0
-5,-9,0,0,0,1,0,0,0,0,0
19,4,0,0,0,0,0,0,0,0,1
-12,7,0,0,0,0,0,0,0,0,1
4,-1,0,0,0,0,1,0,1,0,3
-7,4,1,0,0,0,0,0,1,0,1
-3,-15,0,0,0,0,1,0,0,0,2
2,1,0,0,0,0,0,0,0,1,1
3,-15,0,1,0,0,1,0,1,0,3
22,-10,0,0,0,0,0,0,0,0,0
8,3,0,0,0,0,0,0,0,1,1
12,6,0,0,0,0,0,0,0,0,1
-15,-7,0,0,0,0,0,0,1,0,0
-19,11,0,0,0,0,0,0,0,0,1
10,-5,0,0,0,0,0,0,1,0,0
-25,-8,0,0,0,0,0,0,1,0,0
-14,8,0,0,0,1,0,0,1,0,1
-24,-9,0,0,0,0,0,0,0,0,0
4,3,0,0,0,0,0,0,0,0,1
9,9,0,0,0,0,0,1,1,0,3
28,4,0,0,1,0,0,0,0,0,1
-20,-1,0,0,0,0,0,1,0,0,0
-5,4,0,0,0,0,0,0,0,0,1
1,0,0,0,0,0,0,0,0,0,3
5,6,0,0,0,0,0,0,1,0,1
5,-8,0,0,0,0,0,0,0,0,0
-3,-15,0,0,0,0,0,0,0,1,0
-5,-2,0,0,0,0,1,0,0,0,2
9,-4,0,0,0,0,0,0,0,0,0
18,0,0,0,0,0,0,0,0,0,3
21,-1,1,0,0,0,0,1,1,0,3
-1,2,0,0,0,0,0,0,0,0,1
3,-8,0,0,0,0,0,0,0,0,0
17,0,0,0,0,0,1,0,0,0,3
12,0,0,0,0,0,0,0,0,0,3
-17,-3,0,0,0,0,0,0,0,0,0
3,2,0,0,0,0,0,0,0,1,1
24,14,0,0,0,0,0,0,0,0,1
10,-4,0,0,0,0,0,0,0,0,0
-20,-14,0,0,0,0,0,0,0,0,0
10,2,0,0,0,0,0,1,0,1,0
6,-12,0,0,0,0,0,1,0,0,0
23,-1,0,0,0,0,0,0,0,0,0
-2,3,0,0,0,0,0,0,0,0,1
16,8,0,0,0,0,0,0,0,0,1
-5,9,0,0,0,0,0,0,0,0,1
5,3,0,0,1,0,0,0,0,0,1
-14,-9,0,0,0,0,0,0,0,0,0
-6,-7,0,0,0,0,0,0,1,1,0
20,5,0,0,0,0,0,0,0,0,1
-17,6,0,0,0,0,0,0,0,0,1
-25,11,0,0,0,0,0,0,0,0,1
8,3,1,0,0,0,0,0,1,0,1
14,-5,0,0,0,0,0,0,0,0,0
21,-2,0,0,0,0,0,0,0,0,0
-10,1,0,0,0,0,0,0,0,0,1
-17,4,0,0,0,1,0,0,0,0,1
21,-11,0,0,0,0,0,0,0,1,0
4,8,0,0,0,0,0,0,0,0,1
-1,-1,0,0,0,0,0,0,0,0,0
-5,-2,0,0,0,0,0,0,0,0,0
-2,-2,0,0,0,0,0,0,0,0,0
-20,-2,0,0,0,0,0,0,0,1,0
12,13,0,0,0,0,0,0,0,0,1
-22,13,0,0,0,1,0,1,1,0,0
14,2,0,0,0,0,1,0,0,0,1
1,-14,0,1,0,0,0,0,0,0,0
11,5,0,0,0,0,0,0,0,0,1
-8,-3,0,0,0,0,0,0,0,0,0
7,14,0,0,0,0,0,0,0,0,1
0,5,0,0,0,0,0,0,0,0,1
5,9,0,0,0,0,0,1,0,0,3
-10,6,0,0,0,1,0,0,0,0,1
-11,6,0,0,0,0,0,0,1,0,1
4,-1,0,0,0,0,0,0,0,0,0
-4,-1,0,0,0,0,0,0,0,0,0
-1,-7,0,0,0,0,0,0,0,0,0
-7,0,0,0,0,0,0,0,0,0,2
0,13,1,0,0,0,0,0,0,0,1
-23,-9,0,0,0,0,1,0,1,0,1
-4,2,0,0,0,0,0,1,0,1,2
9,2,0,0,0,0,0,0,0,0,1
9,2,0,0,0,0,0,0,0,0,1
-17,11,0,0,0,0,1,0,0,0,1
-2,10,0,0,0,0,0,0,0,0,1
14,-6,0,0,0,0,0,0,0,0,0
-12,-6,0,1,0,0,0,0,0,0,0
-4,-12,0,0,0,0,0,0,0,0,0
-7,3,0,0,0,0,0,0,0,1,1
20,-3,0,0,1,0,0,1,0,0,0
-9,-3,0,0,0,0,0,0,0,0,0
-16,-10,0,0,0,0,0,1,0,0,0
-5,1,0,1,0,0,0,0,0,0,2
-9,3,0,0,0,0,0,0,0,0,1
-9,3,0,0,0,0,0,0,1,0,1
-1,-1,0,0,0,0,0,0,0,0,0
5,-3,0,0,0,0,0,0,0,0,0
-11,0,0,0,0,0,0,0,0,0,2
-10,-4,0,0,0,0,0,0,0,1,0
20,-5,0,0,0,0,0,0,0,0,0
8,11,0,0,0,0,0,0,0,1,1
6,11,0,0,0,0,0,0,0,0,1
12,6,0,0,0,0,0,0,0,0,1
-28,-5,0,0,0,1,1,0,1,0,1
-2,-5,0,0,0,0,0,0,0,0,0
24,2,0,0,0,0,0,0,0,0,1
6,-7,0,0,0,0,0,0,0,0,0
14,1,0,0,0,0,0,1,0,0,3
3,5,0,0,0,0,0,0,0,0,1
-18,1,0,0,0,0,0,0,0,0,1
-17,1,0,0,0,0,0,0,0,0,1
-13,-3,0,0,0,0,0,0,0,0,0
-15,-14,0,1,0,0,0,0,0,0,0
-21,5,1,0,0,0,0,0,0,0,1
9,10,0,0,0,0,0,0,0,0,1
28,-10,0,0,1,0,0,0,0,0,0
-1,1,0,0,0,0,0,0,0,0,1
2,-3,0,0,0,0,0,0,0,0,0
9,0,0,0,0,0,0,0,0,0,3
5,-12,0,1,0,0,0,1,0,0,0
9,-1,0,0,0,0,0,0,0,0,0
-7,6,0,0,0,0,0,0,1,1,1
4,-7,0,0,0,0,1,0,0,0,3
7,6,0,0,0,0,0,0,0,0,1
10,11,0,0,0,0,0,1,0,0,3
23,15,0,0,0,0,1,0,0,0,1
8,-4,0,0,0,0,0,0,0,0,0
-5,0,0,0,0,0,0,1,0,1,2
11,3,0,0,0,0,0,0,0,1,1
-12,9,0,0,0,0,0,0,0,0,1
13,-17,0,0,0,0,0,0,0,0,0
7,-4,0,0,0,0,0,0,0,0,0
3,9,0,0,0,0,0,0,1,0,1
-5,-17,0,0,0,0,0,0,0,0,0
-4,0,0,0,0,0,0,0,0,0,2
-8,3,0,0,0,0,0,0,0,0,1
10,2,1,0,0,0,0,0,0,0,1
-1,-16,0,1,0,0,0,0,0,0,0
20,9,0,0,1,0,0,0,0,1,1
-6,-5,0,0,0,0,0,0,0,0,0
-4,-9,0,0,0,0,0,0,0,0,0
8,-10,0,0,0,0,0,0,1,0,0
-6,-1,0,0,0,0,0,0,0,0,0
-12,-4,0,0,0,0,0,0,0,0,0
17,-4,0,0,0,0,0,0,1,0,0
-4,16,0,0,0,0,0,0,0,0,1
8,-16,0,1,0,0,0,0,0,0,0
1,6,1,0,0,0,0,0,0,0,1
-22,4,0,0,0,0,0,0,0,0,1
-21,-12,0,0,0,0,0,0,0,0,0
15,-3,0,0,0,0,0,0,0,0,0
3,11,0,0,0,0,0,0,0,0,1
-13,5,0,0,0,0,1,0,0,0,1
-7,0,0,0,0,0,0,0,0,0,2
13,4,0,0,0,0,1,0,1,0,1
-14,14,0,0,0,0,0,0,0,0,1
-9,2,0,0,0,0,0,0,1,0,1
26,10,0,0,0,0,0,0,0,0,1
0,5,1,0,0,0,1,0,0,0,1
0,0,0,0,0,0,0,0,0,1,0
-8,-6,0,0,0,0,0,1,0,1,0
3,-2,0,0,0,0,0,0,0,0,0
-5,-5,0,0,0,0,0,0,0,1,0
-4,-7,0,0,0,0,0,1,0,0,0
6,4,0,0,0,0,0,1,0,0,3
4,0,0,1,0,0,0,0,0,0,3
-8,-7,0,0,0,0,0,1,0,0,0
-22,-6,0,0,0,1,0,0,0,0,0
-12,-1,0,0,0,0,0,0,0,0,0
2,7,0,0,0,0,0,0,0,1,1
26,0,0,0,0,0,0,0,0,0,3
-22,-1,0,0,0,0,0,1,0,0,0
-4,12,0,0,0,0,0,0,0,0,1
-2,-3,0,0,0,0,0,0,0,0,0
-13,9,0,0,0,0,0,0,0,0,1
2,9,0,0,0,0,0,0,0,0,1
-16,8,0,0,0,0,0,0,0,0,1
-2,5,0,0,0,0,0,0,0,0,1
17,0,0,0,0,0,0,0,0,0,3
-12,1,0,1,0,0,0,0,0,0,2
-23,-14,0,0,0,0,0,0,0,1,0
11,4,0,0,0,0,0,0,0,0,1
-3,6,1,0,0,0,0,0,0,0,1
-3,4,0,0,0,0,0,0,0,0,1
21,1,0,0,0,0,0,0,1,0,1
-8,6,1,0,0,0,0,0,0,0,1
10,-5,0,1,0,0,0,0,0,0,0
20,0,0,0,0,0,0,0,0,0,3
-24,3,0,0,0,0,0,0,0,0,1
-8,-1,0,0,0,0,0,0,0,0,0
-11,0,0,0,0,0,1,0,1,1,1
-21,-14,0,0,0,0,0,0,0,0,0
-5,10,0,0,0,0,0,0,0,0,1
12,0,1,0,0,0,0,0,0,0,3
0,-8,0,0,0,0,0,0,0,0,0
-12,2,0,0,0,0,0,0,0,0,1
-3,2,0,0,0,0,0,0,0,1,1
0,-10,0,0,0,0,0,0,0,0,0
-1,8,0,0,0,0,0,0,0,0,1
19,-1,0,0,0,0,0,0,0,0,0
-9,-3,0,0,0,0,0,0,0,0,0
8,-11,0,0,0,0,0,0,0,0,0
7,4,0,0,0,0,0,0,0,0,1
17,4,0,0,0,0,0,0,0,0,1
-7,0,0,0,0,0,0,0,0,0,2
-26,-1,0,1,0,0,0,0,0,0,0
12,-4,0,0,0,0,1,1,0,0,3
13,10,1,0,0,0,0,0,0,0,1
-18,-9,0,0,0,0,0,0,0,0,0
-21,0,0,0,0,0,1,0,0,0,2
0,7,0,0,0,0,0,0,0,0,1
4,-11,0,1,0,0,0,0,0,1,0
-7,7,1,0,0,0,0,0,0,0,1
3,5,0,0,0,0,0,0,0,0,1
-15,-1,0,1,0,0,0,0,0,0,0
21,1,0,0,0,0,0,0,0,0,1
2,5,0,0,0,0,0,0,0,0,1
-9,-8,0,0,0,0,0,0,0,1,0
-11,-8,0,0,0,0,0,0,0,0,0
0,0,0,0,0,0,0,0,0,0,0
14,-11,0,0,0,0,0,0,0,0,0
6,-18,0,1,1,0,0,0,0,0,0
10,-10,0,0,0,0,0,0,0,0,0
-1,-1,0,0,0,0,0,0,0,0,0
10,1,0,0,0,0,0,0,0,0,1
-5,0,0,0,0,0,0,0,0,0,2
4,-2,0,0,0,0,0,0,0,0,0
5,-7,0,0,0,0,1,0,0,0,3
10,10,0,0,0,0,0,0,0,1,1
8,8,0,0,0,0,0,0,0,0,1
0,0,0,0,0,0,0,0,0,0,0
-19,-2,0,0,0,0,0,0,0,0,0
6,6,0,0,0,0,0,0,0,0,1
-22,5,0,0,0,0,0,1,0,0,2
8,-13,0,0,0,0,0,0,0,0,0
6,13,0,0,0,0,0,0,0,0,1
-20,-12,0,0,0,0,1,0,0,0,2
-14,-7,0,0,0,0,0,0,1,0,0
-14,-7,0,1,0,0,0,0,0,0,0
-4,2,0,0,0,0,0,0,0,0,1
-6,1,0,0,0,0,0,0,0,0,1
0,7,1,0,0,1,0,0,0,0,1
-5,2,0,0,0,0,0,0,0,0,1
6,-1,0,0,0,0,0,0,0,0,0
-26,-9,0,0,0,1,0,0,0,0,0
-12,-1,0,0,0,0,0,0,0,0,0
19,-15,0,0,0,0,0,0,0,0,0
-15,4,0,0,0,0,0,0,0,0,1
-7,8,0,0,0,0,0,0,0,0,1
6,6,1,0,0,0,1,0,0,0,1
-2,0,0,0,0,0,0,0,0,0,2
-8,1,0,0,0,0,0,0,0,0,1
-8,-2,0,0,0,0,0,1,0,0,0
11,-10,0,0,0,0,1,0,0,0,3
-13,8,0,0,0,0,1,0,0,0,1
-13,2,0,0,0,0,0,0,0,0,1
2,-6,0,0,0,0,0,0,0,0,0
4,-15,0,0,0,0,1,0,0,0,3
-5,0,0,0,0,0,1,1,0,0,2
0,2,0,0,0,0,0,0,0,0,1
15,4,0,0,0,0,0,0,1,0,1
9,2,0,0,0,0,0,0,0,0,1
17,11,0,0,0,0,0,0,0,0,1
17,-3,0,0,0,0,0,0,0,0,0
-4,-14,0,0,0,0,0,0,0,0,0
23,1,0,0,0,0,1,0,1,0,1
11,4,0,0,0,0,0,0,0,0,1
-19,-13,0,0,0,0,0,0,0,1,0
4,2,0,0,0,0,0,0,0,0,1
-18,-11,0,0,0,0,0,0,0,0,0
-22,7,0,0,0,0,1,0,0,0,1
-23,-7,0,0,0,0,0,1,0,0,0
11,-1,0,0,0,0,0,0,0,0,0
6,5,0,0,0,0,0,0,0,0,1
-5,-17,0,1,0,0,0,0,0,0,0
20,1,0,1,0,0,0,0,0,0,3
25,6,0,0,0,0,0,0,0,0,1
0,-13,0,0,0,0,0,0,0,0,0
-8,-8,0,0,0,0,0,0,0,0,0
17,9,0,0,1,0,1,0,0,0,1
1,-3,0,0,0,0,0,0,0,0,0
-7,0,0,0,0,0,0,1,1,0,0
15,13,1,0,0,0,0,0,1,0,1
-8,-6,0,1,0,0,0,1,1,0,0
9,5,0,0,0,0,0,0,0,0,1
-16,1,0,0,0,0,0,0,0,0,1
4,-7,0,0,0,0,0,0,0,0,0
2,5,1,0,0,0,0,0,0,0,1
12,-2,0,0,0,0,0,0,0,0,0
12,-7,0,0,0,0,1,0,0,0,3
-26,2,0,0,0,0,0,0,0,0,1
-23,-5,0,0,0,0,0,0,0,0,0
-13,-7,0,0,0,0,0,0,0,0,0
-11,-6,0,0,0,0,0,1,0,0,0
-8,13,0,0,0,0,1,1,0,0,2
-10,8,0,0,0,0,0,0,0,0,1
-24,-3,0,0,0,0,0,0,0,0,0
7,0,0,0,0,0,0,0,0,0,3
-4,-13,0,0,0,0,1,0,0,0,2
-13,8,0,0,0,0,0,0,0,0,1
13,-1,0,0,0,0,0,0,0,0,0
24,-5,0,0,0,0,0,0,0,0,0
4,12,0,0,0,0,0,0,0,0,1
-17,12,0,0,0,0,0,0,0,0,1
-1,-1,0,0,0,0,0,0,0,0,0
-1,8,0,0,0,0,0,0,0,0,1
-20,-13,0,0,0,0,0,0,0,0,0
-3,13,0,0,0,0,0,0,1,0,1
1,-15,0,0,0,0,0,0,0,0,0
-1,-3,0,0,0,0,0,0,0,0,0
14,-3,0,0,0,0,0,0,0,0,0
-4,1,0,0,0,0,0,0,0,0,1
20,12,0,0,0,0,0,0,1,0,1
3,8,0,0,0,0,0,0,0,0,1
-13,0,0,1,0,0,0,0,0,0,2
-14,-3,0,0,0,0,0,0,0,0,0
-7,-2,0,0,0,0,0,0,0,0,0
-11,-4,0,0,0,0,0,0,0,0,0
-4,-2,0,0,0,0,0,0,0,0,0
-16,10,0,0,0,0,0,0,0,1,1
-3,-7,0,0,0,0,0,0,0,0,0
22,-8,0,0,0,0,0,0,1,0,0
7,14,0,0,1,0,0,0,0,1,1
6,2,1,0,0,0,0,0,0,0,1
-15,10,0,0,0,0,0,0,0,0,1
3,1,0,0,0,0,1,1,0,0,3
14,-4,0,0,0,0,0,0,1,0,0
-11,3,0,0,0,0,0,0,0,0,1
9,12,0,0,0,0,0,0,0,0,1
-15,-10,0,1,0,0,0,0,0,0,0
-17,-14,0,0,0,0,0,0,0,0,0
14,9,0,0,0,0,0,0,0,0,1
10,10,0,0,0,0,0,0,0,0,1
-8,5,0,0,0,0,0,0,1,0,1
12,-2,0,0,1,0,0,0,0,0,0
1,-2,0,0,0,0,1,0,0,0,3
6,6,0,0,0,0,0,0,0,0,1
-22,-10,0,0,0,1,0,0,0,0,0
-25,-7,0,0,0,1,0,0,0,0,0
0,13,0,0,0,0,0,0,0,0,1
-9,-3,0,0,0,0,0,0,1,0,0
-17,8,0,0,0,0,0,0,0,0,1
-26,8,0,0,0,1,0,0,0,0,1
-11,-1,0,0,0,0,0,0,0,0,0
-17,1,0,0,0,0,0,0,0,0,1
19,6,0,0,0,0,0,0,0,0,1
18,-10,0,0,0,0,0,0,0,0,0
1,-4,0,0,0,0,0,0,0,0,0
2,-8,0,0,0,0,0,0,0,0,0
3,6,0,0,0,0,0,1,0,0,3
16,-7,0,0,0,0,0,0,0,0,0
12,-8,0,0,0,0,0,0,1,0,0
3,0,0,0,0,0,0,1,0,0,3
-8,-3,0,0,0,0,0,0,1,0,0
-20,-6,0,1,0,0,0,0,0,0,0
-13,-14,0,0,0,0,1,0,0,0,2
-3,-5,0,0,0,0,0,0,0,0,0
-8,11,0,0,0,0,0,0,0,0,1
0,7,0,0,0,0,0,0,0,0,1
-10,0,0,0,0,0,0,0,0,0,2
11,1,0,0,0,0,0,1,0,0,3
-18,-1,0,0,0,0,0,0,0,0,0
-12,-16,0,1,0,0,0,0,0,1,0
5,-17,0,1,0,0,0,0,0,0,0
-4,8,0,0,0,0,0,0,0,0,1
3,-13,0,0,0,0,0,0,0,0,0
-11,10,0,0,0,1,0,0,0,0,1
-17,-4,0,0,0,0,0,0,0,0,0
-14,-15,0,0,0,0,0,0,0,0,0
-22,2,0,0,0,0,1,0,0,0,1
-2,-3,0,0,0,0,0,0,0,0,0
2,12,0,0,0,0,0,0,0,1,1
14,2,0,0,0,0,0,0,0,0,1
3,6,0,0,0,0,0,0,0,0,1
15,1,0,0,0,0,0,0,0,1,1
3,5,0,0,0,0,0,0,0,0,1
1,-1,0,0,0,0,0,0,0,0,0
-6,-1,0,0,0,0,0,0,0,0,0
14,-10,0,0,0,0,1,0,0,0,3
5,-6,0,0,0,0,0,0,0,0,0
-13,-10,0,0,0,0,1,0,1,0,1
-2,7,0,0,0,0,0,0,0,0,1
3,8,1,0,0,0,1,0,0,0,1
-8,-11,0,0,0,1,0,0,0,0,0
-13,-12,0,0,0,0,0,0,0,0,0
-4,10,0,0,0,0,0,0,0,0,1
-10,-6,0,0,0,0,0,0,1,0,0
-11,4,1,0,0,1,0,0,0,0,1
7,1,0,0,0,0,0,0,0,0,1
14,-7,0,0,0,0,0,0,0,0,0
-14,0,0,0,0,0,0,0,0,0,2
16,4,0,0,0,0,0,0,0,0,1
-4,16,0,0,0,0,1,1,0,0,2
-13,18,1,0,0,1,0,0,0,0,1
-5,5,0,0,0,0,0,0,0,0,1
18,-6,0,0,1,0,1,0,0,0,3
13,6,0,0,1,0,0,0,0,0,1
-14,-1,0,0,0,0,0,0,0,0,0
12,-4,0,0,0,0,0,0,0,0,0
-10,2,0,0,0,0,1,0,0,0,1
-8,2,0,0,0,0,0,1,0,1,2
4,-1,0,1,0,0,0,0,0,0,0
-6,-1,1,0,0,0,0,0,0,0,2
25,-1,0,0,0,0,0,0,1,0,0
20,10,0,0,0,0,1,0,0,0,1
22,6,0,0,0,0,0,0,0,0,1
-19,11,0,0,0,0,0,0,0,0,1
0,1,0,0,0,0,0,0,0,0,1
25,-3,0,0,0,0,0,0,0,0,0
9,-9,0,0,0,0,0,0,0,0,0
-18,-12,0,0,0,0,0,0,0,0,0
-7,-11,0,0,0,0,0,0,0,0,0
8,0,1,0,0,0,0,1,0,0,3
13,11,0,0,0,0,0,0,0,0,1
-8,-9,0,0,0,1,0,0,0,0,0
0,-13,0,0,0,0,0,0,0,0,0
-4,8,0,0,0,0,0,0,0,1,1
-7,5,0,0,0,0,0,0,0,0,1
0,10,0,0,0,0,0,0,0,0,1
17,-3,0,0,0,0,1,0,0,0,3
-1,-6,0,0,0,0,0,0,0,0,0
-3,5,0,0,0,0,0,0,0,0,1
-10,14,0,0,0,0,0,0,0,0,1
12,-8,0,0,0,0,0,0,0,0,0
16,9,0,0,0,0,0,0,0,0,1
10,-5,0,0,0,0,0,1,0,0,0
9,-5,0,1,0,0,0,0,0,0,0
-10,-1,0,0,0,0,1,0,0,1,2
0,-3,0,0,0,0,0,0,0,0,0
-2,1,0,0,0,0,0,0,0,0,1
0,10,0,0,0,0,0,0,1,0,1
-27,3,0,0,0,0,0,0,0,0,1
-4,3,0,0,0,0,0,0,0,0,1
-16,-5,0,0,0,0,0,0,0,0,0
-19,12,0,0,0,0,0,0,0,0,1
-15,-7,0,0,0,0,0,0,0,0,0
14,-2,0,0,0,0,0,0,0,0,0
3,1,0,1,0,0,0,0,0,1,0
3,0,0,0,0,0,0,0,0,0,3
5,12,0,0,0,0,1,0,0,0,1
13,-9,0,0,0,0,0,0,0,0,0
12,-6,0,0,0,0,0,1,0,0,0
9,2,0,0,0,0,0,0,0,1,1
14,-2,0,0,0,0,0,1,1,0,0
-11,14,0,0,0,0,0,0,0,0,1
12,-17,0,1,0,0,0,0,0,0,0
2,1,0,0,0,0,0,0,0,1,1
5,2,0,0,0,0,0,0,0,0,1
-2,9,0,0,0,0,0,0,0,0,1
13,-9,0,0,0,0,0,0,0,0,0
11,1,0,0,0,0,0,0,0,1,1
-6,0,0,0,0,0,1,0,0,0,2
-25,13,0,0,0,1,0,0,0,0,1
27,-11,0,0,0,0,0,1,0,0,0
-4,8,0,0,0,0,0,0,0,0,1
6,-3,0,0,0,0,0,1,0,0,0
14,9,0,0,0,0,0,0,1,0,1
-11,3,1,0,0,0,0,0,0,0,1
5,-8,0,0,0,0,0,1,0,0,0
-27,11,0,0,0,1,0,0,0,0,1
3,-13,0,0,0,0,0,0,0,0,0
16,12,0,0,0,0,0,0,0,0,1
6,-3,0,0,0,0,0,0,0,0,0
0,-13,0,1,0,0,0,0,0,0,0
15,7,0,0,0,0,1,0,0,0,1
-8,14,0,0,0,0,0,0,0,1,1
-12,3,0,0,0,0,0,0,0,0,1
4,4,0,0,0,0,0,0,0,1,1
-6,0,0,0,0,0,0,0,0,0,2
-7,13,0,0,0,0,1,0,0,0,1
-15,-11,0,1,0,1,0,0,0,0,0
-7,0,0,0,0,0,0,0,0,0,2
-9,16,1,0,0,0,0,0,0,0,1
23,6,0,0,0,0,0,0,0,0,1
-10,8,0,0,0,1,0,0,0,0,1
12,1,0,0,0,0,0,0,0,0,1
16,-4,0,0,0,0,0,0,0,0,0
17,-14,0,0,0,0,0,0,0,0,0
15,8,0,0,0,0,0,1,0,0,3
6,-8,0,0,0,0,1,0,0,0,3
-1,4,0,0,0,0,0,0,1,0,1
-3,1,0,0,0,0,0,0,0,0,1
-14,-7,0,0,0,0,0,0,0,0,0
6,-1,0,0,0,0,0,0,0,0,0
18,8,0,0,0,0,0,1,0,0,3
-4,-4,0,0,0,0,0,0,0,1,0
5,11,0,0,0,0,1,0,0,1,1
1,-9,0,0,0,0,0,0,0,0,0
9,-2,0,0,1,0,0,0,0,1,0
-12,2,0,0,0,0,0,0,1,0,1
-15,-14,0,1,0,0,1,0,0,0,2
6,1,0,0,0,0,0,0,0,0,1
-16,2,0,0,0,1,0,0,0,0,1
-4,7,0,0,0,0,0,0,0,0,1
-5,-1,0,0,0,0,0,1,0,0,0
21,-4,0,0,0,0,0,0,0,0,0
-8,-1,0,0,0,0,0,0,0,0,0
19,0,0,0,0,0,0,0,0,0,3
6,-2,0,1,0,0,0,1,0,1,0
1,-7,0,0,0,0,0,0,0,0,0
17,1,0,0,0,0,1,0,0,0,1
-9,10,1,0,0,0,0,1,0,0,2
-9,-13,0,0,0,1,0,0,0,0,0
18,-2,0,0,0,0,0,0,0,0,0
-1,2,0,0,0,0,0,1,0,0,2
3,1,0,0,0,0,0,0,0,0,1
-14,0,0,0,0,0,0,0,1,0,0
-4,1,0,0,0,0,0,0,1,0,1
-2,-1,0,0,0,0,0,0,0,1,0
12,3,0,0,1,0,0,0,0,0,1
-4,0,0,0,0,0,0,0,0,0,2
-5,11,0,0,0,0,0,0,0,0,1
10,1,0,0,0,0,0,0,0,0,1
9,1,0,0,0,0,0,0,0,1,1
0,-6,0,0,0,0,1,0,0,1,1
-15,-3,0,0,0,0,0,0,0,0,0
-2,-1,0,0,0,0,0,0,0,0,0
-9,0,0,0,0,0,1,0,0,0,2
18,7,0,0,0,0,0,0,0,0,1
7,0,0,0,0,0,0,0,0,0,3
-17,6,0,0,0,1,0,0,0,0,1
18,-17,0,1,0,0,0,1,0,1,0
-3,10,0,0,0,0,0,0,0,0,1
-18,-13,0,0,0,0,0,0,0,0,0
-3,-3,0,0,0,0,0,0,0,1,0
18,7,0,0,0,0,0,0,0,0,1
18,-2,0,0,0,0,0,0,1,0,0
13,-1,0,0,0,0,0,0,0,0,0
12,-6,0,0,0,0,1,0,0,0,3
7,-11,0,0,0,0,0,1,0,0,0
7,-6,0,0,0,0,0,0,0,0,0
-9,-10,0,0,0,0,0,0,0,0,0
-9,-5,0,0,0,0,0,1,0,0,0
-2,5,0,0,0,0,0,0,0,0,1
-13,11,0,0,0,0,0,0,0,0,1
16,-16,0,0,0,0,0,0,0,0,0
19,8,0,0,0,0,0,0,0,0,1
10,5,0,0,0,0,0,0,0,0,1
-4,2,0,0,0,0,0,0,1,0,1
23,-2,0,0,0,0,0,0,0,0,0
9,1,0,0,0,0,0,1,0,0,3
2,5,0,0,0,0,0,0,0,0,1
-15,0,0,0,0,0,0,0,0,0,2
12,-9,0,0,0,0,0,0,0,1,0
-3,-2,0,0,0,0,0,0,0,0,0
-1,3,0,0,0,1,0,0,0,0,1
17,-9,0,0,0,0,0,0,0,0,0
1,-7,0,0,0,0,0,0,0,1,0
-22,-1,0,0,0,0,0,0,1,0,0
3,3,0,0,0,0,0,0,0,0,1
6,-10,0,0,0,0,0,1,0,0,0
-13,-1,0,0,0,0,0,0,0,0,0
6,12,0,0,0,0,0,0,0,0,1
1,1,0,0,0,0,0,1,0,1,0
-12,-1,1,0,0,0,0,0,0,1,2
16,-12,0,0,0,0,0,0,1,0,0
-18,9,0,0,0,0,0,1,1,0,0
25,7,0,0,0,0,0,0,0,0,1
-6,-10,0,0,0,0,0,0,1,0,0
-5,12,0,0,0,0,0,0,0,0,1
0,-14,0,1,0,0,0,0,1,0,0
-1,13,0,0,0,0,0,0,0,0,1
20,-3,0,0,0,0,0,0,0,0,0
7,6,0,0,0,0,0,1,0,1,0
-3,-9,0,0,0,0,0,0,0,0,0
1,-4,0,0,1,0,0,0,1,0,0
19,15,0,0,0,0,0,0,0,0,1
5,-7,0,0,0,0,0,0,0,0,0
17,0,0,0,0,0,0,1,0,0,3
-9,8,0,0,0,0,0,0,0,0,1
-10,-7,0,0,0,0,0,0,0,0,0
-1,7,0,0,1,0,0,0,0,0,1
22,-4,0,0,0,0,0,0,0,0,0
-7,7,1,0,0,0,0,0,0,0,1
-1,-4,0,0,0,0,0,0,0,0,0
-3,-11,0,1,0,1,0,0,0,0,0
-11,0,0,0,0,0,0,0,0,0,2
15,6,0,0,0,0,0,0,0,0,1
-27,3,0,0,0,0,0,0,0,0,1
1,5,0,0,0,0,0,0,0,0,1
1,0,0,0,0,0,0,1,0,0,3
1,-2,0,0,0,0,0,0,0,0,0
-18,3,0,0,0,0,1,1,0,1,2
-8,-4,0,0,0,0,0,0,0,0,0
22,0,0,0,0,0,0,0,0,0,3
4,5,0,0,0,0,1,0,0,0,1
11,17,1,0,0,0,0,1,0,0,3
-5,-1,0,0,0,0,1,1,0,0,2
-8,-3,0,0,0,1,1,0,0,0,2
18,-10,0,0,0,0,0,0,0,0,0
7,5,0,0,0,0,0,0,0,1,1
-14,-1,0,0,0,0,0,0,0,0,0
8,-4,0,0,0,0,1,0,0,0,3
3,-4,0,0,0,0,0,0,0,0,0
-7,-6,0,0,0,0,0,0,0,0,0
9,-4,0,0,0,0,0,0,0,0,0
8,7,0,0,0,0,0,0,0,0,1
-15,-12,0,0,0,0,0,0,0,0,0
-14,11,0,0,0,1,0,0,0,0,1
6,-2,0,0,0,0,0,0,0,0,0
-7,-1,0,0,0,0,0,0,0,0,0
-12,-7,0,0,0,0,0,0,0,0,0
5,4,0,0,0,0,0,0,0,0,1
-1,12,0,0,0,0,0,0,0,0,1
-12,18,1,0,0,0,0,0,0,0,1
-13,-4,0,0,0,0,0,0,0,0,0
-9,1,0,0,0,0,0,0,0,0,1
16,-1,0,0,0,0,0,0,0,0,0
2,4,0,0,0,0,0,0,0,0,1
-20,3,0,0,0,0,0,1,0,0,2
1,-5,0,0,0,0,0,0,0,0,0
18,-8,0,1,0,0,0,1,0,0,0
-14,-1,0,0,0,0,0,1,0,0,0
-10,-8,0,0,0,0,0,0,0,0,0
9,-6,0,0,1,0,1,0,0,0,3
-1,8,0,0,0,0,0,0,1,0,1
-2,4,0,0,0,0,0,0,1,0,1
-8,3,0,0,0,0,0,0,0,0,1
4,-11,0,0,0,0,1,1,0,1,2
-12,-4,0,0,0,0,0,0,0,0,0
18,-10,0,0,0,0,0,0,0,0,0
-12,5,0,0,0,1,0,1,0,0,2
-2,6,0,0,0,0,0,1,0,0,2
-1,0,0,0,0,0,0,0,0,0,2
13,10,0,0,0,0,0,0,0,0,1
25,5,0,0,0,0,1,1,0,0,3
14,11,1,0,0,0,0,0,0,0,1
-19,3,1,0,0,0,0,0,0,1,1
-1,-10,0,0,0,0,0,0,0,1,0
-26,11,0,0,0,1,0,0,0,0,1
9,-2,0,0,0,0,0,0,0,0,0
14,-11,0,0,0,0,0,0,0,0,0
-8,5,0,0,0,0,0,1,0,0,2
6,-4,0,0,0,0,0,1,0,0,0
-6,2,0,0,0,0,0,0,0,0,1
9,-3,0,0,0,0,0,0,0,0,0
22,4,0,0,0,0,0,1,0,0,3
2,-6,0,0,0,0,0,0,0,0,0
16,1,0,0,0,0,0,0,0,0,1
-10,11,0,0,0,0,0,0,0,0,1
11,-6,0,0,0,0,0,0,0,1,0
-10,-16,0,0,0,0,0,0,0,0,0
10,17,0,0,0,0,0,0,1,1,1
10,-7,0,0,0,0,0,1,0,0,0
15,4,0,0,0,0,0,0,0,0,1
-10,9,1,0,0,0,0,1,0,0,2
5,-4,0,0,0,0,0,0,0,0,0
0,-18,0,1,0,0,0,0,0,1,0
17,2,0,0,0,0,1,0,0,0,1
0,5,0,0,1,0,0,1,0,0,0
-8,16,0,0,0,0,0,0,0,0,1
-2,2,0,0,0,0,0,1,0,0,2
14,-4,0,0,1,0,0,0,0,0,0
5,0,0,0,0,0,0,0,0,0,3
-1,1,0,0,0,0,0,0,0,0,1
-10,2,0,0,0,0,0,0,1,0,1
-19,4,0,0,0,0,0,0,0,0,1
2,-9,0,0,0,0,0,0,1,0,0
7,3,0,0,0,0,1,0,0,0,1
-6,1,0,0,0,0,0,0,0,1,1
1,-1,1,0,0,0,0,0,0,0,3
-28,-7,0,0,0,1,0,0,0,0,0
-1,4,0,0,1,0,0,0,0,0,1
10,3,0,0,0,0,1,0,0,0,1
1,3,1,0,0,0,0,0,0,0,1
-1,4,0,0,0,0,0,0,0,0,1
6,-10,0,1,0,0,0,0,0,0,0
7,-2,0,0,0,0,0,0,0,1,0
7,1,0,0,0,0,0,0,0,1,1
0,-7,0,0,1,0,0,0,0,0,0
-22,17,1,0,0,0,0,0,0,0,1
0,-18,0,1,1,0,0,0,0,0,0
-8,11,0,0,0,0,1,0,1,0,1
-4,-7,0,0,0,0,0,0,0,0,0
9,-9,0,0,0,0,0,0,0,0,0
-7,-8,0,0,0,0,0,0,0,0,0
14,9,0,0,1,0,1,1,0,0,3
3,-2,0,0,1,0,0,1,0,0,0
-8,0,0,0,0,0,0,0,0,0,2
14,-10,0,0,0,0,0,0,1,0,0
-5,9,0,0,0,0,0,0,0,0,1
21,-5,0,0,0,0,0,0,0,0,0
3,6,0,0,0,0,0,0,0,0,1
6,-8,0,0,0,0,0,0,0,1,0
15,11,0,0,0,0,0,0,0,0,1
-8,-5,0,0,0,0,1,0,0,0,2
16,-9,0,0,0,0,0,0,0,0,0
-1,-16,0,1,0,0,0,0,0,1,0
-4,-1,0,0,0,0,0,0,0,0,0
5,-3,0,0,0,0,0,0,0,0,0
2,2,0,0,0,0,0,0,0,0,1
-11,-2,0,1,0,0,0,0,0,0,0
-14,-1,0,0,0,0,0,0,0,1,0
14,-4,0,0,0,0,0,0,0,0,0
4,-13,0,0,0,0,0,0,0,1,0
-19,7,0,0,0,0,0,0,0,0,1
4,2,1,0,0,0,1,1,0,0,3
-5,-5,0,0,0,0,1,0,0,0,2
-5,-1,0,0,0,0,0,1,0,0,0
4,11,0,0,0,0,0,0,0,0,1
0,1,0,0,0,0,0,0,0,0,1
0,-11,0,0,0,0,0,0,0,0,0
3,0,0,0,0,0,0,0,1,1,0
4,-12,0,0,0,0,0,0,0,0,0
6,-7,0,0,0,0,0,0,0,0,0
-13,3,0,0,0,0,0,0,0,0,1
3,2,0,0,0,0,0,0,0,0,1
-3,11,0,0,0,0,0,0,0,0,1
-3,-13,0,0,0,0,0,0,0,0,0
-11,3,0,0,0,0,0,0,0,0,1
0,7,0,0,0,0,0,0,1,0,1
-3,6,0,0,0,0,0,0,0,0,1
10,15,1,0,0,0,0,0,0,1,1
-13,-6,0,0,0,0,0,0,0,0,0
4,3,0,0,0,0,0,1,0,1,0
-8,-3,0,0,0,0,0,0,0,0,0
-19,-4,0,0,0,1,0,0,0,0,0
-7,-5,0,0,0,0,0,0,0,0,0
-16,-16,0,0,0,0,0,0,0,0,0
0,-11,0,0,0,0,1,0,0,0,1
-1,3,0,0,0,0,0,0,0,0,1
-6,-11,0,0,0,0,0,0,0,1,0
5,13,0,0,0,0,0,0,0,0,1
1,-6,0,1,0,0,1,0,0,0,3
-17,4,0,0,0,0,0,0,0,0,1
20,3,0,0,0,0,1,0,0,1,1
-1,10,0,0,0,0,0,0,0,0,1
-6,6,0,0,0,0,0,0,0,0,1
-4,13,0,0,0,0,0,0,0,0,1
0,11,1,0,0,0,0,0,0,0,1
0,1,0,0,0,0,0,1,0,0,0
10,12,0,0,1,0,0,0,0,0,1
0,12,0,0,0,0,0,0,0,0,1
6,11,1,0,0,0,0,0,1,0,1
-17,7,0,0,0,1,0,0,1,0,1
8,5,0,0,0,0,0,0,0,0,1
19,2,0,0,0,0,0,0,0,0,1
-3,16,0,0,0,0,0,0,0,0,1
-13,-17,0,0,0,1,0,0,0,0,0
-13,2,0,0,0,0,0,0,0,0,1
6,-4,0,0,0,0,0,0,0,0,0
-9,-1,0,0,0,0,0,0,0,0,0
-8,10,0,0,0,0,0,0,0,0,1
-9,-6,0,0,0,0,0,0,0,0,0
-15,-8,0,1,0,0,0,0,0,0,0
23,13,0,0,0,0,0,0,0,0,1
-18,-11,0,0,0,1,1,0,0,0,2
16,0,0,0,0,0,0,0,0,0,3
-16,5,0,0,0,0,0,0,0,0,1
-24,3,0,0,0,0,0,1,0,0,2
-22,-2,0,0,0,0,0,1,0,0,0
-22,11,0,0,0,0,1,0,0,0,1
1,-9,0,0,0,0,0,0,1,0,0
8,13,0,0,0,0,0,0,0,0,1
-24,9,0,0,0,1,0,0,0,0,1
-5,2,0,0,0,0,0,0,0,0,1
12,4,0,0,0,0,0,0,0,0,1
4,9,0,0,0,0,0,1,0,0,3
1,2,1,0,0,0,0,0,0,0,1
2,11,0,0,0,0,0,0,0,0,1
13,5,0,0,0,0,0,0,1,0,1
-2,3,1,0,0,0,0,0,0,1,1
17,2,0,0,0,0,0,0,0,0,1
-22,10,0,0,0,1,0,0,0,0,1
-4,-4,0,1,0,0,0,1,0,0,0
-9,16,1,0,0,0,0,0,1,0,1
9,-4,0,0,0,0,0,1,0,0,0
-19,0,0,0,0,0,0,0,1,1,0
1,-9,0,0,0,0,0,1,0,0,0
2,9,0,0,0,0,1,0,1,0,1
7,8,0,0,0,0,0,0,0,0,1
-9,-5,0,0,0,0,0,0,0,1,0
-20,-10,0,1,0,0,0,0,0,0,0
5,15,0,0,0,0,0,0,0,0,1
-15,-5,0,0,0,0,0,0,1,0,0
11,-7,0,0,0,0,1,0,0,0,3
10,5,0,0,0,0,0,1,1,0,3
7,-7,0,0,0,0,0,0,0,0,0
18,-6,0,0,1,0,0,0,0,0,0
-22,6,0,0,0,0,0,0,0,0,1
2,-2,0,0,0,0,0,0,0,0,0
-3,-11,0,0,0,0,0,0,0,0,0
21,14,0,0,0,0,0,0,0,0,1
7,11,0,0,0,0,0,0,0,0,1
8,5,1,0,0,0,0,1,0,0,3
3,-4,0,0,0,0,0,0,0,0,0
7,14,0,0,0,0,0,1,0,0,3
9,2,0,0,0,0,0,0,0,0,1
-8,-6,0,0,0,0,0,0,0,0,0
1,-2,0,0,0,0,0,0,0,0,0
7,2,0,0,0,0,0,0,0,0,1
11,-9,0,0,0,0,0,0,0,0,0
5,6,1,0,0,0,0,0,0,0,1
-18,-17,0,0,0,0,0,0,0,0,0
-10,12,0,0,0,0,0,0,0,0,1
-5,9,0,0,0,0,0,0,0,0,1
18,3,0,0,0,0,0,0,0,0,1
-19,-3,0,0,0,0,0,1,0,0,0
12,4,0,0,0,0,1,0,0,0,1
-10,-3,0,0,0,0,0,0,0,0,0
0,14,0,0,0,0,0,0,0,0,1
-3,-13,0,0,0,0,0,0,0,0,0
16,-11,0,0,1,0,0,0,0,0,0
6,-9,0,1,0,0,0,0,0,0,0
-4,-1,0,0,0,0,0,0,0,1,0
12,9,0,0,1,0,0,0,0,0,1
15,2,1,0,0,0,0,0,0,0,1
-4,-4,0,0,0,0,0,0,0,0,0
-19,0,0,0,0,0,0,0,0,0,2
-1,6,0,0,0,0,0,0,1,0,1
-3,6,0,0,0,0,0,1,0,0,2
-14,-4,0,0,0,0,0,1,0,0,0
13,8,0,0,0,0,0,0,0,0,1
-6,-6,0,0,0,1,0,0,0,1,0
-23,-14,0,0,0,0,0,0,0,0,0
4,-5,0,0,0,0,0,0,0,0,0
-21,4,0,0,0,0,0,0,0,0,1
-20,-3,0,0,0,0,0,0,0,0,0
-2,-12,0,0,0,0,0,0,1,1,0
-1,-10,0,0,0,0,0,1,0,1,0
17,10,0,0,0,0,0,0,0,0,1
-1,5,0,0,0,0,0,0,0,0,1
3,1,0,0,0,0,0,0,0,0,1
3,-3,0,0,0,0,0,0,0,0,0
-17,1,0,0,0,0,0,0,0,0,1
-23,4,0,0,0,0,0,0,0,0,1
-19,2,1,0,0,0,0,0,1,0,1
-5,9,0,0,0,0,0,0,0,0,1
1,-1,0,0,0,0,0,0,0,0,0
-12,-1,0,0,0,0,0,0,0,0,0
-1,11,0,0,0,0,0,0,0,1,1
6,-6,0,0,0,0,1,0,0,0,3
-14,-6,0,1,0,0,0,0,0,0,0
0,3,0,0,0,0,0,0,0,0,1
-4,-4,0,1,0,0,0,0,0,0,0
-2,5,0,0,0,0,0,0,0,0,1
-11,-4,0,0,0,0,0,1,0,0,0
-19,-13,0,0,0,0,0,0,0,0,0
0,13,0,0,0,0,0,0,0,0,1
-7,-3,0,0,0,0,0,0,0,0,0
-2,-4,0,0,0,0,0,1,0,0,0
15,0,0,0,0,0,0,0,0,0,3
-1,-17,0,0,0,0,0,0,0,0,0
-8,-4,0,0,0,0,0,0,0,0,0
6,-4,0,0,0,0,0,0,0,0,0
-7,-5,0,0,0,0,0,0,1,0,0
-6,9,0,0,0,0,0,0,0,0,1
-11,-11,0,0,0,0,0,0,0,0,0
17,9,0,0,1,0,0,0,0,0,1
28,-10,0,0,1,0,0,0,0,0,0
-8,-6,0,0,0,1,0,0,0,0,0
-15,-8,0,0,0,0,0,0,0,0,0
15,13,0,0,0,0,0,0,0,0,1
-16,-10,0,0,0,0,0,0,0,0,0
2,0,0,0,0,0,0,0,0,0,3
21,2,0,0,0,0,0,0,0,0,1
22,11,0,0,1,0,0,0,0,0,1
14,0,0,0,0,0,0,0,0,0,3
-7,6,0,0,0,0,0,0,0,0,1
8,-7,0,0,0,0,0,0,0,1,0
-16,5,0,0,0,0,0,0,0,0,1
6,-11,0,0,0,0,0,0,0,1,0
-21,-3,0,0,0,0,0,0,0,0,0
-22,-7,0,0,0,0,0,0,0,1,0
-12,3,0,0,0,0,0,0,0,0,1
6,10,0,0,0,0,0,0,0,0,1
-6,-2,0,0,0,0,0,0,0,0,0
5,5,0,0,0,0,1,0,0,1,1
-8,-7,0,0,0,0,1,0,0,0,2
-13,10,1,0,0,0,0,0,0,0,1
19,0,0,0,0,0,0,0,0,0,3
-21,-5,0,1,0,1,0,0,0,0,0
-1,1,0,0,0,0,0,0,0,0,1
-13,6,0,0,0,0,0,0,0,0,1
0,2,0,0,0,0,0,1,0,0,0
2,0,0,0,0,0,0,0,0,0,3
1,-12,0,0,0,0,0,0,0,0,0
1,16,0,0,0,0,0,0,1,0,1
13,15,0,0,0,0,0,0,0,0,1
-10,-16,0,1,0,0,0,0,0,0,0
14,13,0,0,0,0,0,0,0,0,1
10,-11,0,1,0,0,0,0,0,1,0
-12,17,1,0,0,0,1,0,0,0,1
-7,0,0,0,0,0,0,0,0,0,2
-4,-5,0,0,0,0,0,0,0,0,0
4,-2,0,1,0,0,0,0,0,0,0
-13,-6,0,1,0,0,0,0,0,1,0
-21,7,0,0,0,0,0,0,0,0,1
3,-1,0,0,0,0,0,0,0,0,0
-24,12,0,0,0,0,0,0,0,0,1
-7,3,0,0,0,0,0,0,0,0,1
14,10,0,0,0,0,0,0,0,0,1
-22,3,0,0,0,0,0,0,0,0,1
0,3,0,0,0,0,0,0,0,0,1
-5,1,0,1,0,0,0,0,0,0,2
-18,-4,0,0,0,0,0,0,0,0,0
-6,-18,0,1,0,0,0,0,0,0,0
24,-1,0,0,1,0,0,1,1,0,0
-10,1,0,0,0,0,1,0,0,0,1
-2,1,0,0,0,0,0,1,0,0,2
0,-12,0,0,0,0,0,0,0,0,0
-10,-7,0,0,0,0,0,0,0,0,0
16,4,0,0,0,0,0,0,0,0,1
4,-3,0,0,0,0,0,0,1,0,0
-8,-13,0,1,0,0,0,0,0,0,0
-14,-4,0,0,0,0,0,0,0,1,0
-4,15,0,0,0,0,1,0,1,0,1
3,-13,0,0,0,0,0,1,0,0,0
-7,8,0,0,0,0,0,0,0,1,1
-6,9,0,0,0,0,0,0,0,0,1
-18,0,0,0,0,0,0,0,0,0,2
10,6,0,0,0,0,1,0,0,0,1
22,16,0,0,0,0,1,0,0,0,1
20,-13,0,0,0,0,0,0,0,0,0
-10,11,0,0,0,0,0,1,0,0,2
-4,3,0,0,0,0,0,0,0,0,1
28,13,0,0,1,0,0,0,0,0,1
0,-13,0,0,0,0,0,0,0,0,0
8,-7,0,0,0,0,0,0,0,0,0
-1,2,1,0,0,0,0,0,0,0,1
-25,-5,0,0,0,0,0,0,0,0,0
11,-2,0,0,0,0,0,0,0,0,0
-13,-1,0,0,0,1,0,0,0,0,0
-1,-3,0,0,0,0,0,0,0,1,0
-3,-18,0,1,0,0,0,0,0,1,0
7,5,0,0,0,0,0,0,0,0,1
6,-12,0,0,0,0,1,0,1,0,3
13,17,1,0,0,0,0,0,0,0,1
6,-4,0,0,0,0,0,0,0,0,0
-16,14,0,0,0,1,0,0,0,0,1
2,5,0,0,0,0,0,0,0,1,1
-10,11,0,0,0,0,0,0,0,0,1
13,2,0,0,0,0,1,0,0,0,1
11,-2,0,0,0,0,0,0,0,0,0
-8,1,0,0,0,0,0,0,0,1,1
-12,-2,0,0,0,0,0,0,0,0,0
-9,8,1,0,0,0,0,0,0,0,1
-9,-1,0,0,0,0,0,1,0,0,0
-14,-6,0,0,0,0,0,0,0,1,0
-10,1,0,0,0,0,0,0,0,0,1
-11,16,1,0,0,0,0,0,0,0,1
-8,-4,0,0,0,0,0,0,0,0,0
-9,-9,0,0,0,0,0,0,0,0,0
-17,2,0,0,0,0,1,0,0,0,1
-7,2,0,0,0,0,0,0,0,0,1
13,-1,0,0,0,0,0,1,0,0,0
12,4,0,0,0,0,0,0,0,0,1
8,-2,0,0,0,0,0,0,0,1,0
13,-7,0,0,0,0,1,1,0,0,3
18,-4,0,0,1,0,0,0,0,0,0
-2,-3,0,0,0,0,0,0,0,0,0
16,-12,0,0,0,0,0,0,0,0,0
7,-14,0,0,0,0,0,0,0,0,0
13,-8,0,0,0,0,0,0,0,0,0
8,-4,0,0,0,0,0,0,0,0,0
-4,-3,0,0,0,0,0,0,0,0,0
1,1,1,0,0,0,0,1,0,0,3
-18,10,0,0,0,0,0,0,0,1,1
-16,3,0,0,0,0,0,0,1,1,1
11,7,0,0,0,0,0,0,0,0,1
10,0,1,0,0,0,0,0,0,0,3
4,-6,0,0,0,0,0,0,0,0,0
14,4,0,0,0,0,0,0,0,0,1
0,-1,1,0,0,1,0,0,0,0,1
-3,-8,0,0,0,0,0,0,0,0,0
4,8,0,0,0,0,0,0,0,0,1
21,5,0,0,0,0,1,0,1,0,1
13,-11,0,0,0,0,1,0,0,0,3
17,3,0,0,0,0,0,0,0,0,1
3,-4,0,0,0,0,0,0,0,0,0
-3,-7,0,0,0,0,0,0,1,0,0
5,-12,0,1,0,0,0,0,0,0,0
4,-11,0,0,0,0,0,0,0,0,0
16,-1,0,0,0,0,0,0,0,0,0
14,-11,0,0,0,0,0,0,0,0,0
-18,-4,0,0,0,0,0,0,0,0,0
-23,-11,0,0,0,0,0,0,0,0,0
-13,2,1,0,0,0,0,0,1,1,1
-20,8,0,0,0,0,1,0,0,0,1
7,3,1,0,0,0,0,0,0,0,1
-12,2,0,0,0,0,0,0,0,0,1
-9,-5,0,0,0,0,0,0,0,0,0
1,2,0,0,0,1,0,0,0,0,1
-15,-7,0,0,0,0,0,0,0,1,0
15,0,0,0,0,0,0,0,0,0,3
18,0,0,0,0,0,0,0,0,0,3
-25,4,0,0,0,1,1,0,0,0,1
-3,-10,0,0,0,0,1,0,0,0,2
-13,-14,0,0,0,0,0,0,0,0,0
10,4,0,0,0,0,0,0,1,0,1
11,13,0,0,0,0,0,0,0,1,1
22,-4,0,0,0,0,1,0,0,0,3
-2,3,0,0,0,0,0,0,0,0,1
7,14,0,0,0,0,0,1,0,0,3
-9,5,1,0,0,0,0,0,0,0,1
-4,8,0,0,0,0,0,0,0,0,1
-5,9,0,0,0,0,0,1,0,0,2
-1,4,0,0,0,1,0,0,0,0,1
-4,0,0,0,0,0,0,0,0,0,2
-8,3,0,0,0,0,0,1,0,0,2
18,1,0,0,1,0,0,0,0,0,1
-16,11,0,0,0,0,0,0,0,0,1
-22,12,0,0,0,0,0,0,0,0,1
6,10,0,0,0,0,0,0,0,0,1
-8,-8,0,0,0,0,1,0,0,0,2
-5,-4,0,0,0,0,0,0,0,0,0
22,3,0,0,0,0,0,0,0,0,1
-17,12,0,0,0,0,0,0,1,0,1
3,4,1,0,0,0,0,0,0,0,1
1,-8,0,0,0,0,0,0,0,0,0
16,7,0,0,1,0,0,1,0,0,3
1,14,0,0,0,0,0,0,0,0,1
-19,-5,0,0,0,0,0,0,0,0,0
12,-18,0,1,0,0,0,0,0,0,0
-15,4,0,0,0,0,0,0,0,0,1
18,-8,0,0,0,0,1,0,0,0,3
1,-3,0,0,0,0,0,0,0,0,0
21,-1,0,0,0,0,0,0,0,0,0
-21,-5,0,0,0,0,0,0,0,0,0
-9,12,0,0,0,0,0,0,0,0,1
-21,3,0,0,0,0,0,0,0,0,1
4,15,0,0,0,0,0,0,0,0,1
21,-12,0,0,0,0,0,0,0,0,0
-1,-12,0,0,0,0,1,0,0,0,2
20,18,1,0,0,0,0,0,1,0,1
-2,-6,0,0,0,0,0,0,1,1,0
1,10,1,0,0,0,0,0,0,0,1
-24,12,0,0,0,1,0,0,0,0,1
-19,3,0,0,0,0,1,0,0,0,1
8,-5,0,0,0,0,0,0,0,0,0
-1,-2,0,0,0,0,0,0,0,0,0
-15,1,0,0,0,0,0,0,0,0,1
0,-2,0,0,0,0,0,0,0,0,0
0,11,0,0,0,0,0,1,0,0,0
1,-14,0,0,0,0,0,0,0,0,0
19,5,0,0,0,0,0,0,0,0,1
-1,-9,0,0,0,0,0,1,0,0,0
16,-6,0,0,0,0,0,0,0,0,0
-1,10,0,0,0,0,0,1,0,0,2
13,1,0,0,0,0,0,0,0,0,1
-10,6,0,0,0,0,0,0,0,0,1
7,-1,0,0,0,0,0,0,1,0,0
-22,11,0,0,0,0,1,0,0,0,1
0,14,0,0,0,0,0,0,0,0,1
20,11,0,0,0,0,0,0,0,0,1
6,0,0,0,0,0,0,0,0,0,3
14,1,0,0,0,0,1,0,0,0,1
-22,0,0,0,0,0,0,0,1,0,0
2,-1,0,0,0,0,0,0,1,0,0
4,8,1,0,0,0,1,0,0,0,1
-5,-3,0,0,0,0,0,0,0,0,0
23,-3,0,0,0,0,0,0,0,0,0
-8,5,0,0,0,0,0,0,0,0,1
12,-10,0,0,0,0,0,0,0,0,0
-3,-5,0,0,0,0,0,0,0,0,0
5,3,0,0,0,0,0,0,1,0,1
8,7,1,0,0,0,0,0,0,1,1
0,-14,0,0,0,0,0,0,0,0,0
-13,0,0,0,0,0,0,0,0,0,2
-5,10,1,0,0,0,0,0,0,0,1
11,0,0,0,0,0,0,0,0,0,3
-2,-3,0,0,0,0,0,0,1,0,0
3,7,0,0,0,0,0,0,0,0,1
-3,3,0,0,0,0,0,0,0,0,1
-25,-1,0,0,0,1,0,0,0,0,0
1,2,0,0,0,0,0,0,0,0,1
1,-16,0,1,0,0,0,0,0,0,0
-28,1,0,0,0,1,0,0,0,0,1
9,1,0,0,0,0,0,1,0,0,3
-9,8,1,0,0,0,0,0,0,0,1
-10,-10,0,0,0,0,0,0,0,0,0
-7,-1,0,0,0,0,0,0,0,0,0
-8,-12,0,0,0,1,0,0,0,0,0
7,1,0,0,0,0,0,0,0,0,1
-23,5,0,0,0,0,0,0,0,0,1
-16,4,0,0,0,1,0,0,0,0,1
-6,13,0,0,0,0,0,0,0,0,1
6,-17,0,0,0,0,1,0,0,0,3
-14,-2,0,0,0,1,1,0,0,0,2
-15,-2,0,0,0,0,0,0,0,0,0
6,3,0,0,0,0,0,1,1,0,3
-8,2,0,0,0,0,0,0,0,0,1
-7,-1,1,0,0,0,0,0,1,0,1
4,-3,0,0,0,0,0,1,0,0,0
-4,-6,0,0,0,0,0,0,0,0,0
1,10,0,0,0,0,0,0,0,0,1
2,-7,0,0,0,0,0,1,0,0,0
-4,-10,0,0,0,0,0,0,0,0,0
0,-4,0,0,0,0,0,0,0,0,0
23,2,0,0,0,0,0,0,0,0,1
7,6,0,0,0,0,0,0,0,0,1
12,8,1,0,0,0,0,0,0,0,1
4,15,0,0,0,0,0,0,0,0,1
21,-8,0,0,0,0,0,0,0,0,0
-4,-6,0,0,0,0,0,0,0,0,0
2,-5,0,0,0,0,0,1,0,0,0
-1,6,0,0,0,0,0,0,0,1,1
9,7,0,0,0,0,0,0,0,0,1
-15,-16,0,0,0,0,0,0,0,0,0
-25,-6,0,0,0,0,0,0,0,0,0
-21,-1,0,0,0,0,1,0,0,0,2
-2,-9,0,1,0,0,0,0,0,0,0
8,-7,0,0,0,0,0,0,0,0,0
7,-10,0,0,0,0,0,0,0,0,0
14,2,1,0,0,0,0,1,0,0,3
3,-7,0,0,0,0,0,0,0,0,0
12,12,0,0,0,0,0,0,0,0,1
8,-9,0,0,0,0,0,0,0,0,0
11,-13,0,0,0,0,0,0,0,0,0
-4,-15,0,0,0,0,0,0,0,0,0
-11,-1,0,0,0,0,0,0,0,1,0
-11,-8,0,0,0,0,0,0,0,0,0
18,17,0,0,1,0,0,1,0,0,3
-4,-1,0,0,0,0,0,0,0,0,0
-1,3,0,0,0,0,0,1,0,0,2
13,6,0,0,0,0,0,0,1,0,1
12,-2,0,0,0,0,0,0,0,0,0
-24,4,0,0,0,1,0,0,0,0,1
16,5,0,0,0,0,0,0,0,0,1
9,8,0,0,0,0,0,0,0,0,1
-4,4,1,0,0,0,0,0,0,0,1
-11,13,0,0,0,0,1,0,1,0,1
2,-2,0,0,0,0,1,0,0,0,3
-17,0,0,0,0,0,0,0,1,0,0
-19,-1,0,0,0,0,0,0,0,1,0
-2,0,0,0,0,0,1,0,0,0,2
-6,2,0,0,0,0,1,1,0,0,2
-12,-4,0,0,0,0,0,1,0,0,0
3,14,1,0,0,0,0,0,0,0,1
9,-7,0,0,0,0,0,0,0,0,0
9,-7,0,0,0,0,0,0,0,0,0
7,-1,0,0,0,0,0,0,0,0,0
16,-10,0,1,0,0,0,0,0,0,0
-17,1,0,0,0,0,0,0,0,0,1
10,-13,0,0,0,0,0,0,0,0,0
14,-6,0,0,0,0,0,0,0,0,0
14,10,0,0,0,0,0,0,0,1,1
-2,-13,0,0,0,0,0,0,0,0,0
-21,4,0,0,0,0,1,0,0,0,1
13,3,0,0,0,0,0,0,0,0,1
-8,-13,0,0,0,0,0,0,0,0,0
3,-11,0,0,0,0,0,0,1,0,0
11,-7,0,0,0,0,0,0,0,0,0
12,11,1,0,0,0,0,0,0,0,1
-13,1,0,0,0,0,0,0,0,0,1
-1,-5,0,0,0,0,0,0,0,0,0
1,-1,0,0,0,0,1,0,0,0,3
0,4,0,0,1,0,0,0,0,0,1
7,-10,0,0,0,0,0,0,0,0,0
-13,9,1,0,0,0,0,0,0,0,1
1,1,0,0,0,0,0,0,1,0,1
-5,1,0,0,0,0,0,0,0,0,1
-4,8,0,0,0,0,0,1,0,0,2
16,-15,0,0,0,0,0,0,0,0,0
3,-5,0,0,0,0,0,0,0,1,0
-7,0,0,0,0,0,0,0,0,0,2
-12,-16,0,1,0,0,0,0,0,0,0
10,6,0,0,0,0,0,0,0,0,1
3,8,0,0,0,0,1,0,0,0,1
17,8,0,0,0,0,1,0,0,0,1
-2,10,0,0,0,0,0,1,0,0,2
-16,7,0,0,0,0,0,0,0,0,1
-9,9,0,0,0,0,1,0,0,0,1
-18,-2,0,0,0,0,0,0,0,0,0
-11,-13,0,1,0,0,0,0,0,0,0
-8,-8,0,0,0,1,0,0,0,0,0
1,-11,0,0,0,0,0,1,0,0,0
28,-3,0,0,1,0,0,0,0,0,0
-1,-2,0,0,0,0,0,0,0,0,0
-16,3,0,0,0,0,0,0,0,0,1
13,8,0,0,0,0,1,0,1,0,1
-17,6,1,0,0,0,0,0,0,0,1
16,1,0,0,0,0,0,0,0,0,1
-3,-3,0,0,0,0,0,1,0,0,0
-4,-2,0,0,0,0,1,0,1,1,1
4,1,0,0,0,0,0,0,0,0,1
24,4,0,0,0,0,0,0,0,0,1
11,-2,0,0,0,0,0,1,0,0,0
14,5,0,0,0,0,0,0,0,1,1
-1,6,0,0,0,0,0,0,0,0,1
-14,-4,0,0,0,0,0,0,0,0,0
-15,-3,0,0,0,0,0,0,0,0,0
27,3,0,0,0,0,0,0,0,1,1
-7,-3,0,0,0,1,0,0,1,0,0
-15,-9,0,0,0,0,0,0,0,1,0
1,5,0,0,0,0,0,1,0,1,0
-6,-11,0,0,0,0,0,0,0,0,0
-3,-4,0,0,0,0,0,0,0,0,0
-18,2,0,0,0,0,0,0,0,0,1
-11,9,0,0,0,0,1,0,0,0,1
5,8,0,0,0,0,0,0,0,0,1
-5,-8,0,0,0,0,0,0,1,0,0
-18,9,1,0,0,0,0,0,0,0,1
16,-3,0,0,0,0,0,0,0,0,0
1,-2,0,0,0,0,0,0,0,1,0
-8,-2,0,0,0,0,0,0,0,1,0
19,1,0,0,0,0,0,0,1,0,1
8,-14,0,0,0,0,0,0,0,0,0
-10,-3,0,0,0,0,0,1,1,0,0
13,1,0,0,0,0,0,0,0,0,1
-5,-2,0,0,0,0,0,0,0,0,0
4,1,0,0,0,0,0,0,0,0,1
9,13,0,0,0,0,0,0,0,1,1
-13,-3,0,0,0,0,0,0,0,1,0
-14,7,0,0,0,0,0,0,0,0,1
-5,4,0,0,0,0,0,0,0,0,1
-21,6,0,0,0,0,0,0,0,1,1
2,11,0,0,0,0,0,0,0,0,1
-11,3,0,0,0,0,0,0,0,0,1
-15,-10,0,0,0,0,0,0,0,1,0
-1,-10,0,0,0,0,0,1,0,1,0
-3,-7,0,0,0,1,0,0,0,0,0
-1,-14,0,0,0,0,0,0,0,0,0
-20,13,0,0,0,0,0,0,0,0,1
18,3,0,0,0,0,0,0,0,0,1
-9,2,0,0,0,0,0,0,0,0,1
24,9,0,0,0,0,0,0,0,0,1
-16,3,0,0,0,0,0,0,0,0,1
3,-4,0,0,0,0,0,0,0,0,0
-4,5,0,0,0,0,1,1,0,0,2
-5,1,0,0,0,0,0,0,0,0,1
-3,15,0,0,0,0,0,0,0,0,1
2,-11,0,0,0,0,0,0,0,0,0
14,11,0,0,0,0,0,0,0,0,1
-2,3,0,0,0,0,0,0,0,0,1
-9,-11,0,0,0,0,0,0,0,1,0
-20,-6,0,0,0,1,0,0,0,0,0
-6,3,1,0,0,0,0,0,0,0,1
1,8,1,0,0,0,0,1,1,0,3
-9,9,0,0,0,0,0,0,0,0,1
-26,6,0,0,0,0,0,0,0,0,1
-5,-3,0,0,0,0,0,0,0,1,0
9,2,0,0,0,0,0,0,0,0,1
8,-2,0,0,0,0,0,0,0,0,0
-6,-11,0,0,0,0,1,0,0,0,2
-4,3,0,0,0,0,0,0,0,0,1
-15,-14,0,1,0,0,0,0,0,0,0
0,-9,0,0,0,0,0,0,0,0,0
-5,-2,0,0,0,0,0,0,0,0,0
0,0,1,0,0,0,0,0,0,1,1
0,8,0,0,0,0,0,0,1,0,1
-7,13,0,0,0,0,0,0,0,0,1
1,5,0,0,1,0,0,0,0,0,1
2,0,0,0,0,0,0,0,0,0,3
-6,16,1,0,0,0,0,0,0,0,1
8,2,0,0,0,0,0,0,0,1,1
-15,-3,0,0,0,0,0,1,0,1,0
-1,7,0,0,0,0,0,1,0,0,2
11,-3,0,0,0,0,0,0,0,0,0
-7,-4,0,0,0,0,0,0,0,0,0
-13,-7,0,0,0,0,0,0,1,0,0
-7,10,0,0,0,0,0,0,0,0,1
6,-12,0,0,0,0,0,0,0,0,0
11,15,0,0,0,0,0,0,1,0,1
-8,-4,0,0,0,0,0,0,0,0,0
-26,-9,0,0,0,0,0,0,0,0,0
-15,-3,0,0,0,0,0,0,0,0,0
14,12,1,0,0,0,0,0,0,0,1
-12,6,0,0,0,0,0,0,0,0,1
-1,14,1,0,0,0,0,0,0,0,1
1,7,0,0,0,0,0,1,0,0,3
23,13,0,0,1,0,0,0,0,0,1
-5,-9,0,0,0,0,0,1,0,0,0
11,-10,0,0,0,0,1,0,0,0,3
17,8,0,0,0,0,0,0,0,0,1
17,-3,0,0,1,0,0,0,0,0,0
28,4,0,0,1,0,0,0,0,0,1
26,-10,0,0,0,0,1,0,1,0,3
-2,-11,0,0,0,0,0,0,0,0,0
-24,5,0,0,0,0,0,0,0,0,1
10,-4,0,0,1,0,0,0,0,0,0
-9,4,0,0,0,0,0,0,1,0,1
-19,9,0,0,0,0,0,0,0,0,1
-1,12,0,0,0,0,1,0,0,0,1
-9,5,0,0,0,0,0,0,0,0,1
8,-3,0,0,0,0,1,0,0,0,3
-21,-15,0,0,0,1,0,0,0,1,0
-15,-11,0,0,0,0,0,0,0,0,0
20,-2,0,0,0,0,0,0,0,0,0
24,8,1,0,0,0,0,1,0,0,3
11,1,0,0,0,0,0,0,0,1,1
4,2,0,0,0,0,0,0,0,0,1
-18,1,0,0,0,0,0,0,0,0,1
-14,-6,0,0,0,0,0,0,0,0,0
-15,7,0,0,0,0,0,0,0,0,1
14,-7,0,0,0,0,0,0,0,1,0
-1,-4,0,0,0,0,0,0,0,0,0
-2,-4,0,0,0,0,0,0,0,0,0
12,-3,0,0,0,0,0,0,0,0,0
-8,-1,1,0,0,0,0,0,1,0,1
4,4,0,0,0,0,0,0,0,0,1
-19,-2,0,0,0,0,0,0,0,1,0
4,-7,0,0,0,0,0,0,1,0,0
14,0,0,0,0,0,0,0,0,0,3
2,7,0,0,0,0,0,0,0,0,1
-2,-2,0,0,0,0,0,0,0,0,0
-3,4,0,0,0,0,0,0,0,0,1
11,-4,0,0,0,0,0,0,0,0,0
16,-9,0,0,0,0,0,0,0,0,0
0,-2,0,0,0,0,0,0,0,0,0
5,-9,0,0,0,0,0,0,0,0,0
-13,18,1,0,0,0,0,0,0,0,1
-6,-13,0,0,0,0,0,0,0,0,0
4,2,0,0,0,0,0,0,0,0,1
9,-11,0,0,0,0,0,0,1,1,0
-3,2,0,0,0,1,0,0,0,0,1
3,-6,0,0,0,0,0,0,0,0,0
-14,-4,0,0,0,0,0,0,0,0,0
24,-1,0,0,1,0,0,0,0,0,0
-16,14,0,0,0,0,0,0,0,0,1
-8,6,0,0,0,0,0,1,0,0,2
-9,13,0,0,0,0,0,0,0,0,1
9,14,0,0,0,0,0,0,0,0,1
-8,4,0,0,0,0,1,0,0,0,1
-2,9,0,0,0,0,0,0,0,0,1
-1,-10,0,0,0,0,0,0,0,0,0
-10,-3,0,0,0,0,0,0,0,0,0
13,-7,0,0,0,0,1,0,0,0,3
-12,3,0,0,0,0,0,1,0,0,2
-27,1,0,1,0,0,0,0,0,0,2
-12,-4,0,0,0,0,0,0,0,0,0
6,-3,0,0,0,0,0,0,0,0,0
5,-9,0,0,0,0,0,0,0,0,0
-10,-3,0,0,0,0,0,0,0,0,0
1,-16,0,0,0,0,0,0,0,0,0
9,2,0,0,0,0,0,0,0,0,1
9,1,0,0,0,0,0,0,0,0,1
-24,-8,0,0,0,1,0,0,0,0,0
12,1,0,0,0,0,1,0,0,0,1
19,-12,0,0,1,0,0,0,0,0,0
-13,5,0,0,0,0,0,0,0,0,1
-23,-2,0,0,0,0,0,1,0,0,0
6,2,0,0,0,0,0,0,0,0,1
-6,0,0,1,0,0,0,0,0,0,2
-10,0,0,0,0,0,0,0,0,0,2
-3,-8,0,0,0,1,1,1,0,0,2
-5,-5,0,0,0,0,0,0,0,0,0
1,12,0,0,0,0,0,0,0,0,1
-20,3,0,0,0,1,0,0,0,0,1
0,-3,0,0,0,0,0,0,0,0,0
-4,4,0,0,0,1,0,0,0,0,1
18,0,0,0,0,0,0,0,1,0,3
4,-7,0,0,0,0,0,0,0,0,0
17,-5,0,0,0,0,0,0,1,0,0
-1,-8,0,0,0,0,0,0,0,0,0
-14,1,0,0,0,0,0,0,0,0,1
-17,-11,0,0,0,0,0,0,0,0,0
3,-2,0,0,0,0,0,0,0,0,0
10,-8,0,0,0,0,0,0,0,0,0
6,0,0,0,0,0,0,0,0,0,3
-2,10,0,0,0,0,1,0,0,0,1
7,9,1,0,0,0,1,0,0,0,1
9,-11,0,0,0,0,1,0,0,0,3
2,0,0,0,0,0,1,0,0,0,3
-11,-1,0,0,0,0,0,0,0,0,0
-12,8,0,0,0,0,0,0,0,0,1
-13,0,0,0,0,0,0,0,0,0,2
-27,16,0,0,0,1,0,0,0,0,1
-19,3,0,0,0,0,0,0,0,0,1
-4,6,0,0,0,0,0,0,0,1,1
-7,-1,0,0,0,0,1,0,0,0,2
7,-3,0,0,0,0,0,1,0,0,0
-14,12,0,0,0,0,0,0,0,0,1
14,12,0,0,0,0,0,0,0,0,1
-3,-12,0,0,0,0,0,0,0,1,0
-1,1,0,0,0,0,0,0,0,0,1
-2,-6,0,0,0,0,1,0,0,0,2
7,1,0,0,0,0,0,0,0,0,1
-5,18,1,0,0,0,0,0,0,0,1
-2,-8,0,0,0,0,0,0,0,0,0
4,15,1,0,0,0,0,0,0,0,1
1,-4,0,0,0,0,0,0,0,0,0
-11,-11,0,0,0,0,1,0,0,0,2
7,-2,0,0,0,0,0,0,0,0,0
4,-4,0,0,0,0,0,0,1,0,0
-20,-11,0,0,0,0,0,0,0,0,0
-9,-2,0,0,0,0,0,0,0,0,0
0,4,0,0,0,0,0,0,0,0,1
-23,-7,0,0,0,0,0,0,0,0,0
-10,9,1,0,0,0,0,0,0,0,1
-2,-12,0,0,0,0,0,0,0,1,0
-13,-5,0,0,0,0,0,0,0,0,0
-11,2,0,0,0,0,0,0,0,0,1
-7,-1,0,0,0,0,0,0,0,0,0
-1,-11,0,0,0,0,0,0,0,0,0
-18,6,0,0,0,1,0,0,0,0,1
6,-10,0,0,0,0,0,0,1,0,0
-12,-15,0,1,0,0,0,0,0,0,0
1,8,0,0,0,0,0,0,0,0,1
-14,-9,0,0,0,0,1,0,0,0,2
4,9,0,0,0,0,0,0,0,0,1
23,-6,0,0,1,0,0,0,0,0,0
-5,4,0,0,0,0,1,1,0,0,2
8,10,0,0,0,0,0,0,0,0,1
4,12,0,0,0,0,0,0,0,0,1
7,-9,0,0,1,0,0,0,0,1,0
-1,-5,0,0,0,0,1,0,0,0,2
-3,-1,0,0,0,0,1,0,0,0,2
-5,-11,0,0,0,1,0,1,0,0,0
-14,3,0,0,0,0,0,1,0,0,2
-17,-11,0,1,0,0,0,0,0,0,0
5,6,0,0,0,0,0,1,1,0,3
-1,15,0,0,0,0,0,0,0,0,1
19,-1,0,1,0,0,0,0,1,0,0
-14,2,0,0,0,0,0,0,0,0,1
1,3,0,0,0,0,0,0,0,0,1
5,7,0,0,0,0,0,0,0,1,1
13,8,0,0,0,0,0,0,0,0,1
-15,-1,0,0,0,0,0,1,0,0,0
5,-7,0,0,0,0,0,0,0,0,0
12,4,0,0,0,0,0,0,1,0,1
-4,-7,0,0,0,0,0,0,0,0,0
1,8,0,0,0,0,0,0,0,0,1
-17,4,0,0,0,0,0,0,1,0,1
-22,-8,0,0,0,1,0,1,0,0,0
-4,7,0,0,0,0,0,0,0,0,1
-21,-11,0,0,0,1,0,0,0,0,0
13,13,0,0,0,0,0,0,0,0,1
1,-5,0,0,0,0,0,0,1,0,0
-14,-4,0,0,0,0,0,1,0,0,0
13,14,0,0,0,0,0,0,0,1,1
-23,-8,0,0,0,0,0,0,0,0,0
21,3,0,0,0,0,0,0,0,1,1
-15,9,0,0,0,0,0,0,0,0,1
-14,0,0,0,0,0,0,0,0,0,2
-15,7,0,0,0,0,0,0,0,0,1
2,-6,0,0,0,0,0,0,0,0,0
-9,-10,0,0,0,0,0,0,0,0,0
-3,2,0,0,0,0,0,0,0,0,1
-15,-6,0,0,0,0,0,0,0,0,0
11,12,0,0,0,0,0,0,0,0,1
-5,-12,0,0,0,0,0,0,0,0,0
-7,11,0,0,0,0,0,0,0,0,1
26,0,0,0,1,0,0,0,0,0,3
-13,2,0,0,0,0,0,0,0,0,1
0,2,1,0,0,0,0,0,0,0,1
3,-1,0,0,0,0,1,0,0,0,3
13,-6,0,0,0,0,0,0,1,0,0
-6,0,0,1,0,0,0,0,0,0,2
11,-8,0,0,0,0,0,0,1,0,0
0,-11,0,0,0,0,0,0,0,0,0
6,8,0,0,0,0,0,0,0,0,1
2,5,0,0,0,0,0,1,0,0,3
-12,12,0,0,0,0,0,0,0,0,1
1,2,0,0,0,0,0,1,0,0,3
-12,-6,0,0,0,0,0,0,0,0,0
-5,11,0,0,0,0,0,0,1,0,1
0,-1,0,0,0,0,1,0,0,0,1
3,8,0,0,0,0,0,0,0,0,1
9,1,0,0,0,0,0,0,0,0,1
3,17,0,0,1,0,0,0,0,0,1
-8,-2,0,0,0,0,0,0,0,0,0
-12,-10,0,0,0,0,1,0,0,0,2
-25,-5,0,0,0,0,0,0,0,1,0
2,-2,0,0,0,0,0,0,0,0,0
-2,2,0,0,0,0,0,0,0,0,1
-2,-9,0,0,0,0,0,0,0,0,0
-15,4,0,0,0,0,0,0,0,0,1
12,-6,0,0,0,0,0,0,0,0,0
-25,-2,0,0,0,0,1,0,0,0,2
18,11,0,0,0,0,0,0,0,0,1
-18,11,0,0,0,1,0,0,0,0,1
-10,15,1,0,0,0,1,0,0,0,1
-10,2,0,0,0,0,0,0,0,0,1
-24,-12,0,0,0,0,0,0,0,0,0
-2,10,0,0,0,0,0,1,0,0,2
-1,-11,0,0,0,0,1,1,0,0,2
-18,13,0,0,0,0,0,0,0,0,1
-21,-4,0,1,0,0,0,0,0,0,0
0,4,0,0,0,0,0,0,0,0,1
-7,-5,0,0,0,0,1,0,0,0,2
-15,4,0,0,0,0,0,0,0,0,1
-4,-17,0,1,0,0,0,0,0,0,0
6,-3,0,0,0,0,0,0,0,0,0
4,-11,0,0,0,0,0,0,0,0,0
14,-4,0,0,0,0,1,0,0,0,3
0,4,0,0,0,0,1,0,0,0,1
-27,-12,0,0,0,0,0,0,1,0,0
19,2,0,0,0,0,0,0,0,0,1
2,-5,0,0,0,0,0,0,0,0,0
2,-1,0,0,0,0,0,0,1,0,0
0,-14,0,0,0,0,0,0,0,0,0
4,-4,0,0,0,0,0,0,0,0,0
-9,9,0,0,0,0,0,0,1,0,1
4,-2,0,0,0,0,0,0,1,0,0
-17,3,0,0,0,0,1,0,0,0,1
-3,9,1,0,0,0,0,0,0,0,1
6,-2,0,0,0,0,1,0,1,0,3
17,7,0,0,0,0,0,0,0,0,1
-6,11,0,0,0,0,0,0,0,0,1
-1,-4,0,0,0,0,1,0,0,0,2
-9,0,0,0,0,0,1,0,0,0,2
18,2,0,0,0,0,0,0,0,0,1
-21,8,0,0,0,0,0,0,0,0,1
7,2,1,0,0,0,0,0,1,0,1
10,-8,0,0,0,0,0,0,0,0,0
3,5,0,0,0,0,0,0,0,0,1
-12,-11,0,0,0,0,0,0,0,0,0
11,7,0,0,0,0,0,0,0,0,1
13,-8,0,0,0,0,0,1,0,1,0
18,3,0,0,1,0,0,0,1,0,1
3,-10,0,0,0,0,0,0,0,0,0
7,3,0,0,0,0,0,0,0,0,1
17,5,0,0,0,0,1,0,0,0,1
-12,10,0,0,0,0,0,0,0,0,1
-5,0,0,0,0,0,0,0,0,0,2
-10,1,0,0,0,0,0,1,0,0,2
-22,-15,0,1,0,1,0,0,0,0,0
0,2,0,0,0,0,0,0,0,0,1
7,0,0,0,0,0,0,0,0,0,3
-19,3,0,0,0,0,0,0,1,0,1
22,-7,0,0,0,0,0,0,0,0,0
-5,2,0,0,0,0,0,0,0,0,1
10,8,0,0,0,0,0,0,0,0,1
-9,5,0,0,0,0,1,1,0,1,2
-16,-11,0,0,0,0,0,0,0,0,0
-13,9,0,0,0,0,0,0,0,0,1
-8,-4,0,0,0,0,0,1,1,0,0
-13,18,1,0,0,0,0,0,0,0,1
-3,13,0,0,0,1,0,0,1,0,1
-10,-4,0,0,0,0,0,0,0,0,0
-8,-1,0,0,0,0,0,0,1,0,0
19,-16,0,0,0,0,0,0,0,1,0
-9,13,0,0,0,0,0,0,0,1,1
-5,-4,0,0,0,0,0,0,0,1,0
3,-12,0,0,0,0,0,0,0,0,0
-5,0,0,1,0,0,0,1,0,0,2
13,-4,0,0,0,0,0,0,0,0,0
-14,-11,0,0,0,0,0,0,0,1,0
-15,-4,0,0,0,0,0,0,0,0,0
-21,4,0,0,0,1,0,0,0,0,1
-13,13,0,0,0,0,0,0,1,0,1
15,-5,0,1,0,0,0,0,0,0,0
2,-13,0,0,0,0,0,0,0,1,0
24,1,0,0,0,0,0,0,0,1,1
6,7,0,0,0,0,0,0,0,0,1
16,-11,0,0,0,0,0,0,0,0,0
-2,-3,0,0,0,0,1,0,0,1,2
1,-1,0,0,0,0,0,0,0,0,0
-7,8,0,0,0,0,0,0,0,0,1
2,-1,0,0,0,0,0,0,0,0,0
-6,3,0,0,0,0,0,0,0,1,1
0,-10,0,0,0,0,0,0,1,0,0
-16,5,0,0,0,0,0,0,0,0,1
-7,5,0,0,0,0,0,0,0,0,1
-11,3,1,0,0,0,0,0,0,0,1
-8,1,0,0,0,0,0,1,0,0,2
6,-15,0,0,0,0,0,0,0,1,0
2,16,1,0,0,0,0,0,0,0,1
-3,16,1,0,0,0,0,0,0,0,1
20,-10,0,1,1,0,0,0,1,0,0
-10,11,0,0,0,0,0,1,0,0,2
-8,-1,0,0,0,0,0,0,0,0,0
-5,-7,0,0,0,0,0,0,0,0,0
8,3,0,0,0,0,0,0,0,0,1
-7,6,0,0,0,0,0,0,0,0,1
-5,5,0,0,0,0,0,0,0,0,1
-15,2,0,0,0,1,0,0,0,0,1
5,-8,0,0,0,0,0,0,0,0,0
7,-10,0,0,0,0,0,0,0,0,0
-22,3,0,0,0,0,0,0,0,0,1
-21,-7,0,0,0,0,0,0,0,0,0
-5,10,0,0,0,0,0,1,0,0,2
-2,1,0,1,0,0,0,0,0,0,2
-26,0,1,0,0,0,0,0,0,0,2
25,-6,0,0,0,0,0,0,0,0,0
-12,7,0,0,0,0,0,0,0,0,1
-3,-8,0,0,0,0,0,0,0,0,0
10,15,0,0,0,0,0,0,1,0,1
-18,-15,0,0,0,1,0,0,0,0,0
-6,-15,0,0,0,0,0,1,0,0,0
-17,7,0,0,0,0,0,0,0,0,1
12,-5,0,0,0,0,0,0,0,0,0
17,-12,0,0,0,0,0,0,0,0,0
13,-7,0,0,0,0,1,0,0,0,3
7,-4,0,0,0,0,0,0,0,0,0
23,-13,0,0,0,0,0,0,0,0,0
10,7,0,0,0,0,0,1,0,0,3
-7,13,0,0,0,0,0,1,0,0,2
8,2,0,0,0,0,1,0,0,0,1
0,-1,0,0,0,0,0,0,0,0,0
7,-16,0,1,0,0,0,0,0,0,0
-3,7,0,0,0,0,0,0,0,0,1
1,-10,0,0,0,0,0,0,1,0,0
18,5,0,0,0,0,0,0,1,0,1
-14,5,0,0,0,0,0,0,0,0,1
-16,-13,0,0,0,0,0,0,0,0,0
-11,-7,0,0,0,0,0,0,0,0,0
-16,-14,0,0,0,0,0,0,1,0,0
3,-11,0,1,1,0,0,0,0,1,0
8,14,0,0,0,0,0,0,0,1,1
-10,-1,0,0,0,0,0,0,0,0,0
-14,-5,0,0,0,0,0,1,0,0,0
-9,-3,0,0,0,0,0,0,0,0,0
10,-5,0,0,0,0,0,1,0,0,0
16,-3,0,0,0,0,0,0,0,0,0
6,4,0,0,0,0,0,0,0,0,1
-20,5,0,0,0,0,0,0,0,0,1
2,7,1,0,0,0,0,0,0,1,1
-11,5,0,0,0,0,0,1,0,0,2
-2,8,0,0,0,0,0,0,0,0,1
2,10,1,0,0,0,0,0,1,0,1
-7,9,0,0,0,0,0,0,0,0,1
-4,5,0,0,0,0,0,0,0,0,1
-20,14,0,0,0,0,1,0,0,0,1
20,-3,0,0,0,0,1,0,0,1,1
16,3,0,0,0,0,0,0,0,0,1
-13,-3,0,0,0,0,0,0,0,1,0
-16,14,0,0,0,0,1,0,1,0,1
-4,1,0,0,0,0,0,0,0,0,1
-4,-2,0,0,0,0,0,0,0,0,0
-20,-6,0,0,0,0,0,0,0,0,0
2,11,0,0,0,0,1,0,0,0,1
-8,-2,0,0,0,0,0,0,0,0,0
3,-1,0,0,0,0,0,0,0,0,0
-3,9,0,0,0,0,0,0,0,0,1
11,-9,0,0,0,0,0,0,0,0,0
8,4,0,0,0,0,0,0,0,0,1
13,-10,0,0,0,0,0,1,0,0,0
2,-3,0,0,0,0,0,0,0,1,0
-9,-1,0,0,0,0,0,0,0,0,0
3,-8,0,0,0,0,1,0,0,0,3
-13,0,1,0,0,0,0,0,0,0,2
1,3,0,0,0,0,0,1,1,0,3
18,-4,0,0,0,0,0,0,0,0,0
-14,-8,0,0,0,0,0,0,0,0,0
19,-13,0,1,0,0,0,0,0,0,0
-17,14,1,0,0,0,0,0,0,0,1
-23,1,0,0,0,1,0,0,0,0,1
3,2,0,0,1,0,1,1,0,0,3
2,-6,0,0,0,0,0,0,0,0,0
-20,-5,0,0,0,0,0,0,0,0,0
10,4,0,0,0,0,0,0,0,0,1
-7,0,0,0,0,0,0,0,0,0,2
13,3,0,0,1,0,0,0,0,0,1
1,10,0,0,0,0,0,0,0,0,1
1,-17,0,1,0,0,0,1,0,0,0
-5,10,0,0,0,0,0,0,1,1,1
-11,10,0,0,0,0,0,0,0,0,1
-8,-13,0,0,0,0,0,0,0,0,0
-16,-4,0,0,0,0,0,0,0,1,0
14,5,0,0,0,0,0,0,0,1,1
-9,-2,0,0,0,0,0,0,1,0,0
11,12,0,0,0,0,0,0,0,1,1
3,-7,0,0,0,0,0,0,0,0,0
7,-2,0,0,1,0,1,0,0,0,3
-4,7,0,0,0,0,0,0,0,0,1
-22,-6,0,0,0,0,0,0,0,0,0
20,-10,0,0,0,0,0,0,0,0,0
-4,-2,0,0,0,0,0,0,0,0,0
-6,8,1,0,0,0,0,0,0,0,1
15,-5,0,0,0,0,0,0,0,0,0
5,-2,0,0,0,0,0,0,0,0,0
20,-14,0,0,0,0,0,0,0,0,0
8,2,0,0,0,0,0,0,0,0,1
-8,9,0,0,0,0,1,0,0,0,1
-7,-7,0,0,0,0,0,0,0,0,0
7,-2,0,0,0,0,0,0,0,0,0
-12,-13,0,0,0,0,0,0,0,0,0
-21,-4,0,0,0,0,1,0,1,0,1
1,15,0,0,0,0,0,0,0,0,1
-4,12,0,0,0,0,0,0,0,0,1
23,16,1,0,0,0,0,0,0,0,1
-8,3,0,0,0,0,0,0,0,0,1
-13,-4,0,0,0,0,0,0,0,0,0
-13,-3,0,0,0,0,0,0,0,0,0
-2,-1,0,0,0,0,0,0,0,1,0
1,5,0,0,0,0,0,0,0,0,1
-6,3,0,0,0,0,0,0,0,0,1
-17,-11,0,0,0,0,0,0,0,0,0
28,-11,0,0,1,0,0,0,0,0,0
-23,2,0,0,0,0,0,0,0,0,1
4,11,1,0,0,0,0,0,0,0,1
-2,4,0,0,0,0,0,0,0,0,1
7,1,0,0,0,0,0,0,1,0,1
3,-5,0,0,0,0,0,0,0,0,0
2,4,0,0,0,0,1,0,0,0,1
4,-16,0,1,0,0,1,0,0,0,3
20,-3,0,0,0,0,0,0,0,0,0
-3,15,0,0,0,0,0,1,0,0,2
3,9,0,0,0,0,0,0,0,0,1
8,-7,0,0,0,0,0,0,0,0,0
5,-8,0,1,0,0,0,0,0,0,0
13,-10,0,0,0,0,1,0,0,0,3
-1,5,0,0,0,0,0,0,0,0,1
-21,-5,0,0,0,0,0,0,0,0,0
-1,11,0,0,0,0,0,0,0,0,1
15,4,0,0,0,0,0,0,0,1,1
-2,1,0,0,0,0,0,0,0,0,1
-2,-9,0,1,0,0,0,1,0,0,0
6,-5,0,0,0,0,0,0,1,1,0
2,-8,0,0,0,0,0,0,0,0,0
-10,3,1,0,0,0,0,0,0,0,1
8,8,0,0,0,0,0,0,0,0,1
3,-5,0,0,0,0,0,0,0,0,0
-4,-8,0,0,0,0,1,0,0,0,2
11,10,0,0,0,0,0,0,1,0,1
16,8,0,0,0,0,0,0,0,0,1
-3,-7,0,0,0,0,0,0,0,1,0
22,-2,0,0,0,0,0,0,0,0,0
9,-4,0,0,0,0,0,0,0,0,0
-10,1,0,0,0,0,0,0,0,0,1
-6,-3,0,0,0,0,0,1,0,0,0
-4,-1,0,0,0,0,0,0,0,0,0
5,5,1,0,0,0,0,0,0,0,1
1,12,0,0,0,0,0,0,1,0,1
10,-1,0,0,0,0,0,0,0,0,0
-18,8,0,0,0,0,0,0,0,0,1
-8,-11,0,0,0,0,0,1,0,0,0
14,-4,0,0,0,0,0,0,0,0,0
0,8,0,0,0,0,0,0,0,0,1
-19,-6,0,1,0,0,0,0,0,0,0
1,0,1,0,0,0,0,1,0,0,3
16,1,0,0,0,0,0,0,0,0,1
24,-1,0,1,0,0,0,0,0,0,0
-6,0,0,0,0,0,0,0,0,1,2
11,4,0,0,0,0,0,0,0,0,1
4,5,0,0,0,0,0,0,0,0,1
-6,7,0,0,0,0,0,0,0,0,1
-6,-1,1,0,0,0,0,0,0,0,2
7,3,0,0,0,0,0,0,1,1,1
-7,11,0,0,0,0,1,0,1,0,1
-17,8,0,0,0,0,0,0,0,0,1
6,-3,0,0,0,0,0,0,0,0,0
3,-6,0,0,0,0,0,0,0,0,0
-21,-10,0,0,0,0,1,0,0,0,2
-9,-4,0,0,0,0,0,0,0,0,0
8,-12,0,0,0,0,0,0,0,1,0
0,-3,0,0,0,0,0,1,0,1,0
-11,2,0,0,0,0,0,0,0,0,1
-1,6,0,0,0,0,0,0,1,0,1
2,-7,0,0,0,0,0,0,0,0,0
9,5,0,0,0,0,0,0,0,0,1
12,6,0,0,0,0,0,0,0,0,1
-3,11,1,0,0,1,1,0,0,0,1
21,5,0,0,0,0,0,0,0,1,1
-6,-8,0,0,0,0,0,0,0,0,0
-16,7,0,0,0,0,1,0,0,0,1
-14,-13,0,0,0,0,1,0,0,0,2
3,2,0,0,0,0,0,0,0,0,1
-14,-2,0,0,0,0,0,1,0,0,0
-13,14,0,0,0,0,0,1,1,1,0
-20,-15,0,0,0,0,0,0,0,0,0
26,-13,0,0,1,0,1,0,0,0,3
-10,-7,0,0,0,0,0,0,0,0,0
-16,4,0,0,0,0,0,0,0,0,1
6,2,0,0,0,0,0,0,0,0,1
10,8,0,0,0,0,0,0,0,0,1
-5,-9,0,0,0,0,0,0,0,0,0
-2,8,1,0,0,0,0,0,0,0,1
-3,3,0,0,0,0,0,0,0,0,1
-11,-2,0,0,0,0,0,0,1,0,0
13,6,0,0,0,0,0,0,0,0,1
12,9,1,0,0,0,0,0,0,0,1
4,2,0,0,0,0,0,0,1,0,1
7,6,0,0,0,0,0,0,0,0,1
-9,15,0,0,0,0,0,0,0,0,1
6,10,0,0,0,0,0,0,0,0,1
3,-8,0,0,0,0,0,0,0,0,0
4,-4,0,0,0,0,0,0,0,0,0
-2,3,0,0,0,0,0,0,0,0,1
11,-6,0,0,0,0,0,0,0,0,0
1,-8,0,0,0,0,0,0,0,0,0
-23,-14,0,0,0,0,0,0,0,0,0
-14,5,0,0,0,0,0,0,0,0,1
-3,-7,0,0,0,0,0,0,0,1,0
4,4,0,0,0,0,0,0,0,0,1
11,3,0,0,0,0,0,0,0,0,1
7,6,0,0,0,0,1,0,0,0,1
-10,13,0,0,0,0,0,0,0,1,1
12,-6,0,0,0,0,0,0,0,1,0
-5,-6,0,0,0,1,0,0,0,0,0
-5,2,1,0,0,0,0,1,0,0,2
-20,11,0,0,0,0,0,0,0,0,1
-1,5,0,0,0,0,1,1,0,0,2
19,4,1,0,0,0,0,0,0,0,1
-10,-2,0,1,0,0,0,0,0,0,0
0,-1,0,0,0,0,1,0,0,0,1
13,-7,0,0,0,0,0,0,0,0,0
5,15,0,0,0,0,1,1,0,0,3
-2,10,1,0,0,0,0,0,0,0,1
-6,-1,0,0,0,0,1,0,0,0,2
22,3,0,0,0,0,0,0,0,0,1
4,-9,0,0,0,0,1,0,0,0,3
-5,5,0,0,0,0,0,0,1,0,1
-5,0,0,0,0,0,0,0,0,0,2
5,-6,0,0,0,0,0,0,0,0,0
-5,10,0,0,0,0,1,0,1,0,1
6,4,0,0,0,0,0,0,0,0,1
-8,3,0,0,0,0,0,0,0,0,1
-15,6,1,0,0,0,0,0,0,0,1
16,-5,0,0,0,0,0,0,0,1,0
9,-3,0,0,0,0,0,0,0,0,0
-11,-4,0,0,0,0,0,0,1,0,0
2,7,1,0,0,0,0,0,0,1,1
-14,-14,0,0,0,0,0,0,0,0,0
6,-1,0,0,0,0,0,0,0,0,0
-9,-6,0,0,0,0,0,0,0,0,0
16,-4,0,0,0,0,0,0,0,0,0
-12,1,0,1,0,0,0,1,0,0,2
24,-8,0,0,0,0,0,0,0,0,0
-14,-3,0,0,0,0,0,0,0,0,0
10,4,0,0,0,0,0,0,0,0,1
11,-7,0,0,0,0,0,0,0,0,0
4,12,0,0,0,0,0,0,0,1,1
0,2,0,0,0,0,0,0,0,0,1
6,2,0,0,0,0,1,0,1,0,1
-20,-11,0,0,0,0,0,0,0,0,0
-8,-10,0,0,0,0,0,0,0,0,0
6,-3,0,0,0,0,1,0,0,0,3
15,0,0,0,0,0,0,0,0,0,3
-17,11,0,0,0,0,0,0,0,0,1
-10,15,0,0,0,0,0,0,0,0,1
2,-2,0,0,0,0,0,0,0,0,0
-11,4,0,0,0,1,1,0,0,0,1
-13,4,0,0,0,0,0,0,0,0,1
23,-8,0,0,1,0,0,0,0,0,0
9,-2,0,0,0,0,0,0,0,0,0
-16,14,0,0,0,0,0,0,0,0,1
6,3,0,0,0,0,0,1,0,0,3
10,-4,0,0,0,0,1,0,0,0,3
6,-9,0,0,0,0,0,0,0,0,0
-21,9,0,0,0,0,1,0,1,0,1
10,-7,0,0,0,0,0,1,1,0,0
2,4,1,0,0,0,0,0,0,0,1
26,-14,0,0,0,0,0,0,0,0,0
12,-5,0,1,0,0,0,1,0,0,0
-2,-5,0,0,0,0,0,0,0,0,0
11,7,0,0,0,0,0,1,0,0,3
-1,2,0,0,0,0,0,1,1,0,0
24,0,0,0,0,0,0,0,0,0,3
15,-4,0,0,0,0,0,0,1,0,0
-17,0,0,0,0,0,0,0,0,0,2
-4,7,0,0,0,0,0,0,0,1,1
-13,12,0,0,0,0,0,0,0,0,1
15,-2,0,0,1,0,0,0,0,0,0
11,-14,0,0,0,0,0,1,1,0,0
-2,14,1,0,0,0,0,0,0,1,1
18,2,0,0,0,0,0,0,0,0,1
2,7,0,0,0,0,0,0,0,0,1
-17,-1,0,0,0,0,0,0,0,0,0
6,11,0,0,0,0,0,0,0,1,1
3,0,0,0,0,0,0,0,0,0,3
1,4,0,0,0,0,0,0,0,0,1
-12,0,0,0,0,0,0,1,0,0,2
-1,-9,0,0,0,0,0,0,0,0,0
-13,6,0,0,0,0,0,0,0,1,1
-12,2,0,0,0,0,0,0,0,0,1
-16,-12,0,0,0,0,0,0,0,0,0
-5,-13,0,1,0,0,0,0,0,0,0
15,-5,0,1,0,0,0,0,0,0,0
-10,-2,0,0,0,0,0,0,0,0,0
3,15,0,0,0,0,0,0,0,0,1
17,6,1,0,0,0,0,0,0,0,1
1,0,0,0,0,0,0,0,0,0,3
11,-2,0,0,0,0,0,0,1,0,0
6,-15,0,0,0,0,1,0,0,0,3
0,-6,0,0,0,0,0,0,0,0,0
-1,-8,0,0,0,0,0,0,0,1,0
2,13,0,0,0,0,0,0,0,0,1
4,6,0,0,0,0,0,0,0,0,1
-14,-10,0,0,0,0,0,1,0,0,0
1,16,0,0,0,0,1,0,0,0,1
11,6,1,0,0,0,0,0,0,0,1
23,-10,0,1,0,0,0,0,0,0,0
-1,-13,0,0,0,0,0,0,0,0,0
10,-8,0,0,0,0,0,0,0,0,0
-16,2,0,0,0,0,0,1,0,0,2
2,-9,0,0,0,0,0,0,0,0,0
-2,-7,0,0,0,1,1,0,0,0,2
12,-10,0,0,0,0,0,0,1,1,0
-6,-1,0,0,0,0,0,0,0,0,0
23,-14,0,0,0,0,0,0,0,0,0
-3,10,0,0,0,0,0,0,0,0,1
-25,-7,0,1,0,0,0,0,0,0,0
-2,13,0,0,0,0,0,0,0,0,1
17,-4,0,1,1,0,0,0,0,0,0
-15,-1,0,1,0,0,0,0,0,0,0
-5,15,0,0,0,0,0,0,0,0,1
-1,3,0,0,0,0,0,0,1,0,1
-5,6,0,0,0,0,0,0,0,0,1
1,7,0,0,0,0,0,1,0,0,3
-6,11,1,0,0,0,0,0,0,0,1
14,-2,0,0,0,0,0,0,0,0,0
-12,-3,0,1,0,0,0,0,1,0,0
7,1,0,1,0,0,0,0,0,0,3
11,9,0,0,0,0,0,0,0,0,1
0,6,0,0,0,0,0,0,0,1,1
5,9,0,0,0,0,0,0,0,0,1
-6,1,0,0,0,0,1,0,0,0,1
19,-8,0,0,0,0,0,0,0,0,0
-10,4,0,0,0,0,0,0,0,0,1
-6,13,0,0,0,0,0,1,0,0,2
-14,0,0,0,0,0,0,0,0,0,2
1,12,1,0,0,0,0,0,0,0,1
15,-11,0,0,0,0,0,1,0,0,0
-13,8,0,0,0,0,0,0,0,0,1
2,-7,0,0,0,0,0,0,0,0,0
12,-4,0,0,0,0,0,0,0,1,0
3,-11,0,0,0,0,1,0,1,0,3
15,-3,0,0,0,0,0,0,0,0,0
7,8,0,0,0,0,0,0,0,0,1
13,6,0,0,0,0,0,0,0,1,1
4,8,0,0,0,0,0,0,0,0,1
-2,-16,0,0,0,0,0,0,0,0,0
-4,-12,0,0,0,0,1,0,0,0,2
-3,8,0,0,0,0,0,1,1,0,0
6,-9,0,0,0,0,0,0,0,0,0
9,-3,0,0,0,0,0,0,0,1,0
-15,-3,0,1,0,0,0,0,0,0,0
-12,6,0,0,0,0,0,0,0,0,1
7,-4,0,0,0,0,0,0,0,1,0
1,-6,0,0,1,0,1,0,0,0,3
20,3,0,0,0,0,0,0,0,0,1
-2,-3,0,0,0,0,1,1,0,1,2
7,-5,0,0,0,0,0,0,0,0,0
10,7,0,0,0,0,0,0,0,0,1
-1,-11,0,0,0,0,0,0,0,0,0
7,-6,0,0,0,0,0,0,0,0,0
-16,-8,0,0,0,0,1,0,0,0,2
-1,-1,0,0,0,0,0,0,0,0,0
8,2,0,0,0,0,0,0,0,0,1
-6,7,0,0,0,0,0,0,0,0,1
-3,0,0,0,0,0,0,0,0,0,2
-7,-13,0,0,0,0,0,0,0,0,0
6,-3,0,0,0,0,0,0,0,0,0
8,-6,0,0,0,0,1,0,0,0,3
-23,-2,0,0,0,0,0,0,1,0,0
3,-2,0,0,0,0,1,0,0,0,3
-4,-10,0,1,0,0,0,0,0,0,0
-13,8,0,0,0,0,0,0,0,1,1
-1,-4,0,0,0,0,0,0,0,0,0
-6,0,0,0,0,0,0,0,0,0,2
3,-6,0,0,0,0,0,0,0,0,0
-16,-16,0,0,0,0,0,0,0,0,0
-1,-2,0,0,1,0,0,0,0,0,0
-8,4,0,0,0,0,1,0,0,0,1
2,13,0,0,0,0,1,0,0,0,1
13,15,0,0,0,0,0,0,0,0,1
9,14,0,0,1,0,0,0,0,0,1
22,-10,0,0,0,0,0,0,0,0,0
6,15,0,0,0,0,0,0,0,0,1
-8,-2,0,0,0,1,0,0,0,0,0
-8,-2,0,1,0,0,0,0,0,0,0
9,2,0,0,0,0,0,0,0,1,1
-2,-3,0,0,0,0,0,0,0,0,0
-10,4,0,0,0,0,0,0,0,0,1
-1,-1,0,0,0,0,0,0,1,0,0
-7,15,0,0,0,0,0,0,0,0,1
15,-9,0,0,0,0,0,1,0,0,0
-18,-2,0,0,0,0,0,0,0,0,0
-6,-2,0,0,0,0,0,0,1,0,0
-3,-9,0,1,0,0,0,0,0,0,0
-13,18,1,0,0,0,0,0,0,0,1
12,-13,0,0,0,0,0,0,0,0,0
2,6,0,0,0,0,0,0,0,0,1
18,-3,0,0,0,0,0,1,0,0,0
-12,0,0,0,0,0,0,1,0,0,2
-21,-14,0,0,0,0,0,0,0,0,0
-4,-10,0,0,0,0,0,0,0,0,0
7,2,0,0,0,0,0,0,0,0,1
17,4,0,0,0,0,1,0,0,0,1
-19,8,0,0,0,0,0,1,0,0,2
-14,1,0,0,0,0,0,0,1,0,1
-3,2,0,0,0,0,0,0,1,0,1
18,2,0,0,0,0,0,0,0,0,1
-19,5,1,0,0,0,0,0,0,0,1
3,10,0,0,0,0,0,0,1,0,1
10,2,0,0,0,0,0,1,0,0,3
-20,-17,0,0,0,0,0,0,0,0,0
-4,4,0,0,0,0,0,0,0,0,1
-1,15,1,0,0,0,0,1,0,0,2
-4,13,0,0,0,0,1,1,0,0,2
7,-10,0,0,0,0,0,0,0,0,0
-17,12,0,0,0,0,0,0,1,0,1
3,3,0,0,0,0,0,0,1,0,1
8,-13,0,0,0,0,0,0,0,0,0
4,-12,0,0,0,0,0,0,0,0,0
-14,11,0,0,0,0,0,0,0,0,1
26,-7,0,0,1,0,0,0,0,0,0
15,-7,0,0,0,0,0,0,0,0,0
-22,-1,0,0,0,0,0,0,0,0,0
-8,-3,0,0,0,0,0,1,0,0,0
-10,-4,0,0,0,0,0,0,0,0,0
8,-4,0,0,0,0,0,0,0,0,0
10,-5,0,0,0,0,0,1,0,0,0
-18,-4,0,0,0,0,0,0,0,0,0
15,-2,0,0,0,0,0,0,0,1,0
-17,6,0,0,0,0,0,0,0,0,1
-1,-2,0,0,0,0,0,0,0,0,0
-12,-3,0,0,0,0,0,0,0,0,0
4,-3,0,0,0,0,0,0,0,0,0
-5,-3,0,0,0,0,0,0,0,1,0
-8,5,0,0,0,0,0,0,0,0,1
0,15,0,0,0,0,0,0,1,0,1
4,-6,0,0,0,0,0,0,0,0,0
-2,-8,0,0,0,0,0,0,0,1,0
8,-2,0,0,0,0,1,0,0,0,3
-12,-2,0,0,0,0,0,0,0,1,0
2,-7,0,0,0,0,0,1,1,0,0
-10,-4,0,0,0,0,0,0,0,0,0
3,-10,0,0,0,0,0,0,0,0,0
-15,0,0,0,0,0,0,1,0,0,2
15,0,0,0,0,0,0,0,0,0,3
2,0,0,0,0,0,0,0,0,0,3
26,8,0,0,0,0,0,0,1,0,1
8,-4,0,0,0,0,0,0,1,0,0
20,-6,0,0,0,0,0,0,0,0,0
8,-10,0,0,0,0,0,0,0,1,0
-4,10,0,0,0,0,0,0,0,0,1
-10,-11,0,0,0,0,0,0,0,1,0
-5,16,1,0,0,0,0,0,0,0,1
18,-14,0,0,0,0,0,0,0,0,0
2,-4,0,0,0,0,0,0,0,1,0
-12,13,0,0,0,0,0,0,0,0,1
10,15,1,0,0,0,0,0,0,0,1
-22,6,0,0,0,0,0,0,1,0,1
-2,13,0,0,0,0,0,0,0,0,1
-4,-14,0,0,0,0,0,0,1,1,0
1,3,0,0,0,0,0,0,0,0,1
-17,8,0,0,0,0,0,0,0,0,1
3,12,0,0,0,0,0,0,0,0,1
0,-13,0,0,0,0,0,0,0,0,0
1,-7,0,0,0,0,0,1,0,0,0
-5,-2,0,0,0,0,0,0,0,0,0
-7,-1,0,0,0,0,0,0,0,0,0
-4,-9,0,0,0,0,0,0,0,0,0
-17,10,0,0,0,0,0,0,1,0,1
6,-4,0,0,0,0,0,0,0,0,0
-21,9,0,0,0,0,0,0,0,0,1
-5,-4,0,0,0,0,0,0,1,0,0
-11,4,0,0,0,0,0,0,0,0,1
-13,-4,0,0,0,0,0,0,0,1,0
-5,-11,0,0,0,0,0,0,0,0,0
12,10,0,0,0,0,0,0,0,0,1
-13,-11,0,0,0,0,0,0,0,0,0
8,7,0,0,0,0,0,1,0,0,3
11,6,0,0,0,0,0,0,0,0,1
-11,1,0,0,0,1,0,0,0,0,1
-6,-3,0,0,0,0,0,0,0,0,0
-26,-14,0,0,0,0,0,0,0,0,0
11,-11,0,0,0,0,0,0,0,0,0
-10,-1,0,0,0,0,0,0,0,0,0
-20,-10,0,0,0,0,0,0,0,0,0
6,7,0,0,0,0,0,0,0,0,1
14,-10,0,0,0,0,0,0,0,0,0
-7,2,0,0,0,0,0,0,0,0,1
11,14,0,0,0,0,0,1,1,0,3
3,-15,0,0,0,0,0,0,0,0,0
22,10,0,0,1,0,0,0,0,0,1
22,5,0,0,0,0,0,0,0,0,1
19,-11,0,0,1,0,0,0,1,0,0
-17,2,0,0,0,0,0,0,0,0,1
-10,8,0,0,0,0,0,0,0,1,1
-3,-9,0,1,0,0,0,0,0,0,0
-12,12,1,0,0,0,0,0,0,0,1
-1,4,0,0,0,0,0,0,0,0,1
-4,-16,0,1,0,0,0,0,0,0,0
18,6,0,0,0,0,0,1,0,0,3
-7,-16,0,1,0,0,0,1,0,1,0
-3,14,0,0,0,0,0,0,0,0,1
-12,-8,0,1,0,0,0,0,0,0,0
-2,6,0,0,0,0,0,0,0,0,1
-11,0,0,0,0,0,0,0,1,0,0
10,2,1,0,0,0,0,0,0,0,1
14,4,0,0,0,0,0,0,0,0,1
22,7,0,0,0,0,0,0,0,0,1
13,6,0,0,0,0,0,0,0,0,1
6,4,0,0,0,0,0,0,0,0,1
13,-12,0,0,0,0,0,0,0,0,0
20,12,0,0,0,0,1,0,0,0,1
18,-13,0,0,0,0,0,0,0,0,0
-12,-6,0,0,0,1,0,0,0,0,0
-15,4,0,0,0,0,0,0,0,0,1
-4,2,0,0,0,0,0,0,0,0,1
-3,-15,0,0,0,0,1,0,0,0,2
8,-1,0,0,0,0,1,0,0,0,3
-5,6,0,0,0,0,0,0,0,0,1
5,-10,0,0,0,0,0,0,0,0,0
-2,2,0,0,0,0,1,0,0,0,1
-12,-10,0,0,0,0,0,0,0,0,0
13,-16,0,1,0,0,1,0,1,0,3
2,-9,0,0,0,0,0,0,0,0,0
12,-4,0,0,0,0,0,0,0,0,0
-10,8,0,0,0,0,0,0,0,0,1
13,-14,0,0,0,0,0,0,0,0,0
9,-1,0,0,0,0,1,0,0,0,3
7,-10,0,0,0,0,0,0,0,0,0
2,-6,0,0,0,0,0,0,0,0,0
-12,-12,0,0,0,0,0,0,0,0,0
-8,12,0,0,0,0,1,0,0,0,1
-1,8,0,0,0,0,0,0,0,0,1
-3,5,0,0,0,0,0,0,0,0,1
-18,4,0,0,0,0,0,0,0,0,1
-27,13,0,0,0,1,0,0,0,0,1
-3,1,0,0,0,0,0,0,0,0,1
-4,11,0,0,0,0,0,0,1,0,1
12,0,1,0,0,0,0,0,0,0,3
6,-3,0,0,0,0,0,0,0,0,0
19,3,0,0,0,0,1,0,0,0,1
-2,15,0,0,0,0,0,0,0,0,1
0,2,0,0,0,0,0,0,0,0,1
-14,14,0,0,0,0,0,0,0,0,1
-2,12,0,0,0,0,0,0,0,0,1
-10,-6,0,0,0,0,0,0,0,0,0
-4,7,0,0,0,0,0,0,0,0,1
7,-7,0,0,0,0,0,0,0,0,0
-14,-1,0,0,0,0,0,0,0,0,0
22,-3,0,0,0,0,0,0,0,0,0
13,14,1,0,0,0,0,0,0,0,1
-2,-6,0,0,0,0,1,0,0,0,2
14,-3,0,0,0,0,1,0,0,0,3
-1,13,0,0,0,0,1,0,1,0,1
14,18,1,0,0,0,0,0,0,0,1
0,3,0,0,0,0,0,0,0,0,1
-26,3,0,0,0,0,0,0,0,0,1
17,-16,0,0,0,0,0,0,0,0,0
-13,3,1,0,0,0,0,0,0,1,1
9,1,0,0,0,0,0,0,0,0,1
20,3,0,0,0,0,0,0,0,0,1
-3,2,0,0,0,0,1,0,0,0,1
20,-8,0,0,0,0,0,0,0,0,0
-6,17,1,0,0,0,0,0,0,0,1
-19,-12,0,0,0,1,0,0,0,0,0
-7,4,0,0,0,0,0,0,0,0,1
5,4,0,0,0,0,0,0,0,0,1
-5,5,0,0,0,0,1,0,0,0,1
-1,-3,0,0,0,0,0,1,0,0,0
-3,0,0,0,0,0,0,0,0,0,2
1,4,0,0,0,0,0,1,0,0,3
2,8,0,0,0,0,1,0,0,0,1
0,7,0,0,0,0,0,0,0,0,1
14,0,0,0,0,0,0,1,0,0,3
-2,-3,0,0,0,0,0,1,0,0,0
21,2,0,0,0,0,0,0,0,0,1
-15,-14,0,0,0,0,0,0,0,0,0
4,1,0,0,0,0,0,0,0,0,1
7,-3,0,0,0,0,0,0,0,0,0
-13,-4,0,0,0,0,0,0,0,0,0
16,-8,0,0,0,0,0,0,0,0,0
-6,5,0,0,0,0,0,0,0,0,1
5,-16,0,0,0,0,0,0,0,0,0
20,11,1,0,0,0,0,1,0,0,3
-3,4,0,0,0,0,1,0,0,0,1
4,-6,0,0,0,0,0,0,0,1,0
-12,-6,0,0,0,0,0,0,1,0,0
-8,-4,0,1,0,0,0,0,0,0,0
8,7,0,0,0,0,0,0,0,0,1
-4,-11,0,0,0,0,0,0,0,0,0
-1,-3,0,0,0,0,1,0,0,0,2
-14,2,0,0,0,0,0,1,0,0,2
6,1,0,0,0,0,0,1,0,0,3
-2,3,0,0,0,1,0,0,0,0,1
9,-1,0,0,1,0,0,0,0,1,0
-4,2,0,0,0,0,0,0,0,0,1
15,-12,0,0,0,0,0,0,0,0,0
-8,17,0,0,0,0,0,0,0,0,1
6,13,1,0,0,0,0,0,0,0,1
16,-6,0,0,0,0,0,0,0,0,0
-27,-2,0,0,0,0,0,0,0,0,0
-3,-5,0,0,0,0,0,0,0,0,0
16,-4,0,0,0,0,0,0,0,0,0
-22,13,0,0,0,0,0,0,1,0,1
-5,0,0,0,0,0,0,0,0,0,2
-5,-2,0,0,0,0,0,0,0,1,0
-6,11,1,0,0,0,0,0,0,0,1
1,-1,0,0,0,0,0,1,0,0,0
-3,9,0,0,0,0,0,0,0,1,1
-19,14,1,0,0,0,0,0,0,0,1
5,-4,0,0,0,0,0,0,0,0,0
2,-3,0,0,0,0,0,0,0,0,0
8,-8,0,0,0,0,0,0,0,0,0
-8,-6,0,0,0,0,0,0,0,0,0
2,-6,0,0,0,0,0,0,0,0,0
9,18,1,0,0,0,1,0,0,0,1
-2,15,1,0,0,0,0,0,0,0,1
7,3,0,0,0,0,0,0,0,0,1
-2,10,0,0,0,0,0,0,0,0,1
-15,9,0,0,0,0,0,0,0,0,1
20,5,0,0,1,0,0,0,0,0,1
11,-5,0,0,0,0,0,0,0,0,0
5,2,0,0,0,0,1,0,0,0,1
-4,7,0,0,0,0,0,0,1,0,1
2,10,0,0,0,0,0,0,0,0,1
9,7,0,0,0,0,1,0,0,0,1
23,-5,0,1,0,0,0,0,0,1,0
11,-6,0,0,0,0,0,0,0,0,0
8,7,0,0,0,0,0,0,0,0,1
3,-6,0,0,0,0,0,0,0,0,0
-4,4,0,0,0,0,0,0,0,0,1
19,15,0,0,0,0,0,0,0,0,1
5,-7,0,0,0,0,0,0,0,0,0
-6,-16,0,0,0,0,0,0,0,1,0
0,11,1,0,0,0,0,0,0,0,1
-11,-3,0,0,0,0,0,0,0,0,0
7,-8,0,0,0,0,0,0,0,0,0
-7,18,1,0,0,0,0,0,0,0,1
-4,-7,0,0,0,0,0,0,1,0,0
-6,-10,0,0,0,0,1,0,0,0,2
14,-10,0,0,1,0,0,0,0,1,0
-10,-6,0,0,0,0,0,0,0,0,0
4,-2,0,0,0,0,0,0,0,1,0
4,-12,0,0,0,0,0,0,0,1,0
-1,-2,0,0,0,0,1,0,0,0,2
10,5,0,0,0,0,0,0,0,0,1
11,4,0,0,0,0,0,0,0,0,1
-13,-4,0,0,0,0,0,0,0,0,0
0,3,0,0,0,0,1,0,1,0,1
4,6,0,0,0,0,0,1,0,0,3
-2,10,0,0,0,0,0,0,0,0,1
19,-4,0,0,0,0,0,0,0,0,0
-19,-3,0,0,0,0,1,0,1,0,1
6,-9,0,0,0,0,0,0,0,0,0
26,2,0,0,1,0,0,0,0,0,1
6,-6,0,0,0,0,0,0,1,0,0
-15,-13,0,0,0,0,0,0,0,0,0
17,2,0,0,0,0,0,0,0,0,1
16,-4,0,0,0,0,0,0,1,1,0
11,-17,0,0,0,0,0,0,1,0,0
-18,9,0,0,0,0,0,0,0,0,1
-14,2,0,0,0,0,0,0,0,0,1
4,7,0,0,0,0,0,0,0,1,1
7,-10,0,0,1,0,0,0,0,0,0
-2,5,0,0,0,0,0,1,1,1,0
-3,-11,0,1,0,0,0,1,0,0,0
-12,-1,1,0,0,0,0,0,0,0,2
2,-7,0,0,0,0,0,0,0,1,0
-11,16,1,0,0,0,0,0,0,0,1
15,12,0,0,1,0,0,0,0,0,1
-20,11,0,0,0,0,0,0,0,0,1
13,3,0,0,0,0,0,0,1,0,1
-4,-10,0,0,0,0,0,0,0,0,0
23,-16,0,0,0,0,0,0,0,0,0
-23,14,0,0,0,1,0,0,0,0,1
-4,12,0,0,0,0,0,0,0,0,1
20,2,0,0,0,0,0,0,0,0,1
-19,-8,0,0,0,0,0,0,0,0,0
0,-1,0,0,0,0,0,0,0,0,0
-1,2,0,0,0,0,0,0,0,0,1
15,4,1,0,0,0,0,0,1,0,1
-2,11,1,0,0,0,0,1,1,0,3
-3,-13,0,0,0,0,0,0,0,0,0
10,-4,0,0,0,0,0,0,0,0,0
-16,-6,0,0,0,0,0,0,0,0,0
3,-7,0,0,0,0,0,0,1,0,0
5,2,0,0,0,0,0,0,0,0,1
-2,-1,0,0,0,0,0,0,0,1,0
9,-7,0,0,0,0,0,1,0,0,0
3,2,1,0,0,0,0,0,0,0,1
-14,-1,0,0,0,0,0,0,0,0,0
-9,3,0,0,0,0,0,0,0,0,1
4,-8,0,0,0,0,0,1,0,1,0
-2,9,0,0,0,0,0,0,0,0,1
-9,3,0,0,0,0,0,0,1,0,1
15,-9,0,0,0,0,0,1,1,0,0
7,11,0,0,0,0,0,0,0,0,1
-7,5,0,0,0,0,0,0,0,0,1
6,-2,0,0,0,0,0,1,0,0,0
-12,-1,1,0,0,0,1,0,0,0,2
-14,8,0,0,0,0,0,0,0,0,1
-2,-5,0,0,0,0,0,0,0,0,0
12,8,1,0,0,0,0,0,0,0,1
24,-12,0,0,0,0,0,0,0,0,0
-6,7,0,0,0,0,0,0,0,0,1
-2,8,0,0,0,0,0,0,0,0,1
-3,4,1,0,0,0,0,0,0,0,1
5,-5,0,0,0,0,0,0,0,0,0
-7,2,0,0,0,0,0,0,1,1,1
24,0,0,0,1,0,0,0,0,0,3
10,2,0,0,0,0,0,0,1,0,1
6,-3,0,0,0,0,0,0,0,0,0
-15,8,1,0,0,0,0,0,0,0,1
-21,2,0,0,0,0,0,1,0,0,2
15,0,0,0,0,0,1,0,0,0,3
15,11,0,0,0,0,0,0,0,0,1
-8,12,1,0,0,0,0,0,0,0,1
4,-5,0,0,0,0,1,0,0,0,3
-5,-5,0,0,0,0,0,0,0,0,0
2,1,0,0,0,0,0,1,0,0,3
3,3,0,0,0,0,0,0,0,0,1
15,4,0,0,0,0,0,0,1,0,1
-4,8,0,0,0,0,0,0,0,0,1
-26,-10,0,1,0,1,0,1,0,0,0
-10,1,0,0,0,0,0,0,0,0,1
-5,10,0,0,0,0,0,0,0,0,1
24,4,0,0,1,0,0,0,0,0,1
7,-11,0,0,0,0,0,0,1,0,0
3,16,0,0,0,0,0,0,0,0,1
-5,-10,0,0,0,0,0,0,0,0,0
-17,0,0,0,0,0,0,0,0,0,2
-5,-6,0,0,0,0,0,0,0,1,0
-2,-9,0,0,0,0,1,1,0,0,2
14,15,1,0,0,0,0,0,0,0,1
11,11,0,0,0,0,0,0,0,0,1
1,-7,0,0,0,0,0,0,1,0,0
17,-12,0,0,0,0,0,0,0,0,0
-4,5,0,0,0,0,1,0,0,0,1
-3,-5,0,0,0,0,0,0,0,0,0
24,-12,0,0,0,0,0,0,0,1,0
-28,1,0,0,0,1,0,0,0,1,1
6,-5,0,0,0,0,0,0,0,0,0
3,9,0,0,0,0,0,0,0,0,1
1,-16,0,0,0,0,0,1,0,0,0
-22,10,0,0,0,0,1,0,0,0,1
20,4,1,0,0,0,0,0,0,0,1
2,-7,0,0,0,0,0,0,0,0,0
-16,9,1,0,0,0,0,0,1,0,1
-1,-5,0,0,0,0,0,0,0,0,0
-4,2,0,0,0,0,0,0,0,0,1
1,-14,0,0,0,0,0,0,0,1,0
-13,8,0,0,0,0,0,0,0,0,1
4,13,0,0,0,0,0,0,0,0,1
-15,-3,0,1,0,0,0,0,0,0,0
-16,-11,0,0,0,0,1,0,0,0,2
-7,-8,0,0,0,0,0,0,0,0,0
2,5,0,0,0,0,0,0,0,0,1
5,7,0,0,0,0,0,0,0,0,1
-16,-12,0,0,0,0,0,0,0,0,0
2,12,0,0,0,0,1,0,0,0,1
11,-2,0,0,0,0,0,0,0,0,0
-5,-14,0,0,0,0,0,0,0,0,0
17,-4,0,0,0,0,1,0,0,0,3
-14,9,0,0,0,1,0,0,0,1,1
-2,14,1,0,0,0,0,0,0,1,1
21,-5,0,0,0,0,0,0,0,0,0
-9,-4,0,0,0,0,0,1,0,0,0
-24,1,0,0,0,0,0,0,0,0,1
-15,-8,0,1,0,0,0,0,0,0,0
1,-2,0,0,0,0,0,0,0,0,0
1,9,1,0,0,0,0,0,0,0,1
12,-18,0,1,0,0,0,0,0,0,0
18,4,0,0,0,0,0,0,0,0,1
11,-5,0,0,0,0,1,0,0,0,3
-2,-3,0,1,0,0,0,0,0,0,0
-10,3,0,0,0,0,0,0,0,0,1
10,8,0,0,0,0,0,0,0,0,1
-5,7,0,0,0,0,0,0,0,0,1
0,1,1,0,0,0,0,0,0,0,1
-16,2,0,0,0,0,0,0,1,0,1
-6,-2,0,0,0,0,1,0,0,0,2
-11,1,0,0,0,0,0,0,1,0,1
26,-8,0,0,1,0,1,0,0,0,3
-3,-10,0,0,0,0,0,1,0,0,0
-12,12,0,0,0,0,0,0,0,0,1
-25,-6,0,0,0,1,0,0,0,0,0
-11,-3,0,0,0,0,0,0,0,0,0
23,1,0,0,0,0,0,0,0,0,1
19,2,0,0,1,0,0,0,0,0,1
7,15,1,0,0,0,0,0,0,0,1
-3,8,0,0,0,0,0,0,0,0,1
18,-1,0,0,0,0,0,0,1,0,0
-13,2,0,0,0,0,0,0,0,0,1
-17,12,0,0,0,0,0,0,0,0,1
-25,3,0,0,0,0,0,0,0,0,1
9,0,0,0,0,0,0,1,0,0,3
-3,0,0,0,0,0,0,0,0,0,2
-3,9,0,0,0,0,0,1,0,0,2
-2,6,0,0,0,0,0,1,0,0,2
-9,8,0,0,0,0,1,0,1,0,1
1,5,0,0,0,0,1,0,0,1,1
3,9,0,0,0,0,1,1,0,0,3
2,10,0,0,0,0,0,0,0,0,1
-8,7,0,0,0,0,0,0,1,0,1
0,-11,0,0,0,0,1,0,0,0,1
-6,14,0,0,0,0,0,0,0,1,1
14,-1,0,1,0,0,0,0,0,0,0
6,-6,0,1,0,0,0,0,0,0,0
-10,0,0,0,0,0,0,0,0,0,2
16,0,0,0,0,0,0,0,0,0,3
-11,12,0,0,0,0,0,0,0,0,1
-1,-1,0,0,0,0,0,0,0,0,0
15,-1,0,0,1,0,0,1,0,0,0
10,2,0,0,0,0,0,0,0,0,1
-21,-14,0,0,0,0,1,1,0,0,2
12,8,0,0,0,0,0,0,0,1,1
0,-12,0,1,0,0,0,0,0,0,0
11,-3,0,0,0,0,1,0,0,0,3
2,-5,0,0,0,0,0,0,1,0,0
-2,4,1,0,0,0,0,0,0,0,1
19,-1,0,0,0,0,1,0,0,0,3
-12,-11,0,0,0,0,0,1,0,0,0
-2,5,1,0,0,0,0,1,0,0,2
-13,-11,0,0,0,0,0,0,0,0,0
0,-5,0,0,0,0,0,0,0,1,0
-9,9,1,0,0,0,0,1,0,0,2
16,2,0,0,1,0,0,0,0,0,1
11,12,0,0,1,0,0,1,0,0,3
-2,4,0,0,0,0,0,0,1,0,1
-14,15,1,0,0,0,0,0,0,0,1
-17,-3,0,0,0,0,1,0,0,0,2
6,-9,0,0,0,0,0,0,0,0,0
-8,10,0,0,0,0,0,0,0,0,1
-6,-3,0,0,0,0,0,0,1,1,0
6,0,0,0,0,0,0,0,0,1,0
-2,-9,0,0,0,0,0,0,0,0,0
-24,-4,0,0,0,0,0,0,0,0,0
-2,-4,0,0,0,0,0,0,0,0,0
1,-3,0,0,0,0,0,0,0,0,0
6,6,0,0,0,0,0,0,0,0,1
12,-9,0,0,0,0,0,0,1,0,0
-4,2,0,0,0,1,0,0,0,0,1
-4,7,0,0,0,0,0,0,0,0,1
-15,-4,0,0,0,0,0,0,0,0,0
7,13,0,0,0,0,1,0,0,0,1
8,10,0,0,1,0,1,0,0,0,1
-22,1,0,0,0,0,1,0,0,0,1
-20,-9,0,1,0,0,1,0,0,0,2
2,9,0,0,0,0,0,0,0,0,1
-11,-8,0,0,0,0,0,0,0,0,0
-5,1,0,0,0,0,1,0,0,0,1
-7,-4,0,0,0,0,0,0,1,0,0
-10,6,0,0,0,0,0,0,0,0,1
-7,-12,0,0,0,0,0,0,0,1,0
5,8,1,0,0,0,0,0,0,0,1
7,-7,0,0,0,0,0,0,0,0,0
-6,11,0,0,0,0,0,0,0,0,1
9,7,0,0,0,0,0,0,0,0,1
-10,-3,0,0,0,0,0,0,0,0,0
-10,12,0,0,0,0,0,0,0,0,1
-4,10,0,0,0,1,1,0,0,0,1
-4,-1,0,0,0,0,0,0,0,0,0
14,-3,0,0,1,0,0,0,0,0,0
14,10,0,0,1,0,0,0,0,0,1
7,-4,0,0,0,0,0,0,0,0,0
-6,4,0,0,0,0,0,0,0,0,1
-12,7,0,0,0,0,0,0,0,0,1
-1,4,0,0,0,0,0,0,0,0,1
25,6,0,0,0,0,1,0,0,0,1
-18,5,0,0,0,0,0,0,0,0,1
-18,5,0,0,0,0,0,0,0,0,1
-9,7,0,0,0,0,0,0,0,0,1
14,0,0,0,0,0,0,0,1,0,3
-3,8,0,0,0,0,0,0,0,0,1
10,7,0,0,0,0,0,0,0,1,1
-11,-17,0,1,0,0,0,0,0,0,0
21,-11,0,0,0,0,0,0,0,0,0
-12,-6,0,1,0,0,0,0,0,0,0
-5,6,0,0,0,0,0,0,0,0,1
10,6,0,0,0,0,0,0,0,0,1
-5,14,0,0,0,0,0,0,1,0,1
7,-4,0,0,0,0,0,0,0,0,0
14,-4,0,0,0,0,0,0,0,0,0
-14,1,0,0,0,0,0,0,0,0,1
6,-7,0,0,0,0,0,1,0,0,0
0,-1,0,0,0,0,0,0,0,0,0
-8,-13,0,0,0,0,0,0,1,0,0
16,-10,0,0,0,0,0,0,0,0,0
-5,10,0,0,0,0,0,0,0,0,1
-15,9,0,0,0,0,0,0,0,0,1
1,-13,0,0,0,0,0,0,0,1,0
-8,-13,0,0,0,0,0,0,0,0,0
-13,0,0,0,0,0,0,0,0,0,2
2,5,0,0,0,0,0,0,0,0,1
19,8,0,0,0,0,0,0,0,0,1
14,-2,0,0,1,0,0,0,0,0,0
2,-9,0,0,0,0,0,0,0,0,0
-12,0,0,0,0,0,0,0,0,0,2
20,-4,0,0,1,0,0,0,0,0,0
15,-6,0,0,0,0,0,0,0,0,0
7,-8,0,0,0,0,0,0,0,0,0
-9,-3,0,0,0,0,0,0,0,0,0
-13,5,0,0,0,0,0,0,0,0,1
16,-8,0,0,0,0,0,0,0,1,0
3,2,1,0,0,0,0,0,0,1,1
-9,-5,0,0,0,0,0,0,1,0,0
15,-14,0,0,0,0,0,0,0,0,0
5,4,0,0,0,0,0,0,0,0,1
1,5,0,0,0,0,1,0,0,1,1
10,1,0,0,0,0,0,0,1,0,1
-8,-7,0,0,0,0,1,0,1,0,1
10,-2,0,0,0,0,0,0,0,0,0
19,0,0,0,0,0,0,0,1,0,3
1,3,0,0,0,0,0,0,0,0,1
19,-10,0,1,1,0,0,0,0,0,0
9,3,0,0,0,0,0,0,0,1,1
-13,13,0,0,0,0,1,0,0,0,1
17,6,0,0,0,0,0,0,0,0,1
0,-1,0,0,0,0,0,0,1,0,0
0,15,0,0,0,0,0,0,1,1,1
-19,4,0,0,0,0,1,0,0,0,1
12,12,0,0,1,0,0,0,0,0,1
19,5,0,0,0,0,0,0,0,0,1
-2,1,0,0,0,0,0,0,0,0,1
6,-3,0,1,0,0,0,0,0,0,0
5,-4,0,0,0,0,0,0,0,0,0
0,-16,0,1,0,0,0,0,0,0,0
17,11,0,0,0,0,0,0,1,0,1
-13,8,0,0,0,0,0,0,0,0,1
-26,-1,0,0,0,0,0,0,0,0,0
-5,-11,0,0,0,0,0,0,0,0,0
-22,0,0,0,0,0,0,0,0,0,2
2,7,0,0,0,0,0,1,0,0,3
-11,-14,0,0,0,0,0,0,0,0,0
6,-4,0,0,0,0,0,0,0,0,0
1,12,0,0,0,0,1,0,0,0,1
-21,-10,0,1,0,0,0,0,0,0,0
7,0,0,0,0,0,0,0,0,1,0
13,-10,0,0,0,0,0,0,0,0,0
-1,-8,0,0,0,0,0,0,0,0,0
-4,-6,0,0,0,0,0,0,0,1,0
9,9,0,0,0,0,0,0,0,0,1
-12,14,0,0,0,0,0,0,0,0,1
-4,13,0,0,0,0,0,0,0,0,1
-11,1,0,0,0,0,0,1,0,0,2
12,-7,0,0,0,0,0,0,0,0,0
-2,5,0,0,0,0,1,1,0,0,2
-2,8,0,0,0,0,0,0,0,0,1
-8,1,0,0,0,0,0,0,0,0,1
-16,0,0,0,0,0,0,0,0,0,2
2,12,1,0,0,0,0,0,0,0,1
4,-12,0,0,0,0,0,0,0,0,0
11,6,0,0,0,0,0,0,1,0,1
23,1,0,0,0,0,0,1,1,0,3
25,-9,0,0,0,0,0,0,0,0,0
-3,3,0,0,0,0,0,0,0,0,1
1,-1,0,0,0,0,0,0,0,0,0
-13,-5,0,0,0,0,0,1,0,0,0
16,10,0,0,0,0,1,0,0,1,1
3,-13,0,1,0,0,0,0,0,0,0
1,4,0,0,0,0,0,1,0,0,3
11,-3,0,0,0,0,0,0,0,0,0
-5,1,0,0,0,0,0,0,0,1,1
-14,3,0,0,0,0,0,0,0,0,1
1,0,0,0,0,0,0,0,0,0,3
3,1,1,0,0,0,0,1,0,1,2
2,-9,0,0,0,0,0,0,0,0,0
10,-6,0,0,0,0,0,0,1,0,0
-6,-9,0,0,0,0,1,0,0,0,2
-4,5,0,0,0,0,0,0,0,0,1
1,-3,0,0,0,0,0,0,0,0,0
-4,1,0,1,0,0,1,0,0,0,2
-8,16,0,0,0,0,0,0,0,0,1
-26,4,0,0,0,0,0,0,0,0,1
-23,6,0,0,0,0,0,1,0,0,2
-1,5,0,0,0,1,1,0,0,1,1
1,0,0,0,0,0,1,1,0,0,3
8,-6,0,0,0,0,0,0,0,0,0
-11,3,0,0,0,0,0,0,0,0,1
19,-9,0,0,0,0,0,0,0,0,0
17,-3,0,0,0,0,1,1,0,0,3
13,11,0,0,0,0,0,0,0,0,1
10,9,0,0,0,0,0,0,0,1,1
-5,-5,0,1,0,0,0,0,0,0,0
1,-6,0,0,0,0,0,0,0,0,0
13,-8,0,0,0,0,0,0,0,0,0
6,-11,0,0,0,0,0,0,0,1,0
-2,-4,0,0,0,0,0,0,0,0,0
-19,-9,0,0,0,0,0,0,0,0,0
-1,5,0,0,0,0,0,0,0,0,1
-4,0,0,0,0,0,0,0,0,0,2
17,-11,0,0,0,0,0,0,1,0,0
13,15,1,0,0,0,0,0,0,1,1
16,7,0,0,0,0,0,0,0,0,1
11,7,0,0,0,0,0,0,0,0,1
-23,8,0,0,0,1,0,0,0,0,1
13,0,0,0,0,0,0,0,0,0,3
-16,0,0,0,0,0,1,0,0,1,2
0,6,1,0,0,0,1,0,0,0,1
-8,-1,0,0,0,0,0,0,0,0,0
-1,7,0,0,0,0,1,0,0,0,1
24,-2,0,0,0,0,0,0,0,0,0
15,-10,0,0,0,0,0,0,0,0,0
15,4,0,0,0,0,0,0,0,0,1
-24,17,1,0,0,0,1,0,0,0,1
0,-9,0,0,0,0,0,0,0,1,0
16,-3,0,0,0,0,0,0,0,0,0
-12,3,0,0,0,0,1,0,0,1,1
5,1,0,0,0,0,0,0,0,0,1
-1,1,0,0,0,0,0,0,0,0,1
-8,-14,0,0,0,0,0,0,0,0,0
-10,7,0,0,0,0,0,1,0,0,2
19,2,0,0,0,0,0,0,1,0,1
-17,18,1,0,0,1,1,0,0,1,1
10,-3,0,0,0,0,0,0,0,0,0
1,14,0,0,0,0,0,0,1,0,1
5,9,0,0,0,0,0,0,0,0,1
5,14,0,0,0,0,1,0,0,0,1
-1,7,0,0,0,0,0,0,0,0,1
17,3,0,0,0,0,1,0,0,0,1
-2,5,0,0,0,0,0,0,0,0,1
1,8,0,0,0,0,0,0,1,0,1
-2,4,0,0,0,0,1,0,0,0,1
-14,-7,0,0,0,0,0,0,0,0,0
-23,2,0,0,0,1,0,0,0,1,1
3,3,0,0,0,0,0,0,0,0,1
-7,11,0,0,0,0,0,0,0,0,1
13,-7,0,0,0,0,0,0,0,0,0
-5,-5,0,0,0,0,0,0,0,0,0
11,-3,0,0,0,0,0,0,0,0,0
17,5,0,0,0,0,0,1,0,0,3
5,1,1,0,0,0,0,0,0,0,1
-5,-2,0,0,0,0,0,0,0,1,0
12,8,0,0,0,0,0,0,0,1,1
-7,4,0,0,0,1,0,0,0,0,1
-13,-3,0,0,0,0,0,0,0,0,0
-19,7,0,0,0,0,1,0,0,1,1
-12,-3,0,0,0,0,0,0,1,0,0
11,4,1,0,0,0,0,0,0,0,1
13,13,0,0,0,0,0,0,0,0,1
0,-6,0,0,0,0,0,1,0,1,0
-19,3,0,0,0,0,0,0,0,0,1
-4,3,0,0,0,0,1,0,0,0,1
-4,-12,0,0,0,0,0,0,0,0,0
-12,4,0,0,0,0,0,0,0,0,1
2,-1,0,0,0,0,0,0,0,1,0
15,-1,0,0,0,0,1,0,0,0,3
3,6,0,0,0,0,0,0,0,0,1
-24,-6,0,0,0,0,0,0,0,0,0
-10,-15,0,1,0,0,0,0,0,0,0
-20,3,0,0,0,1,1,0,0,0,1
5,13,1,0,0,0,0,0,0,0,1
-4,-1,0,0,0,0,0,0,0,0,0
20,-2,0,0,0,0,0,0,1,0,0
21,3,0,0,0,0,0,0,0,0,1
12,14,1,0,0,0,0,1,0,0,3
5,5,0,0,0,0,0,0,1,0,1
1,-10,0,0,0,0,1,0,0,0,3
0,-7,0,0,0,0,0,0,0,0,0
0,-1,0,0,0,1,0,0,0,1,0
-4,2,0,0,0,0,1,0,0,1,1
-9,3,0,0,0,0,0,0,0,0,1
-4,10,0,0,0,0,0,0,0,0,1
9,-1,0,0,0,0,0,0,0,0,0
11,-3,0,1,0,0,0,0,0,0,0
6,0,0,1,0,0,0,0,0,0,3
17,6,0,0,0,0,0,0,0,0,1
-4,-3,0,0,0,0,0,0,0,0,0
6,9,0,0,0,0,0,0,0,1,1
-20,-16,0,1,0,0,0,0,0,1,0
-7,14,0,0,0,0,0,0,0,0,1
-2,0,0,0,0,0,0,0,0,0,2
-2,4,0,0,0,0,0,0,0,0,1
-16,-2,0,0,0,0,1,0,0,0,2
6,7,0,0,0,0,0,0,0,0,1
-3,-8,0,0,0,0,0,0,0,0,0
1,5,0,0,0,0,0,1,0,0,3
-19,9,0,0,0,0,0,0,0,0,1
6,2,0,0,0,0,0,0,0,0,1
-16,1,0,0,0,0,0,0,1,1,1
-12,7,0,0,0,0,0,0,0,0,1
-6,-12,0,0,0,0,0,0,0,1,0
21,0,0,0,0,0,0,0,0,1,0
-3,-10,0,0,0,0,0,0,0,0,0
2,-8,0,0,0,0,0,0,0,0,0
19,11,1,0,0,0,0,0,0,0,1
14,5,0,0,0,0,0,0,0,0,1
-18,-6,0,0,0,0,0,0,0,0,0
15,7,0,0,0,0,0,0,0,0,1
8,6,0,0,1,0,0,0,0,0,1
-7,-1,0,0,0,0,0,0,1,0,0
4,3,1,0,0,0,0,0,0,1,1
7,-15,0,1,0,0,0,0,0,0,0
-17,3,0,0,0,1,0,0,0,0,1
-2,2,0,0,0,0,0,1,0,0,2
9,7,0,0,0,0,0,0,0,0,1
14,-5,0,0,0,0,0,0,0,0,0
11,-9,0,0,0,0,0,0,0,0,0
-14,-4,0,0,0,0,0,0,0,0,0
-5,0,0,0,0,0,0,0,0,0,2
-6,-8,0,1,0,0,0,0,0,0,0
-3,-13,0,0,0,1,0,0,1,0,0
10,11,0,0,1,0,1,1,1,0,3
19,4,0,0,1,0,0,0,0,0,1
-22,-15,0,0,0,0,0,0,0,0,0
16,-8,0,0,0,0,0,0,0,0,0
10,8,0,0,0,0,0,0,0,0,1
-3,7,0,0,0,0,0,0,0,0,1
10,-6,0,0,0,0,0,0,0,0,0
-22,0,0,0,0,0,0,0,0,0,2
-7,-5,0,0,0,0,0,0,0,0,0
-16,-2,0,0,0,0,0,0,1,0,0
-23,-6,0,0,0,0,0,1,0,1,0
-14,1,0,0,0,0,0,0,0,0,1
7,-7,0,0,0,0,0,0,0,0,0
6,13,0,0,0,0,0,0,0,0,1
-3,5,0,0,0,0,0,0,1,0,1
4,-2,0,0,0,0,0,1,0,0,0
-10,-16,0,1,0,0,0,0,0,0,0
8,2,0,0,0,0,0,0,1,1,1
1,6,0,0,0,0,0,0,0,0,1
1,3,0,0,0,0,0,0,0,0,1
8,5,0,0,0,0,0,0,0,0,1
-13,6,1,0,0,0,0,0,0,0,1
7,9,0,0,0,0,0,0,0,0,1
25,-7,0,0,0,0,0,0,0,1,0
-3,13,0,0,0,0,0,0,0,1,1
-10,8,0,0,0,0,0,0,0,0,1
-6,-8,0,0,0,0,0,0,0,0,0
-6,13,0,0,0,0,0,0,0,0,1
-19,2,0,0,0,1,0,0,0,0,1
-21,-10,0,0,0,0,0,0,0,0,0
-6,-3,0,1,0,0,0,0,0,0,0
-7,13,0,0,0,0,0,1,0,0,2
15,10,1,0,0,0,0,0,0,0,1
-18,9,0,0,0,0,0,0,0,0,1
5,10,0,0,0,0,0,0,0,0,1
19,-3,0,0,0,0,0,0,0,0,0
3,-2,0,0,0,0,0,1,0,1,0
-3,12,1,0,0,0,0,0,0,0,1
12,-14,0,0,0,0,0,0,0,0,0
-6,4,0,0,0,0,1,0,0,0,1
4,4,0,0,0,0,0,0,0,0,1
-3,-3,0,0,0,0,0,1,0,0,0
-10,1,0,0,0,0,0,0,0,0,1
-17,4,0,0,0,0,0,0,0,1,1
-12,15,0,0,0,0,0,0,0,1,1
-13,9,0,0,0,0,0,0,0,0,1
-4,5,0,0,0,0,0,0,1,1,1
-7,-16,0,0,0,0,1,0,0,0,2
-1,8,0,0,0,0,0,0,0,0,1
17,12,1,0,0,0,0,0,0,0,1
2,-15,0,0,0,0,0,0,0,1,0
26,8,0,0,0,0,0,0,0,0,1
-17,-11,0,0,0,0,0,0,0,0,0
2,-4,0,0,0,0,0,0,0,0,0
17,8,0,0,1,0,0,0,0,0,1
-16,3,0,0,0,0,0,0,0,0,1
7,-14,0,0,0,0,0,0,0,0,0
-7,-15,0,0,0,0,0,0,0,1,0
12,8,0,0,0,0,0,1,0,1,0
2,3,0,0,0,0,0,0,0,0,1
0,-14,0,0,0,0,0,0,0,1,0
-18,1,0,0,0,0,1,0,0,0,1
10,2,0,0,0,0,0,0,0,0,1
-1,5,0,0,0,0,0,0,0,0,1
6,9,0,0,0,0,1,0,0,0,1
10,2,0,0,0,0,0,0,0,0,1
-6,-1,0,0,0,0,0,0,0,0,0
26,2,0,0,0,0,0,0,0,0,1
3,-1,0,0,0,0,0,0,0,0,0
-19,8,0,0,0,0,0,0,0,0,1
1,-5,0,1,0,0,0,0,1,0,0
-1,-7,0,0,0,1,0,0,1,0,0
-3,0,0,0,0,0,0,0,0,0,2
-12,-17,0,1,0,0,0,0,1,0,0
-8,9,1,0,0,0,0,0,0,1,1
-5,2,0,0,0,0,0,0,1,0,1
5,13,0,0,0,0,0,1,1,0,3
-6,0,0,0,0,0,0,0,0,0,2
-20,10,0,0,0,0,0,0,0,0,1
9,10,1,0,0,0,0,0,0,0,1
11,8,0,0,0,0,0,0,0,0,1
23,-2,0,1,0,0,0,1,0,0,0
-9,-9,0,0,0,0,0,1,0,0,0
17,7,0,0,0,0,0,0,0,0,1
2,5,0,0,0,0,0,0,1,0,1
26,-10,0,0,1,0,0,0,1,0,0
-4,5,0,0,0,0,0,0,0,0,1
2,15,0,0,0,0,0,0,0,0,1
-23,15,0,0,0,0,0,1,0,0,2
2,1,0,0,0,0,0,0,0,0,1
7,-5,0,0,0,0,0,0,0,0,0
-14,-10,0,0,0,0,1,0,0,0,2
16,12,0,0,0,0,0,0,0,0,1
-5,10,0,0,0,0,1,0,0,0,1
12,10,0,0,0,0,1,0,0,0,1
14,-4,0,1,0,0,0,0,0,0,0
25,3,1,0,0,0,0,0,0,0,1
-18,-14,0,1,0,0,0,0,0,0,0
-22,-10,0,1,0,0,0,0,0,0,0
4,9,0,0,0,0,0,1,0,0,3
-13,15,1,0,0,0,0,0,0,1,1
2,-9,0,0,0,0,0,0,0,0,0
0,-6,0,0,0,0,1,0,0,0,1
7,1,0,0,0,0,0,0,0,0,1
-17,-4,0,1,0,0,0,0,1,0,0
-8,-7,0,0,0,0,0,0,0,0,0
-15,-14,0,0,0,0,0,0,0,0,0
25,5,0,0,0,0,0,1,1,0,3
-13,1,1,0,0,1,0,0,0,1,1
-19,0,0,0,0,0,0,0,0,0,2
-1,-1,0,0,0,0,0,0,0,0,0
-22,3,0,0,0,1,0,0,0,0,1
-27,-14,0,1,0,1,0,0,0,1,0
2,-12,0,0,0,0,0,0,0,0,0
4,3,0,0,0,0,1,0,0,0,1
5,0,0,0,0,0,0,0,0,0,3
-4,12,0,0,0,0,0,0,0,0,1
14,-3,0,0,0,0,0,0,0,0,0
2,8,0,0,0,0,0,0,0,1,1
-15,-12,0,0,0,0,1,0,0,0,2
-4,-3,0,0,0,0,0,0,0,0,0
-4,9,0,0,0,0,0,0,0,0,1
-3,-5,0,1,0,0,0,0,0,0,0
-1,5,1,0,0,0,0,1,0,0,2
-10,-1,0,0,0,0,1,0,0,0,2
-10,1,0,1,0,0,0,0,0,0,2
-3,8,0,0,0,0,0,0,0,0,1
7,-8,0,0,0,0,0,0,1,0,0
-15,-2,0,0,0,0,0,0,0,0,0
-1,-2,0,0,0,0,0,0,0,0,0
10,5,0,0,0,0,0,0,0,0,1
11,-5,0,0,0,0,0,0,0,0,0
4,18,1,0,0,0,0,0,0,0,1
-12,10,0,0,0,0,1,0,0,0,1
-12,15,1,0,0,0,0,0,0,1,1
-14,6,0,0,0,0,0,0,0,0,1
-3,-4,0,0,0,0,0,0,0,0,0
-25,-8,0,0,0,0,0,0,0,0,0
8,10,1,0,0,0,0,0,0,0,1
9,5,0,0,0,0,0,0,0,0,1
1,12,0,0,0,0,0,0,0,0,1
-5,3,0,0,0,0,1,0,0,1,1
-5,14,0,0,0,0,1,0,1,0,1
21,9,0,0,0,0,0,0,0,0,1
22,-5,0,0,0,0,1,0,0,0,3
-6,11,0,0,0,0,0,0,0,0,1
5,-16,0,1,0,0,0,0,0,0,0
6,4,0,0,0,0,0,1,0,0,3
-15,-1,0,0,0,0,1,0,0,0,2
-19,-7,0,0,0,0,0,0,1,0,0
-3,3,0,0,0,0,1,0,0,0,1
-1,-2,0,0,0,0,0,0,0,0,0
13,-3,0,1,0,0,0,0,0,1,0
21,4,0,0,0,0,0,0,0,0,1
11,4,0,0,0,0,1,0,0,0,1
2,11,0,0,0,0,0,0,0,0,1
-5,-6,0,0,0,0,0,0,0,0,0
18,-16,0,0,0,0,0,0,0,0,0
2,-8,0,1,0,0,0,0,0,0,0
-11,10,0,0,0,0,1,0,1,0,1
-1,-3,0,0,0,0,0,0,0,0,0
8,-3,0,0,0,0,0,0,0,1,0
7,11,1,0,0,0,0,0,0,0,1
6,-16,0,0,0,0,1,0,0,0,3
-10,3,0,0,0,0,0,0,0,0,1
15,-1,0,0,1,0,0,0,1,0,0
1,5,0,0,0,0,0,1,0,0,3
7,14,0,0,0,0,1,0,0,0,1
-5,12,1,0,0,0,0,0,0,1,1
5,-14,0,0,0,0,0,0,0,0,0
-20,-3,0,0,0,0,0,0,0,0,0
1,1,0,0,0,0,0,0,0,0,1
-3,-14,0,0,0,0,0,0,0,0,0
3,1,0,0,0,0,1,0,0,0,1
6,-1,1,0,0,0,0,0,0,0,3
-6,2,0,0,0,0,0,0,0,0,1
-20,5,0,0,0,1,0,1,0,0,2
8,-10,0,0,0,0,0,0,0,0,0
1,-10,0,1,0,0,0,0,0,0,0
17,11,0,0,1,0,0,0,0,0,1
8,14,0,0,0,0,0,0,0,0,1
9,7,0,0,0,0,0,0,0,0,1
-7,-13,0,0,0,0,0,0,0,0,0
-3,-1,0,0,0,0,0,0,0,0,0
15,-15,0,0,0,0,0,0,1,0,0
10,-1,0,0,0,0,0,0,0,0,0
-2,4,0,0,0,0,0,0,0,0,1
-1,10,0,0,0,0,0,0,0,1,1
-8,1,0,0,0,0,1,0,0,0,1
14,7,0,0,0,0,0,0,0,0,1
14,-13,0,0,0,0,0,0,1,0,0
16,-11,0,0,1,0,0,0,0,0,0
12,8,0,0,1,0,0,0,0,0,1
-8,5,0,0,0,0,0,0,0,0,1
6,-8,0,0,0,0,0,0,0,0,0
15,-1,0,0,0,0,0,0,1,0,0
-2,3,0,0,0,0,0,0,0,0,1
21,-10,0,0,0,0,1,0,0,0,3
-4,2,0,0,0,0,1,0,0,1,1
14,8,0,0,0,0,0,0,0,0,1
-7,-1,0,1,0,1,1,0,0,0,2
-6,5,0,0,0,0,1,0,0,0,1
0,14,0,0,0,0,0,0,0,1,1
-14,4,0,0,0,0,0,0,0,0,1
6,-13,0,0,0,0,0,0,0,0,0
-3,14,1,0,0,0,0,0,0,0,1
21,-3,0,0,0,0,0,0,1,0,0
-2,-5,0,0,0,0,0,0,0,1,0
-1,12,1,0,0,0,0,0,0,0,1
-15,-2,0,0,0,0,0,0,1,0,0
-20,0,1,0,0,0,0,0,1,1,1
7,-14,0,0,0,0,0,0,0,0,0
5,-17,0,0,0,0,0,0,0,0,0
-6,7,0,0,0,0,0,0,0,0,1
-3,-17,0,1,0,0,0,0,0,0,0
-9,1,0,0,0,0,0,0,0,0,1
13,6,0,0,0,0,0,0,0,0,1
-6,3,0,0,0,0,0,0,0,0,1
9,13,0,0,0,0,0,0,0,0,1
1,9,0,0,0,0,1,1,0,0,3
-8,-2,0,0,0,0,0,1,0,1,0
12,-16,0,0,0,0,0,0,0,0,0
14,-9,0,0,0,0,0,0,0,0,0
-5,4,0,0,0,0,1,0,0,0,1
15,-10,0,0,0,0,0,0,0,0,0
-7,-12,0,0,0,0,0,0,0,0,0
-2,-5,0,0,0,0,0,1,1,1,0
22,2,0,0,0,0,0,0,0,0,1
18,-4,0,0,0,0,0,0,0,0,0
-21,0,0,0,0,0,0,0,0,0,2
21,12,0,0,0,0,0,1,0,0,3
1,-5,0,0,0,0,0,0,0,0,0
9,0,0,0,0,0,0,0,0,0,3
3,1,0,0,0,0,0,0,0,0,1
-1,-3,0,0,0,1,0,0,0,0,0
7,-6,0,0,0,0,0,0,0,0,0
-4,8,1,0,0,0,0,0,0,1,1
-2,4,0,0,0,0,0,0,0,0,1
0,4,0,0,0,0,0,0,0,0,1
-13,-12,0,0,0,0,0,1,0,0,0
-7,-4,0,1,0,0,0,0,0,0,0
1,13,0,0,0,0,0,0,0,0,1
-24,-8,0,0,0,0,0,0,0,0,0
-1,-3,0,0,0,0,0,1,0,0,0
-2,-6,0,0,0,0,0,0,0,0,0
-2,-5,0,0,0,0,0,0,0,0,0
-15,-8,0,0,0,0,0,0,0,0,0
18,9,1,0,0,0,0,0,0,0,1
25,7,0,0,0,0,0,0,0,0,1
-25,12,0,0,0,1,0,0,0,0,1
-11,2,0,0,0,0,0,0,0,0,1
17,-15,0,0,0,0,0,0,0,0,0
-14,12,0,0,0,0,0,1,1,1,0
3,-12,0,0,0,0,1,0,1,0,3
-11,0,0,0,0,0,0,0,0,1,2
11,8,0,0,1,0,0,0,0,0,1
12,4,0,0,0,0,0,0,0,0,1
-1,-4,0,0,0,0,0,0,0,0,0
9,3,1,0,0,0,0,0,0,0,1
6,2,0,0,0,0,0,0,0,0,1
-11,0,0,0,0,0,0,1,0,0,2
8,3,0,0,0,0,0,0,0,0,1
25,3,0,0,0,0,1,0,0,0,1
-4,6,0,0,0,0,0,0,0,0,1
-2,11,0,0,0,0,0,0,0,0,1
26,8,0,0,0,0,0,0,0,0,1
-17,-8,0,0,0,0,0,0,0,0,0
5,5,0,0,0,0,0,0,0,0,1
-15,1,0,0,0,0,0,0,0,0,1
13,-6,0,0,0,0,0,0,0,0,0
7,12,0,0,1,0,0,0,0,0,1
5,0,0,0,0,0,0,0,0,0,3
-9,7,1,0,0,0,0,0,0,0,1
13,3,0,0,0,0,0,0,0,0,1
1,-7,0,0,0,0,1,0,0,0,3
6,0,0,0,0,0,1,0,0,0,3
13,-1,0,0,1,0,0,0,0,0,0
-19,7,0,0,0,0,0,0,0,0,1
-3,6,0,0,0,0,0,0,0,0,1
0,-1,1,0,0,0,0,0,0,0,1
-10,-4,0,0,0,0,0,0,0,0,0
10,9,0,0,0,0,0,0,0,0,1
11,7,0,0,0,0,0,0,0,0,1
-23,-11,0,0,0,0,0,0,0,1,0
-5,-6,0,0,0,0,0,0,0,0,0
-16,5,0,0,0,0,0,0,0,0,1
-1,11,0,0,0,0,1,0,0,0,1
16,10,0,0,1,0,1,0,0,1,1
8,6,0,0,0,0,0,0,0,0,1
19,4,0,0,0,0,0,0,0,0,1
9,-8,0,0,0,0,0,0,0,0,0
-20,2,0,0,0,0,0,1,0,0,2
-2,7,0,0,0,0,0,0,0,0,1
4,11,0,0,0,0,0,1,0,0,3
-12,6,0,0,0,0,0,0,0,0,1
-5,-4,0,0,0,0,0,0,0,0,0
5,-15,0,0,0,0,0,0,0,0,0
-4,4,0,0,0,0,0,0,0,0,1
-1,8,0,0,0,0,1,0,0,0,1
-6,16,0,0,0,0,0,0,0,0,1
-10,12,0,0,0,1,0,0,0,1,1
14,0,0,0,0,0,0,0,0,0,3
-12,1,1,0,0,0,1,0,0,0,1
-15,0,0,0,0,0,0,1,0,0,2
-21,-3,0,0,0,0,0,0,0,0,0
-17,-5,0,0,0,0,0,0,0,0,0
-10,1,0,0,0,0,0,0,0,0,1
-1,-6,0,0,1,0,0,0,1,0,0
1,1,0,0,0,0,0,0,1,0,1
-22,1,0,0,0,0,0,0,0,0,1
-3,4,0,0,0,0,0,0,0,0,1
6,-8,0,0,0,0,0,1,0,0,0
13,15,1,0,0,0,0,0,0,0,1
27,1,0,0,1,0,0,0,0,0,1
-1,-8,0,0,0,0,0,0,0,0,0
-8,-14,0,1,0,0,0,1,0,1,0
3,10,0,0,0,0,1,0,0,1,1
-1,-13,0,0,0,0,0,0,0,0,0
14,-1,0,0,0,0,0,0,0,1,0
4,-1,0,0,0,0,0,0,0,0,0
-4,-1,0,0,0,0,0,0,0,0,0
-13,-3,0,0,0,0,0,1,0,0,0
9,12,0,0,0,0,1,0,0,0,1
24,12,0,0,0,0,0,0,0,0,1
8,4,0,0,0,0,0,0,0,0,1
7,1,0,0,0,0,0,1,1,0,3
-6,6,0,0,0,0,1,0,0,0,1
18,1,0,0,0,0,0,0,0,0,1
0,10,0,0,0,0,0,0,0,0,1
-6,-6,0,0,0,0,1,0,0,1,2
12,2,0,0,0,0,0,0,0,0,1
-20,-5,0,0,0,0,0,0,0,1,0
-2,0,0,0,0,0,0,0,0,0,2
3,1,0,0,0,0,1,0,0,0,1
-2,6,0,0,0,0,0,0,0,1,1
12,0,0,1,0,0,0,0,1,0,3
-15,-2,0,0,0,0,0,0,0,0,0
15,5,0,0,0,0,0,0,0,0,1
1,-8,0,0,0,0,0,1,0,0,0
-11,16,0,0,0,0,1,0,0,1,1
-8,1,0,0,0,0,0,0,0,0,1
2,-3,0,0,0,0,0,0,0,0,0
-13,3,1,0,0,0,0,0,0,0,1
-7,-1,0,0,0,0,0,0,0,0,0
20,0,1,0,0,0,0,0,0,0,3
-6,11,0,0,0,0,1,0,0,0,1
9,10,0,0,0,0,0,0,1,0,1
-2,14,0,0,0,0,0,0,1,0,1
0,-1,0,0,0,0,0,0,0,0,0
-10,13,0,0,0,0,0,0,0,0,1
18,-12,0,0,0,0,0,0,0,0,0
18,5,0,0,0,0,0,0,0,0,1
-5,1,0,0,0,0,1,0,0,0,1
16,6,0,0,0,0,0,0,0,0,1
13,-9,0,0,0,0,0,0,0,0,0
-15,4,0,0,0,0,1,0,0,0,1
17,4,0,0,0,0,0,0,0,0,1
15,1,0,0,0,0,1,0,0,0,1
12,-5,0,0,0,0,0,0,0,0,0
4,2,0,0,0,0,0,0,0,0,1
17,9,0,0,0,0,0,0,0,0,1
-2,4,0,0,0,0,1,1,0,0,2
14,9,0,0,0,0,0,1,0,0,3
9,3,0,0,1,0,0,0,0,0,1
-13,17,0,0,0,0,0,0,0,0,1
-7,4,0,0,0,0,0,0,0,0,1
2,2,0,0,0,0,0,0,0,1,1
1,-7,0,0,0,0,0,0,0,1,0
16,8,0,0,0,0,0,0,0,0,1
22,0,1,0,0,0,0,0,0,0,3
10,0,0,0,0,0,0,0,0,0,3
3,3,0,0,0,0,0,0,0,1,1
-4,-11,0,0,0,0,0,0,0,0,0
13,9,0,0,0,0,0,0,0,0,1
-5,-4,0,0,0,0,0,0,0,0,0
-15,-5,0,0,0,0,0,0,0,0,0
3,-10,0,0,0,0,0,0,1,0,0
1,-6,0,0,0,0,0,0,0,0,0
-23,9,0,0,0,0,0,0,0,0,1
-11,4,0,0,0,0,0,0,0,0,1
9,2,0,0,0,0,0,1,0,0,3
-7,3,0,0,0,0,0,1,1,1,0
-14,4,1,0,0,0,0,0,0,0,1
16,-4,0,0,0,0,0,0,0,0,0
-10,8,1,0,0,0,0,0,1,0,1
17,9,0,0,0,0,0,0,0,0,1
-5,18,1,0,0,0,1,0,0,0,1
-19,10,0,0,0,0,0,0,1,0,1
6,-3,0,0,0,0,0,0,0,0,0
7,-10,0,0,0,0,0,0,0,0,0
-8,-6,0,0,0,0,0,0,0,0,0
2,-15,0,1,0,0,0,0,0,0,0
15,15,0,0,0,0,0,0,0,0,1
-21,1,0,0,0,0,0,0,0,0,1
-19,-15,0,0,0,0,0,0,0,0,0
-1,1,0,0,0,0,0,0,0,0,1
-4,2,0,0,0,0,0,0,0,0,1
13,4,0,0,0,0,0,0,0,0,1
-7,-7,0,0,0,0,0,0,0,0,0
4,-4,0,0,0,0,0,0,0,0,0
7,7,0,0,0,0,0,0,0,0,1
22,-7,0,0,0,0,0,0,0,0,0
-4,-13,0,1,0,0,0,0,0,0,0
15,17,1,0,0,0,0,0,0,1,1
17,-9,0,0,0,0,0,0,0,0,0
-27,-1,0,0,0,0,0,0,0,0,0
0,-4,0,0,0,1,0,0,0,0,0
5,8,0,0,0,0,0,0,0,0,1
-6,-3,0,0,0,0,0,1,0,0,0
6,-9,0,0,0,0,0,0,0,0,0
6,2,0,0,0,0,0,0,0,0,1
-9,-12,0,0,0,0,0,0,0,0,0
-18,-1,0,0,0,0,0,0,0,0,0
18,-13,0,0,0,0,0,0,1,0,0
17,-12,0,0,0,0,0,0,0,0,0
-2,0,0,0,0,0,0,0,0,0,2
-20,0,0,0,0,0,0,0,0,0,2
17,12,0,0,0,0,0,0,0,0,1
2,2,0,0,0,0,0,0,0,0,1
-16,11,0,0,0,0,0,0,0,0,1
-4,-1,0,0,0,0,0,1,1,0,0
-23,-6,0,0,0,0,0,0,0,0,0
19,4,0,0,0,0,0,1,0,0,3
5,1,0,0,0,0,0,0,0,0,1
4,-8,0,0,0,0,0,0,0,0,0
-9,2,0,0,0,0,0,0,0,0,1
3,-2,0,0,1,0,0,0,0,0,0
15,-6,0,0,0,0,0,0,0,0,0
-15,-2,0,0,0,0,1,0,0,0,2
3,12,0,0,1,0,0,0,0,1,1
5,14,0,0,0,0,0,0,0,0,1
10,-6,0,0,1,0,1,1,0,0,3
-16,6,0,0,0,0,0,0,0,0,1
-6,-16,0,1,0,0,0,0,0,0,0
-6,10,0,0,0,0,0,0,0,0,1
-10,-4,0,0,0,0,0,0,0,0,0
-14,14,0,0,0,0,0,0,0,1,1
3,-1,1,0,0,0,0,0,0,1,1
-9,-1,0,0,0,0,0,1,0,0,0
13,-10,0,0,0,0,0,0,0,0,0
-13,8,0,0,0,0,0,0,0,0,1
-2,11,0,0,0,0,0,0,0,0,1
-1,-13,0,0,0,0,0,1,0,0,0
-1,-1,0,0,0,0,0,0,0,0,0
-16,1,0,0,0,0,0,0,0,1,1
-9,-13,0,1,0,0,0,0,0,0,0
13,-2,0,0,0,0,0,0,0,0,0
-15,-14,0,0,0,0,0,0,0,0,0
-16,6,0,0,0,0,0,0,0,0,1
10,0,0,0,1,0,0,1,0,0,3
6,-3,0,0,0,0,0,0,1,0,0
6,10,0,0,0,0,0,0,0,0,1
-14,-6,0,0,0,0,0,0,0,0,0
21,5,0,0,1,0,0,0,1,0,1
6,2,0,0,0,0,0,0,0,0,1
7,18,1,0,0,0,0,0,0,0,1
17,7,0,0,0,0,0,0,0,0,1
11,-11,0,0,0,0,0,0,0,1,0
-15,8,0,0,0,1,0,0,0,0,1
8,-5,0,0,0,0,0,0,0,0,0
0,4,0,0,0,0,0,0,0,0,1
-2,7,0,0,0,0,0,0,0,0,1
12,-1,0,0,0,0,0,0,0,0,0
-6,1,0,0,0,0,0,0,1,0,1
-1,-9,0,0,0,0,0,0,0,0,0
23,17,1,0,0,0,0,0,0,0,1
-7,8,0,0,0,0,0,0,0,0,1
-25,-6,0,0,0,0,1,0,0,0,2
6,6,0,0,0,0,0,0,0,0,1
12,-1,0,0,0,0,0,0,0,0,0
15,0,0,0,0,0,0,0,0,0,3
0,0,0,1,0,0,0,0,0,0,0
7,-2,0,0,0,0,1,0,0,0,3
-20,-4,0,0,0,0,0,0,0,1,0
-16,-7,0,0,0,0,0,0,0,0,0
17,7,0,0,0,0,0,0,0,1,1
0,-15,0,0,0,0,0,0,0,0,0
-14,-1,0,0,0,0,0,0,0,0,0
-12,9,0,0,0,0,0,0,1,0,1
7,4,0,0,0,0,1,0,0,0,1
19,15,0,0,0,0,0,0,0,0,1
-12,1,0,0,0,0,0,0,0,0,1
-13,8,0,0,0,0,0,0,1,0,1
6,-7,0,0,1,0,1,1,1,0,3
7,-12,0,0,0,0,0,0,0,0,0
6,-15,0,0,0,0,0,0,0,0,0
24,9,1,0,1,0,0,0,0,0,1
25,-11,0,0,1,0,0,0,0,0,0
5,10,0,0,0,0,0,0,0,0,1
-24,1,0,0,0,0,0,0,0,0,1
4,-15,0,0,0,0,0,0,0,0,0
11,9,0,0,0,0,0,1,1,0,3
6,-8,0,0,0,0,1,0,0,1,1
7,1,0,0,0,0,0,0,0,1,1
6,-1,0,0,0,0,0,0,0,0,0
-4,-4,0,0,0,0,0,0,0,0,0
-14,-7,0,0,0,0,1,0,0,0,2
18,0,0,0,0,0,1,0,0,0,3
0,2,0,0,0,0,1,0,0,0,1
-27,12,0,0,0,1,0,0,0,0,1
-13,-3,0,0,0,0,0,0,0,0,0
22,-11,0,0,0,0,0,0,0,0,0
-1,11,0,0,0,0,0,0,0,0,1
-14,0,0,0,0,0,0,0,0,0,2
23,12,0,0,0,0,0,0,0,0,1
2,-3,0,0,0,0,0,0,0,0,0
6,6,0,0,0,0,1,0,0,0,1
-5,1,0,0,0,0,0,0,0,0,1
-5,15,0,0,0,0,0,1,0,0,2
10,12,0,0,0,0,0,0,0,0,1
-2,-5,0,0,0,0,0,0,0,0,0
-15,3,0,0,0,0,0,0,0,1,1
8,12,0,0,0,0,0,0,0,0,1
7,7,0,0,0,0,0,0,0,0,1
-4,12,0,0,0,0,1,0,0,0,1
5,1,0,0,0,0,0,0,0,0,1
6,-4,0,0,0,0,0,0,0,0,0
-16,11,0,0,0,0,0,0,0,0,1
-14,-5,0,0,0,0,0,0,1,0,0
-8,1,1,0,0,0,0,0,0,0,1
16,-4,0,0,0,0,0,0,0,0,0
16,10,0,0,0,0,0,0,0,0,1
-17,8,0,0,0,0,0,0,0,0,1
-7,-3,0,0,0,0,0,0,0,0,0
-11,-5,0,0,0,0,0,0,0,0,0
12,8,0,0,0,0,0,0,0,0,1
0,4,0,0,0,0,1,0,0,0,1
-17,0,0,0,0,0,0,0,0,0,2
9,-14,0,1,0,0,0,0,0,0,0
4,6,1,0,0,0,0,0,0,0,1
-11,4,0,0,0,0,0,0,0,0,1
21,10,0,0,0,0,0,0,0,0,1
24,6,0,0,1,0,0,0,1,0,1
-12,-10,0,0,0,0,0,0,0,1,0
-7,18,1,0,0,0,0,0,0,0,1
-3,-1,0,0,0,0,0,0,0,0,0
-3,-6,0,0,0,0,0,0,0,0,0
21,8,0,0,0,0,0,0,0,0,1
-25,-2,0,0,0,0,0,1,0,0,0
0,11,0,0,0,0,0,0,0,1,1
-16,-2,0,0,0,0,0,0,0,0,0
19,4,0,0,0,0,0,0,0,0,1
-4,-12,0,0,0,0,0,0,0,0,0
3,-3,0,0,0,0,0,0,0,0,0
1,-9,0,0,0,0,0,0,0,0,0
-6,-8,0,1,0,1,0,0,0,0,0
19,16,0,0,0,0,0,0,0,0,1
9,3,0,0,0,0,0,0,0,0,1
-3,-9,0,0,0,0,0,0,1,0,0
8,4,0,0,0,0,1,0,0,0,1
8,-9,0,0,0,0,0,0,0,0,0
-8,-17,0,1,0,0,0,0,0,0,0
-22,15,0,0,0,0,0,0,0,0,1
-10,2,0,0,0,0,0,1,0,0,2
-8,-10,0,0,0,0,0,0,0,1,0
19,-5,0,0,0,0,0,0,0,0,0
14,15,0,0,0,0,0,0,0,0,1
0,3,0,0,0,0,0,0,0,1,1
-1,0,0,0,0,0,0,0,0,0,2
-12,-3,0,1,0,0,1,0,0,1,2
15,-5,0,0,0,0,0,0,0,0,0
10,12,0,0,0,0,0,0,0,1,1
-1,-11,0,0,0,0,0,0,0,1,0
-23,13,0,0,0,0,0,0,0,0,1
18,-3,0,0,0,0,0,0,0,0,0
7,-14,0,0,0,0,0,0,0,0,0
2,2,0,0,0,0,0,0,0,0,1
18,-1,0,0,0,0,1,0,0,0,3
-5,3,0,0,0,0,0,0,0,0,1
6,1,0,0,0,0,0,0,0,0,1
-10,4,0,0,0,0,0,0,1,0,1
-5,-12,0,0,0,0,0,0,0,0,0
10,0,0,0,0,0,1,0,0,1,1
3,6,0,0,0,0,1,0,0,0,1
2,-2,0,0,0,0,0,0,0,0,0
15,-7,0,0,0,0,0,0,0,1,0
14,17,0,0,0,0,1,0,0,1,1
10,9,0,0,0,0,0,0,0,0,1
-17,7,0,0,0,0,1,1,0,0,2
-9,11,0,0,0,0,0,0,0,0,1
6,8,0,0,0,0,0,0,1,0,1
-13,-3,0,0,0,0,0,0,0,0,0
1,-11,0,0,0,0,0,0,0,0,0
-7,-7,0,0,0,0,0,1,0,0,0
11,8,0,0,0,0,1,0,0,0,1
7,3,0,0,0,0,0,0,0,0,1
4,0,0,0,0,0,0,0,1,0,3
6,6,1,0,0,0,0,0,0,0,1
20,-1,0,0,0,0,0,0,0,0,0
5,-4,0,0,0,0,1,0,0,0,3
4,0,0,0,0,0,0,0,0,0,3
3,-3,0,0,0,0,0,0,0,0,0
8,-4,0,0,0,0,0,0,0,0,0
-1,1,0,0,0,0,1,0,1,0,1
-4,6,0,0,0,0,0,0,0,0,1
-6,-9,0,0,0,0,0,0,0,0,0
0,9,0,0,0,0,0,0,0,0,1
-2,15,0,0,0,0,1,1,0,0,2
9,-1,0,0,0,0,0,0,0,0,0
3,6,0,0,0,0,1,0,0,0,1
-16,-12,0,0,0,0,0,0,0,0,0
-19,7,1,0,0,0,1,1,0,1,2
3,-10,0,0,0,0,0,0,1,1,0
-8,1,0,0,0,0,0,0,0,0,1
-22,2,0,0,0,0,1,0,0,0,1
-13,14,0,0,0,0,0,0,0,1,1
25,8,1,0,1,0,0,0,0,0,1
-7,-5,0,0,0,0,0,0,0,0,0
-1,-8,0,0,0,0,0,0,0,0,0
1,-3,0,0,0,0,1,1,0,0,3
1,1,0,0,0,0,1,0,0,0,1
9,-8,0,0,0,0,0,0,0,0,0
-9,-12,0,0,0,0,0,0,1,0,0
9,8,0,0,0,0,0,0,0,0,1
10,-1,0,0,0,0,0,0,0,1,0
3,15,1,0,0,0,1,1,0,1,2
-5,-4,0,0,0,0,0,0,0,0,0
-15,-4,0,0,0,0,0,0,0,0,0
12,-12,0,0,0,0,0,0,0,0,0
-11,-2,0,0,0,0,0,0,0,0,0
18,2,0,0,0,0,0,0,1,1,1
-8,-7,0,0,0,0,0,1,0,0,0
17,6,0,0,0,0,0,0,0,1,1
-13,6,0,0,0,0,0,0,0,0,1
22,-2,0,0,0,0,0,0,1,0,0
13,-7,0,0,0,0,0,0,0,0,0
3,3,0,0,0,0,0,0,1,0,1
10,-8,0,0,0,0,0,0,0,0,0
11,6,0,0,0,0,0,0,0,0,1
9,-5,0,0,0,0,0,0,0,0,0
18,13,0,0,0,0,0,0,0,0,1
2,1,0,0,0,0,0,0,0,0,1
2,-7,0,0,0,0,0,0,0,0,0
1,4,0,0,0,0,0,0,0,1,1
-2,-9,0,0,0,0,1,0,0,0,2
-8,-5,0,0,0,0,0,0,0,1,0
18,-3,0,0,0,0,0,0,0,0,0
22,-6,0,0,0,0,0,0,0,0,0
1,-2,0,0,0,0,0,1,0,0,0
10,14,0,0,0,0,0,0,0,0,1
-10,10,0,0,0,0,0,0,0,0,1
24,-6,0,0,0,0,0,0,0,0,0
7,6,0,0,0,0,0,0,0,0,1
-2,8,0,0,0,0,0,0,0,0,1
5,-8,0,0,0,0,0,0,0,0,0
2,-15,0,0,0,0,0,1,0,0,0
-20,-3,0,0,0,0,0,0,0,0,0
9,-13,0,0,0,0,0,0,0,0,0
25,3,1,0,0,0,0,0,0,0,1
9,6,0,0,0,0,0,0,0,0,1
-2,8,0,0,0,1,0,0,0,1,1
-7,9,0,0,0,0,0,0,0,1,1
-6,-10,0,0,0,0,0,0,0,0,0
-9,15,1,0,0,0,0,1,0,1,2
-5,7,1,0,0,0,0,0,0,0,1
7,2,0,0,0,0,0,0,0,0,1
17,9,0,0,0,0,0,0,0,0,1
24,-17,0,1,0,0,0,0,0,0,0
-23,2,0,0,0,0,0,0,0,0,1
-6,6,0,0,0,0,0,0,1,0,1
26,-15,0,0,0,0,1,0,0,0,3
13,5,0,0,0,0,0,0,0,0,1
-17,-16,0,1,0,0,0,0,0,0,0
-7,-14,0,0,0,0,1,0,0,0,2
-15,6,0,0,0,0,1,0,0,0,1
0,-10,0,0,0,0,0,0,0,0,0
6,-15,0,1,0,0,0,0,0,0,0
9,4,0,0,0,0,1,0,0,0,1
3,10,0,0,0,0,0,0,0,0,1
-2,-3,0,0,0,0,0,0,0,0,0
-3,-3,0,0,0,0,1,0,0,0,2
10,7,0,0,0,0,0,0,0,0,1
10,-11,0,0,1,0,0,1,1,0,0
0,-1,0,0,0,0,0,0,0,0,0
23,4,0,0,0,0,0,0,0,1,1
1,-5,0,0,0,0,0,0,0,0,0
-13,4,0,0,0,0,0,0,0,0,1
-3,-6,0,0,0,0,0,0,0,0,0
-11,-2,0,0,0,0,0,0,0,0,0
-2,-1,0,0,0,0,0,0,0,0,0
12,-5,0,0,0,0,0,0,0,0,0
-19,-7,0,0,0,0,0,1,1,0,0
1,-4,0,0,0,0,0,0,0,0,0
3,7,0,0,0,0,0,0,0,0,1
17,-1,0,0,0,0,0,0,0,0,0
-1,0,0,0,0,0,0,0,0,1,2
-3,-1,0,0,0,0,0,0,0,0,0
-4,1,1,0,0,0,0,0,1,0,1
-3,-6,0,0,0,0,0,0,0,0,0
-6,6,0,0,0,0,0,0,0,0,1
-11,-5,0,0,0,0,0,0,0,0,0
1,-8,0,0,0,0,1,0,0,1,1
5,-12,0,0,0,0,0,0,0,0,0
6,-6,0,0,0,0,0,1,1,0,0
-8,2,1,0,0,0,0,1,1,0,3
-5,-5,0,0,0,0,0,0,0,0,0
-3,9,0,0,0,0,0,0,1,0,1
4,-5,0,0,0,0,0,0,0,0,0
-16,-1,0,0,0,0,0,0,0,0,0
-9,2,0,0,0,0,0,0,0,0,1
10,7,0,0,0,0,0,0,0,1,1
-19,-9,0,0,0,0,1,0,0,0,2
-5,-7,0,0,0,0,0,0,0,0,0
-28,7,0,0,0,1,0,0,0,0,1
4,-3,0,0,0,0,0,0,1,0,0
8,1,0,0,0,0,0,0,0,0,1
8,0,0,0,0,0,0,0,0,0,3
11,4,0,0,0,0,0,0,0,0,1
14,-7,0,0,0,0,0,0,0,0,0
5,-6,0,0,0,0,1,0,0,0,3
0,-15,0,0,0,0,0,0,0,1,0
2,13,0,0,0,0,0,0,0,0,1
2,10,1,0,0,0,0,1,0,0,3
0,-18,0,1,0,0,0,0,0,1,0
17,0,0,0,0,0,1,0,0,0,3
7,4,0,0,0,0,0,0,0,0,1
7,7,0,0,0,0,0,0,0,0,1
16,-11,0,1,0,0,1,0,0,0,3
8,-2,0,0,0,0,0,0,0,0,0
-15,1,1,0,0,1,0,0,0,0,1
-28,-6,0,0,0,1,0,0,0,0,0
-3,3,0,0,0,0,0,0,0,0,1
-6,16,1,0,0,0,1,0,1,0,1
-1,-6,0,0,0,0,0,0,0,1,0
5,-11,0,0,0,0,0,0,0,0,0
-13,1,0,1,0,0,0,0,0,0,2
-4,-9,0,0,0,0,0,0,0,0,0
-25,1,0,0,0,0,0,0,0,0,1
4,-8,0,0,0,0,0,0,1,0,0
-10,-10,0,0,0,1,0,0,0,0,0
-20,-7,0,0,0,0,0,0,0,0,0
1,8,0,0,0,0,0,0,0,0,1
9,-13,0,0,0,0,0,0,0,0,0
-21,-2,0,0,0,1,0,0,1,0,0
-4,4,0,0,0,0,0,0,0,0,1
2,9,0,0,0,0,0,0,0,0,1
1,-1,0,0,0,0,0,0,0,0,0
-5,7,0,0,0,0,0,0,0,1,1
-14,1,1,0,0,1,0,0,0,0,1
10,-4,0,1,0,0,0,0,0,0,0
-15,1,1,0,0,1,0,0,0,0,1
-8,-2,0,0,0,0,0,0,0,0,0
2,-7,0,0,0,0,0,0,0,0,0
-12,11,0,0,0,0,0,0,0,0,1
-10,13,0,0,0,0,0,0,0,0,1
-25,2,0,0,0,0,0,0,1,0,1
16,7,0,0,0,0,0,0,0,0,1
15,-6,0,0,0,0,0,0,0,0,0
16,0,0,0,0,0,0,0,0,0,3
-13,12,0,0,0,0,0,0,0,0,1
-20,-4,0,0,0,0,0,0,1,0,0
-6,-11,0,1,0,0,0,1,0,0,0
26,0,0,0,1,0,0,0,0,0,3
-25,6,0,0,0,0,0,1,0,0,2
-2,1,0,0,0,0,0,0,0,0,1
7,-11,0,0,0,0,0,0,0,0,0
14,2,0,0,0,0,0,0,0,0,1
13,1,0,0,0,0,0,0,0,0,1
8,-5,0,0,0,0,0,0,0,0,0
-13,1,0,0,0,0,0,0,0,0,1
16,10,1,0,0,0,0,0,0,0,1
24,-5,0,0,0,0,0,0,0,0,0
3,-5,0,0,0,0,0,0,0,1,0
13,-9,0,0,0,0,0,0,0,0,0
-1,-2,0,0,0,0,0,0,0,0,0
14,-4,0,0,0,0,0,0,0,0,0
19,-7,0,0,0,0,0,1,1,0,0
1,9,0,0,0,0,0,0,0,0,1
14,-3,0,0,0,0,0,0,0,0,0
-18,-7,0,0,0,0,0,0,0,0,0
-7,-6,0,1,0,0,0,0,0,0,0
-11,-15,0,0,0,0,0,0,0,0,0
5,0,0,0,0,0,0,0,0,0,3
14,4,0,0,0,0,0,0,0,0,1
-9,5,0,0,0,0,0,0,0,1,1
-2,-12,0,0,0,0,0,0,0,0,0
-17,-9,0,0,0,0,0,0,0,0,0
0,-10,0,0,0,0,0,0,0,0,0
-18,8,0,0,0,0,0,1,0,0,2
2,-8,0,0,0,0,0,0,0,0,0
-3,4,0,0,0,0,0,0,0,0,1
-18,-3,0,0,0,0,0,0,0,1,0
-2,-10,0,0,0,0,0,0,0,0,0
-4,-13,0,1,0,0,1,0,0,0,2
8,6,1,0,0,0,0,0,0,0,1
-16,14,0,0,0,0,0,0,0,0,1
-2,3,0,0,0,1,1,0,0,0,1
21,14,0,0,0,0,0,0,1,0,1
-1,11,0,0,0,0,0,0,0,0,1
-5,15,0,0,0,0,0,0,0,0,1
-14,1,0,0,0,0,1,0,0,0,1
16,-14,0,0,0,0,0,0,0,0,0
-20,6,0,0,0,0,1,0,0,0,1
7,-2,0,0,1,0,1,0,0,0,3
-14,-12,0,1,0,1,0,0,0,0,0
3,9,0,0,0,0,0,0,0,0,1
7,3,0,0,0,0,0,1,0,0,3
0,5,0,0,0,0,0,0,0,0,1
6,-5,0,0,0,0,0,0,0,1,0
-12,-9,0,0,0,0,0,0,1,0,0
-6,0,1,0,0,0,0,0,0,0,2
-10,3,0,0,0,0,0,0,1,1,1
-10,-11,0,1,0,0,0,0,1,0,0
24,-5,0,0,1,0,0,0,1,0,0
21,8,0,0,0,0,0,0,0,0,1
-14,-11,0,0,0,1,0,0,0,0,0
2,9,0,0,0,0,0,0,0,0,1
19,1,0,1,0,0,0,0,0,0,3
-8,2,0,0,0,0,0,0,0,0,1
9,-6,0,0,0,0,0,0,0,0,0
-4,-1,0,0,0,0,0,0,0,1,0
12,-5,0,0,0,0,0,1,0,0,0
0,-1,0,0,0,0,0,0,0,0,0
24,-10,0,1,0,0,0,0,0,0,0
7,14,0,0,0,0,0,0,0,0,1
8,2,0,0,0,0,0,0,1,0,1
13,-9,0,0,0,0,0,0,1,0,0
-6,6,0,0,0,0,0,0,0,0,1
5,-2,0,0,0,0,0,0,0,0,0
-3,0,0,0,0,0,0,1,0,0,2
7,13,0,0,0,0,0,0,0,0,1
26,-12,0,0,1,0,0,0,0,0,0
1,0,1,0,0,0,0,0,0,0,3
3,8,0,0,0,0,0,0,0,0,1
1,5,0,0,0,0,0,0,0,0,1
-15,-13,0,0,0,0,0,0,0,0,0
-5,-9,0,0,0,1,0,0,0,0,0
3,12,0,0,0,0,0,0,1,1,1
-3,3,0,0,0,0,0,0,0,0,1
0,-1,0,0,0,0,0,0,0,0,0
-4,-4,0,0,0,0,0,0,0,0,0
-23,-3,0,1,0,0,0,0,1,1,0
8,1,0,0,0,0,0,0,0,0,1
-2,7,0,0,0,0,0,0,0,0,1
-23,-5,0,0,0,0,0,0,0,0,0
-19,13,0,0,0,0,0,0,0,0,1
-22,7,0,0,0,0,0,0,0,0,1
-6,-7,0,0,0,0,1,0,0,0,2
2,-1,1,0,0,0,0,1,0,0,3
11,2,0,0,0,0,0,0,0,0,1
3,-9,0,0,0,0,0,0,0,0,0
25,-1,0,0,1,0,0,0,0,0,0
-17,7,0,0,0,0,0,0,0,0,1
3,-4,0,0,0,0,0,0,0,0,0
-8,-1,0,0,0,0,0,0,0,0,0
11,-2,0,0,0,0,0,0,0,0,0
-9,10,0,0,0,0,0,1,0,0,2
-4,-3,0,0,0,0,0,0,0,0,0
-24,6,0,0,0,1,0,0,0,0,1
3,-12,0,1,0,0,0,0,0,0,0
-1,-8,0,0,0,0,0,0,0,0,0
14,-3,0,0,0,0,0,0,0,0,0
0,5,0,0,0,0,0,0,0,0,1
22,-9,0,0,0,0,0,0,0,0,0
-15,-8,0,0,0,0,1,0,0,0,2
1,9,0,0,0,0,0,0,0,1,1
-8,2,0,0,0,0,0,0,0,0,1
-15,3,0,0,0,0,0,0,0,1,1
-18,-3,0,0,0,0,1,0,0,0,2
0,-8,0,0,0,0,0,0,0,0,0
6,-13,0,0,0,0,0,0,0,0,0
2,2,0,0,0,0,0,0,0,0,1
-15,3,0,0,0,0,0,0,0,1,1
-9,-5,0,0,0,1,0,0,0,0,0
3,-9,0,1,0,0,0,0,0,0,0
9,-1,0,0,0,0,0,0,0,0,0
-12,-2,0,0,0,0,0,0,0,1,0
-2,-9,0,0,0,0,0,0,0,1,0
-5,9,0,0,0,0,1,0,0,0,1
6,9,0,0,0,0,0,0,0,0,1
1,12,1,0,0,0,0,0,0,0,1
23,2,0,0,0,0,0,0,0,0,1
2,14,1,0,0,0,0,0,0,0,1
-4,-12,0,0,0,0,0,0,0,0,0
7,6,0,0,0,0,0,0,0,0,1
-18,-8,0,0,0,0,0,0,0,0,0
-16,-2,0,0,0,0,0,0,0,0,0
10,-4,0,0,0,0,0,0,0,0,0
-10,9,0,0,0,0,0,0,0,0,1
-17,-1,0,0,0,0,0,0,0,0,0
-10,7,0,0,0,0,0,0,0,0,1
-17,-9,0,0,0,0,0,0,0,0,0
-5,-12,0,0,0,0,0,1,0,0,0
-9,2,1,0,0,0,0,0,0,0,1
-3,-7,0,0,0,0,1,0,0,0,2
14,-1,0,0,0,0,0,0,0,0,0
7,-6,0,0,0,0,0,0,0,0,0
-20,11,0,0,0,0,0,0,0,0,1
7,-2,0,0,0,0,0,0,0,0,0
-10,-7,0,1,0,0,0,0,0,0,0
3,5,0,0,0,0,0,0,0,0,1
-9,-2,0,0,0,0,0,0,0,0,0
12,7,0,0,0,0,0,0,0,0,1
-8,-3,0,0,0,0,0,0,0,0,0
4,18,1,0,0,0,0,0,1,1,1
-14,2,0,0,0,0,0,0,0,0,1
4,-6,0,0,0,0,0,0,0,0,0
-3,2,0,0,0,0,0,0,0,1,1
-16,0,0,0,0,0,0,0,0,0,2
-23,-4,0,0,0,0,0,0,0,0,0
7,14,0,0,0,0,0,0,0,0,1
18,9,0,0,1,0,0,0,0,0,1
12,6,0,0,0,0,0,1,0,0,3
13,-2,0,0,0,0,0,1,0,0,0
-6,-1,0,0,0,0,1,0,0,0,2
-1,-8,0,0,0,1,0,0,1,0,0
-4,-7,0,0,0,0,1,0,0,0,2
15,2,0,0,0,0,0,0,0,0,1
-1,-12,0,0,0,0,0,0,0,0,0
-2,0,0,0,0,0,0,0,0,0,2
27,-4,0,0,1,0,0,0,0,0,0
-8,5,0,0,0,0,0,0,0,0,1
2,-10,0,0,0,0,0,0,0,0,0
-16,5,0,0,0,0,0,0,0,0,1
-9,-11,0,0,0,1,1,0,1,0,1
-3,-10,0,0,0,0,0,0,0,1,0
-2,-2,0,0,0,0,1,0,0,0,2
-12,2,0,0,0,0,0,0,0,0,1
-9,5,0,0,0,0,0,0,0,0,1
10,-11,0,1,0,0,0,0,0,0,0
-2,-15,0,0,0,0,0,0,0,0,0
-5,-1,0,0,0,0,0,1,0,0,0
9,1,0,0,0,0,1,0,0,0,1
-1,12,1,0,0,0,0,0,0,0,1
12,-3,0,0,0,0,0,0,0,0,0
4,0,0,1,0,0,0,0,0,0,3
6,4,0,0,0,0,1,0,0,0,1
-20,2,0,0,0,0,0,0,0,0,1
17,3,0,0,1,0,0,0,0,0,1
-20,-3,0,0,0,0,0,0,0,0,0
-18,3,0,0,0,0,0,0,0,0,1
3,-16,0,0,0,0,0,0,0,0,0
-8,-5,0,0,0,0,0,0,0,0,0
-2,8,1,0,0,0,0,0,0,0,1
4,6,0,0,0,0,0,0,0,0,1
-7,5,0,0,0,0,1,0,0,0,1
-10,-2,0,0,0,0,0,0,0,0,0
-1,-9,0,0,0,0,0,0,0,0,0
7,7,0,0,0,0,0,0,0,0,1
16,-5,0,0,0,0,0,1,0,0,0
-17,-8,0,0,0,0,1,0,0,0,2
-5,-9,0,0,0,0,0,0,0,0,0
14,-12,0,0,0,0,0,0,1,0,0
-18,6,0,0,0,0,0,0,0,0,1
7,-4,0,0,0,0,0,0,0,0,0
1,5,0,0,0,0,0,0,0,0,1
-14,2,0,0,0,0,0,0,1,0,1
14,-3,0,1,0,0,0,0,1,0,0
-12,-12,0,0,0,0,1,0,0,0,2
3,1,0,0,0,0,0,0,0,0,1
-7,-8,0,0,0,0,0,0,0,0,0
-5,-4,0,0,0,0,0,0,0,0,0
13,1,0,0,0,0,0,0,0,0,1
0,-12,0,1,0,0,0,0,0,0,0
-4,1,0,0,0,0,0,0,1,0,1
-4,5,1,0,0,0,0,0,0,0,1
-4,2,0,0,0,0,1,0,0,0,1
-26,1,0,0,0,1,0,0,0,1,1
-16,1,0,0,0,0,0,0,0,0,1
-14,5,0,0,0,0,0,0,0,0,1
14,10,0,0,0,0,0,0,0,0,1
4,-2,0,0,0,0,0,0,0,0,0
12,6,0,0,0,0,0,0,0,0,1
-3,-7,0,0,0,0,0,0,1,0,0
5,-18,0,1,0,0,0,0,0,0,0
-7,3,0,0,0,0,0,0,0,0,1
10,5,0,0,0,0,0,0,0,1,1
12,-6,0,0,0,0,0,1,0,0,0
22,1,0,0,0,0,0,0,0,0,1
-14,-11,0,0,0,0,0,0,0,0,0
17,-4,0,0,0,0,0,0,0,0,0
8,-1,0,0,0,0,0,0,0,0,0
14,16,0,0,1,0,0,0,0,0,1
3,9,0,0,0,0,0,0,0,1,1
0,-12,0,1,0,0,0,0,1,0,0
-5,0,0,0,0,0,1,0,0,0,2
-3,-11,0,0,0,0,0,0,0,0,0
4,5,0,0,0,0,0,0,0,0,1
-10,-13,0,0,0,0,0,0,0,0,0
15,3,0,0,1,0,1,0,0,0,1
-7,16,0,0,0,1,0,0,0,0,1
-5,12,0,0,0,0,0,0,1,0,1
14,-16,0,0,0,0,0,0,0,0,0
-3,1,0,0,0,0,0,0,0,0,1
-27,14,0,0,0,0,0,0,0,0,1
9,1,0,0,0,0,0,0,0,0,1
-1,1,0,0,0,0,0,0,1,0,1
4,-6,0,0,0,0,1,0,0,0,3
13,10,0,0,0,0,0,0,1,0,1
-18,-11,0,0,0,0,0,0,0,0,0
4,-4,0,0,0,0,0,1,1,0,0
-5,0,0,0,0,0,1,0,0,0,2
9,-15,0,0,0,0,0,0,0,1,0
-6,-2,0,0,0,0,0,0,0,0,0
-11,-5,0,0,0,0,0,0,0,0,0
15,-1,0,0,0,0,0,0,0,0,0
-7,-5,0,0,0,0,0,0,0,0,0
13,0,0,0,0,0,0,0,0,0,3
7,5,0,0,0,0,0,0,0,0,1
0,-10,0,0,0,0,0,0,0,0,0
-19,11,0,0,0,0,0,0,0,0,1
2,-15,0,1,0,0,0,0,0,0,0
-1,1,0,1,1,0,1,0,0,0,3
-1,0,0,1,0,1,0,0,1,0,0
12,-4,0,0,0,0,1,0,0,0,3
-12,-10,0,0,0,0,0,0,0,0,0
4,-9,0,0,0,0,0,0,0,0,0
-6,0,1,0,0,0,0,0,0,1,2
17,2,0,0,0,0,1,0,0,0,1
-3,-5,0,0,0,0,0,0,0,0,0
11,-13,0,0,0,0,0,1,0,0,0
9,-6,0,0,0,0,0,1,0,0,0
-14,-8,0,0,0,0,0,1,0,0,0
3,14,0,0,0,0,0,0,0,0,1
22,-7,0,0,0,0,0,0,0,0,0
1,-10,0,0,0,1,0,1,0,0,0
21,7,1,0,0,0,0,1,0,1,2
-23,-9,0,0,0,0,1,0,0,0,2
26,9,0,0,0,0,0,0,0,0,1
-7,7,0,0,0,0,0,0,0,0,1
12,11,0,0,0,0,0,1,0,0,3
1,-2,0,1,0,0,0,0,1,0,0
1,-2,0,0,0,0,0,1,0,0,0
15,9,0,0,0,0,0,0,0,0,1
4,-4,0,0,0,0,0,0,0,0,0
-4,0,0,0,0,0,0,0,0,0,2
9,-16,0,0,0,0,0,1,0,0,0
-2,6,0,0,0,0,0,0,0,0,1
-5,-11,0,0,0,0,0,1,0,0,0
18,4,0,0,1,0,0,0,0,0,1
2,4,0,0,0,0,0,1,1,0,3
13,-5,0,0,0,0,1,0,0,0,3
4,-6,0,0,0,0,0,0,1,0,0
9,5,0,0,0,0,0,0,1,0,1
-1,-5,0,0,0,0,0,0,0,0,0
18,13,0,0,1,0,0,0,0,0,1
8,-1,0,0,0,0,0,0,0,0,0
11,-13,0,0,0,0,0,0,0,0,0
-24,5,0,0,0,0,0,0,0,1,1
10,-7,0,0,0,0,0,0,0,0,0
12,0,0,1,0,0,0,0,0,0,3
11,1,0,0,0,0,1,0,1,0,1
1,8,0,0,0,0,0,0,0,0,1
-25,0,1,0,0,1,0,0,0,0,2
-17,6,0,0,0,0,0,0,0,0,1
20,-6,0,0,1,0,0,0,0,0,0
-8,-6,0,0,0,0,0,0,0,0,0
17,-4,0,0,0,0,0,0,0,1,0
11,9,0,0,0,0,0,0,0,0,1
6,1,0,0,0,0,0,0,0,0,1
-3,3,0,0,0,0,0,0,0,0,1
10,-4,0,0,0,0,0,0,0,0,0
23,1,0,0,0,0,1,0,1,0,1
8,-5,0,0,0,0,0,1,0,0,0
3,-7,0,1,0,0,0,1,0,0,0
15,5,0,0,0,0,0,1,1,0,3
-11,7,0,0,0,1,0,0,0,0,1
-2,-5,0,0,0,0,0,0,0,0,0
11,-2,0,0,0,0,0,0,0,0,0
-5,-4,0,0,0,0,0,0,1,0,0
-6,8,0,0,0,0,0,0,1,0,1
15,-6,0,0,0,0,0,0,1,0,0
9,8,0,0,0,0,0,0,0,0,1
17,10,0,0,0,0,0,0,0,0,1
18,-4,0,0,0,0,0,0,0,0,0
13,-5,0,0,0,0,0,0,0,0,0
10,-10,0,0,0,0,0,0,0,0,0
28,2,0,0,1,0,0,0,0,0,1
-12,-14,0,0,0,1,0,0,0,0,0
10,-5,0,1,0,0,0,0,0,0,0
3,-3,0,0,1,0,1,0,0,0,3
-6,-5,0,0,0,0,0,0,0,0,0
0,6,0,0,0,0,0,0,0,0,1
-6,5,0,0,0,0,0,0,1,0,1
10,7,0,0,0,0,0,0,0,0,1
3,6,0,0,0,0,0,0,0,0,1
-19,5,0,0,0,0,0,0,0,0,1
5,2,0,0,0,0,0,0,0,0,1
-15,5,1,0,0,0,0,0,0,0,1
-15,14,0,0,0,0,0,0,0,1,1
-9,0,0,0,0,0,0,0,0,0,2
-19,-15,0,1,0,0,1,0,0,0,2
26,-5,0,0,0,0,0,0,0,0,0
13,-11,0,0,0,0,0,0,0,0,0
-1,-1,0,0,1,0,0,0,0,1,0
2,0,0,0,0,0,0,0,0,0,3
10,12,0,0,0,0,0,0,0,0,1
-3,10,0,0,0,0,0,0,0,0,1
0,-1,0,0,0,0,0,0,0,0,0
-9,-2,0,0,0,0,0,0,0,1,0
-17,-11,0,0,0,0,0,0,0,0,0
5,8,0,0,0,0,0,0,0,0,1
-7,0,0,1,0,0,0,0,0,0,2
17,8,0,0,0,0,0,0,0,0,1
22,12,0,0,0,0,0,0,0,0,1
12,-7,0,1,0,0,0,0,0,0,0
12,-9,0,0,0,0,0,0,0,0,0
-2,-6,0,0,0,0,0,0,0,0,0
13,-4,0,0,0,0,0,0,0,0,0
-19,5,0,0,0,0,0,0,0,0,1
9,3,1,0,0,0,0,1,0,0,3
-11,-7,0,0,0,0,0,1,0,0,0
4,-1,0,0,0,0,0,0,0,0,0
-15,0,0,0,0,0,0,0,0,0,2
0,-2,0,0,0,0,0,0,0,1,0
2,5,0,0,0,0,0,0,0,0,1
-3,5,0,0,0,0,0,1,1,0,0
1,-9,0,0,0,0,1,0,0,0,3
-6,-7,0,0,0,0,0,0,0,0,0
-1,1,0,0,0,0,0,1,0,0,2
-23,7,1,0,0,0,0,0,0,0,1
8,-4,0,0,0,0,0,0,0,0,0
4,6,0,0,0,0,0,0,0,0,1
18,6,0,0,0,0,0,0,0,0,1
21,11,0,0,0,0,1,0,0,0,1
2,1,0,0,0,0,1,0,0,0,1
19,0,0,0,0,0,0,0,1,0,3
-7,-10,0,0,0,0,0,0,0,0,0
26,-2,0,0,0,0,0,0,0,0,0
25,4,0,0,0,0,0,0,0,0,1
-1,-10,0,0,1,0,0,0,1,0,0
14,2,0,0,0,0,0,0,0,0,1
-8,14,0,0,0,0,0,0,0,1,1
-3,6,0,0,0,0,0,0,0,0,1
-24,6,0,0,0,0,1,0,0,0,1
8,-12,0,0,0,0,0,0,0,0,0
-8,-3,0,0,0,0,0,0,0,0,0
0,5,0,0,0,0,0,1,1,0,0
9,8,0,0,0,0,0,0,0,0,1
6,2,0,0,0,0,0,0,0,0,1
-5,-1,0,0,0,0,0,0,0,0,0
6,-4,0,0,0,0,0,0,0,0,0
-1,-10,0,0,0,0,1,0,0,1,2
16,0,0,0,0,0,0,0,0,0,3
-12,6,0,0,0,0,0,0,0,0,1
10,-4,0,0,0,0,0,0,0,0,0
0,-8,0,0,0,0,1,0,0,0,1
6,5,0,0,0,0,0,0,0,0,1
18,4,0,0,0,0,0,0,0,0,1
-11,-6,0,0,0,0,0,0,0,0,0
-15,-16,0,0,0,0,0,0,1,0,0
19,0,0,0,0,0,0,0,0,0,3
8,-12,0,0,0,0,0,0,0,0,0
13,-4,0,0,0,0,0,1,0,1,0
19,2,0,0,0,0,0,0,1,0,1
8,13,0,0,0,0,0,0,1,0,1
-5,1,0,0,0,0,0,0,1,0,1
0,0,0,0,0,0,0,0,0,0,0
5,-3,0,0,0,0,0,0,1,0,0
4,8,0,0,0,0,0,1,1,0,3
-26,7,0,0,0,0,0,0,0,1,1
-4,-6,0,1,0,0,0,0,0,0,0
-21,-17,0,0,0,0,0,0,0,0,0
-6,-3,0,0,0,0,0,0,0,0,0
-5,3,0,0,0,0,0,0,0,0,1
2,-18,0,1,0,0,0,0,0,0,0
-11,7,0,0,0,0,0,0,0,0,1
-1,-9,0,1,0,0,0,0,0,0,0
-4,-1,0,0,0,0,0,0,0,1,0
8,-1,1,0,0,0,0,0,0,0,3
13,10,0,0,0,0,0,0,0,0,1
-8,-1,0,0,0,0,1,0,0,1,2
-13,-14,0,0,0,0,0,0,0,1,0
4,10,0,0,0,0,0,0,0,0,1
7,-9,0,0,0,0,1,0,0,0,3
-3,6,0,0,0,0,0,0,0,0,1
8,-5,0,0,0,0,0,0,0,0,0
5,-17,0,1,0,0,1,0,1,0,3
17,-7,0,1,0,0,0,0,0,0,0
2,7,0,0,0,0,0,0,0,1,1
-8,-2,0,0,0,0,0,0,0,0,0
-17,0,0,0,0,0,1,0,0,0,2
21,3,0,0,0,0,0,0,0,0,1
-3,-4,0,0,0,0,0,0,0,0,0
-23,11,0,0,0,1,0,0,0,0,1
-6,16,1,0,0,0,0,0,0,0,1
-1,-12,0,0,0,0,0,0,0,0,0
-9,9,0,0,0,0,1,0,0,0,1
-2,-4,0,0,0,0,0,0,1,0,0
15,-1,0,0,0,0,0,0,0,0,0
-5,14,0,0,0,0,0,0,0,0,1
-18,1,0,0,0,0,0,0,0,0,1
8,-4,0,0,0,0,0,0,0,0,0
-7,7,0,0,0,0,0,0,0,0,1
-14,3,0,0,0,0,0,0,0,0,1
-22,13,1,0,0,0,0,0,0,0,1
-14,2,0,0,0,0,0,0,0,0,1
-11,5,0,0,0,0,1,0,0,0,1
-7,-6,0,0,0,0,0,0,0,1,0
1,2,0,0,0,0,0,0,0,0,1
25,15,0,0,0,0,0,0,0,0,1
2,-6,0,0,0,0,0,0,1,0,0
-15,-4,0,0,0,0,0,0,0,0,0
-7,9,0,0,0,0,0,0,0,0,1
-21,2,0,0,0,0,0,0,0,0,1
-6,1,0,0,0,0,1,0,1,1,1
13,-5,0,0,0,0,0,0,0,0,0
-2,7,0,0,0,0,0,0,0,0,1
14,2,0,0,1,0,0,0,0,0,1
-21,12,1,0,0,0,0,0,0,0,1
7,-4,0,0,0,0,0,0,0,0,0
-1,11,0,0,0,0,0,0,1,0,1
2,-7,0,0,0,0,0,0,0,0,0
13,3,0,0,0,0,0,0,0,0,1
-2,4,0,0,0,0,0,0,0,0,1
22,-13,0,0,0,0,1,0,0,0,3
-2,7,0,0,0,0,0,0,0,0,1
2,-11,0,1,0,0,0,1,0,0,0
7,-1,0,0,0,0,0,0,0,0,0
-2,-3,0,0,0,0,1,0,0,0,2
1,9,0,0,0,0,1,0,0,0,1
-5,-10,0,0,0,0,0,0,0,0,0
2,-3,0,0,0,0,1,0,1,0,3
3,-3,0,0,0,0,1,1,0,0,3
1,11,0,0,0,0,1,0,0,0,1
-2,-4,0,0,0,0,0,0,0,0,0
-6,2,0,0,0,0,0,0,0,0,1
7,10,0,0,0,0,0,1,0,1,0
-1,3,0,0,0,0,0,0,1,1,1
-4,7,0,0,0,0,0,0,0,1,1
2,2,0,0,0,0,0,0,0,0,1
20,1,1,0,0,0,0,0,0,0,1
-6,1,0,0,0,0,1,0,0,0,1
2,1,0,0,0,0,0,1,0,0,3
10,1,0,0,0,0,0,0,0,1,1
6,3,0,0,0,0,0,1,0,0,3
-2,-3,0,0,0,0,1,0,0,0,2
-14,4,1,0,0,0,0,0,0,0,1
8,14,1,0,0,0,0,0,0,0,1
1,-14,0,0,0,0,0,0,0,0,0
13,12,0,0,0,0,0,0,0,0,1
-12,-1,0,0,0,0,0,0,0,0,0
-16,2,0,0,0,0,0,0,0,0,1
-18,2,0,0,0,0,1,0,0,0,1
-14,-7,0,0,0,0,1,0,0,1,2
8,16,0,0,0,0,0,1,0,0,3
3,-2,0,0,0,0,0,0,0,0,0
15,9,0,0,0,0,0,1,1,0,3
-13,-15,0,1,0,0,0,0,1,0,0
15,-1,0,0,0,0,0,0,0,0,0
18,5,0,0,0,0,0,0,0,1,1
-4,4,0,0,0,0,1,1,1,0,3
9,4,0,0,0,0,0,0,0,0,1
1,-9,0,0,0,0,0,0,0,1,0
-26,12,0,0,0,0,1,0,0,0,1
0,2,0,0,0,0,0,0,1,0,1
-19,5,0,0,0,0,1,0,0,0,1
-4,1,0,0,0,0,0,0,1,0,1
21,10,1,0,0,0,0,0,0,0,1
-7,-1,0,0,0,0,0,1,0,0,0
17,-4,0,0,0,0,0,0,0,0,0
0,-13,0,1,0,0,0,1,0,0,0
19,-11,0,0,0,0,0,0,0,0,0
-10,-6,0,0,0,0,0,0,0,0,0
16,8,0,0,0,0,0,0,0,0,1
2,-3,0,0,0,0,1,0,0,1,1
-16,9,0,0,0,0,0,0,0,0,1
-14,6,0,0,0,0,0,0,0,0,1
4,-8,0,1,0,0,0,0,0,0,0
16,11,0,0,0,0,0,0,0,0,1
-13,4,0,0,0,0,0,0,1,0,1
-7,-8,0,0,0,0,0,0,1,1,0
10,-5,0,0,0,0,0,0,0,0,0
-6,3,0,0,0,0,0,0,0,0,1
0,6,0,0,0,0,0,0,0,0,1
-11,-7,0,0,0,0,0,0,0,0,0
-24,4,0,0,0,0,0,0,0,0,1
20,1,0,0,0,0,0,0,0,0,1
-23,14,0,0,0,0,0,0,1,0,1
-2,4,0,0,0,0,0,0,0,0,1
16,7,0,0,0,0,0,0,0,0,1
-10,1,0,0,0,0,0,0,0,0,1
-16,4,0,0,0,0,0,0,0,0,1
19,6,0,0,0,0,0,0,0,1,1
-7,12,0,0,0,0,0,0,0,0,1
-5,-14,0,1,0,0,0,0,0,0,0
-20,-2,0,0,0,0,0,0,0,0,0
5,13,0,0,0,0,0,0,0,0,1
-17,-1,0,0,0,0,0,1,0,0,0
-1,-7,0,0,0,0,0,1,0,1,0
15,0,0,0,0,0,0,0,0,0,3
3,-2,0,0,0,0,0,0,0,0,0
4,-4,0,0,0,0,0,0,0,0,0
-25,10,0,0,0,0,0,0,0,0,1
11,-7,0,1,0,0,0,0,1,0,0
24,6,0,0,0,0,0,0,0,0,1
9,0,0,0,0,0,0,0,0,0,3
14,4,0,0,1,0,0,0,0,0,1
3,6,0,0,0,0,1,0,0,1,1
-22,-5,0,0,0,0,0,0,0,0,0
2,2,0,0,0,0,0,0,0,0,1
2,-8,0,0,0,0,0,0,0,0,0
3,-8,0,0,0,0,0,0,0,0,0
1,-4,0,0,0,0,0,0,0,0,0
8,13,1,0,0,0,0,1,0,1,2
-5,2,0,0,0,0,0,0,0,1,1
3,8,0,0,0,0,0,0,0,0,1
-13,-5,0,0,0,0,0,0,0,0,0
-12,2,1,0,0,0,0,0,0,0,1
-8,-2,0,0,0,0,0,0,1,0,0
3,10,0,0,0,0,0,0,1,0,1
-12,10,0,0,0,0,0,0,0,1,1
-24,-7,0,0,0,1,0,0,0,0,0
19,-6,0,0,0,0,0,0,0,0,0
-14,-3,0,1,0,0,0,0,0,0,0
-3,-10,0,0,0,0,0,0,0,0,0
20,-11,0,0,0,0,0,0,0,0,0
7,-1,0,0,0,0,0,0,1,1,0
25,9,0,0,0,0,0,0,1,0,1
0,5,0,0,0,0,0,0,0,0,1
5,14,0,0,0,0,1,0,1,0,1
-10,2,0,0,0,0,0,0,0,0,1
18,-14,0,0,0,0,0,0,0,0,0
-6,-3,0,0,0,0,0,0,0,0,0
-4,-4,0,0,0,0,0,0,0,0,0
17,0,0,0,0,0,0,0,0,0,3
-8,-4,0,0,0,0,0,0,0,0,0
6,-11,0,0,0,0,0,0,0,0,0
-15,-10,0,0,0,0,0,1,0,0,0
-25,2,0,0,0,1,0,0,0,0,1
1,0,0,0,0,0,0,0,0,0,3
-3,4,0,0,0,0,0,0,0,0,1
-16,6,0,0,0,0,0,0,0,0,1
19,-4,0,0,0,0,1,1,0,0,3
-8,2,0,0,0,0,0,0,0,0,1
21,4,0,0,0,0,0,1,0,0,3
-19,-2,0,0,0,0,0,0,0,0,0
-13,11,1,0,0,0,0,0,0,0,1
-17,2,0,0,0,0,0,0,0,0,1
1,-1,0,0,0,0,0,0,0,0,0
21,-7,0,0,0,0,0,0,0,0,0
11,4,0,0,0,0,0,0,0,0,1
3,2,0,0,0,0,0,0,0,0,1
-17,9,0,0,0,0,0,0,0,0,1
17,-15,0,0,0,0,0,0,0,0,0
7,-5,0,1,0,0,0,0,0,0,0
-22,5,0,0,0,0,0,0,0,0,1
-5,2,0,0,0,0,0,0,0,0,1
-6,1,0,0,0,0,0,0,0,0,1
12,-8,0,0,0,0,0,1,0,1,0
-10,-4,0,0,0,0,1,0,0,1,2
11,16,0,0,0,0,1,0,0,0,1
-7,-9,0,0,0,1,0,0,0,0,0
-11,6,0,0,0,0,0,0,0,0,1
-1,-3,0,1,0,0,1,0,0,0,2
11,12,0,0,0,0,0,0,0,0,1
13,7,0,0,0,0,0,0,1,0,1
-5,-2,0,0,0,0,0,0,0,0,0
7,-4,0,0,0,0,0,0,0,0,0
10,1,1,0,0,0,0,0,0,0,1
-11,-4,0,0,0,0,0,0,0,0,0
1,13,0,0,0,0,0,0,0,1,1
17,11,0,0,0,0,0,0,0,0,1
14,1,0,0,0,0,0,0,1,0,1
24,-3,0,0,1,0,0,0,0,0,0
8,0,0,0,0,0,1,0,0,0,3
-7,-5,0,0,0,0,1,0,0,1,2
3,-8,0,0,0,0,0,0,0,0,0
3,-6,0,0,0,0,0,0,0,0,0
-18,10,0,0,0,0,0,1,0,0,2
-5,-14,0,1,0,0,0,0,0,1,0
1,-11,0,0,0,0,0,0,0,0,0
3,-1,0,0,0,0,1,0,0,0,3
5,1,0,0,0,0,0,0,0,0,1
20,-15,0,0,0,0,0,0,0,0,0
4,3,0,0,0,0,0,0,0,0,1
14,-2,0,0,0,0,0,0,0,0,0
8,7,1,0,0,0,0,0,0,0,1
-1,5,0,0,0,0,0,0,0,0,1
-10,10,0,0,0,0,0,0,1,0,1
-26,0,0,0,0,0,0,0,0,0,2
5,-2,0,0,0,0,0,0,0,0,0
2,2,0,0,0,0,0,0,0,0,1
17,-5,0,0,0,0,0,0,0,0,0
3,0,0,0,0,0,0,0,0,0,3
21,-6,0,0,0,0,0,0,0,0,0
-14,-5,0,0,0,0,0,0,0,0,0
-2,12,0,0,0,0,0,0,1,0,1
0,8,1,0,0,0,0,0,1,0,1
-3,1,0,0,0,0,0,0,0,0,1
5,16,1,0,0,0,0,0,0,1,1
10,-1,0,0,0,0,0,0,0,0,0
-3,12,0,0,0,0,1,1,0,0,2
-11,1,0,0,0,0,0,0,0,0,1
3,11,0,0,0,0,0,0,0,0,1
-6,2,1,0,0,0,0,0,0,0,1
17,16,0,0,0,0,0,0,0,0,1
5,8,0,0,0,0,1,0,0,0,1
4,9,0,0,0,0,1,0,0,0,1
11,-12,0,0,0,0,0,0,0,0,0
-12,-1,0,0,0,0,0,0,1,0,0
8,-7,0,0,0,0,0,0,0,0,0
16,-2,0,0,0,0,0,0,0,0,0
-8,-4,0,0,0,0,0,0,0,0,0
-22,2,0,0,0,0,0,0,0,0,1
3,6,1,0,0,0,0,0,0,0,1
6,9,0,0,0,0,0,0,1,0,1
-20,-4,0,0,0,1,0,0,0,0,0
6,3,0,0,0,0,0,0,1,0,1
6,0,0,0,0,0,0,0,0,0,3
11,-14,0,0,1,0,0,0,0,0,0
15,-2,0,0,0,0,0,0,0,0,0
-14,6,0,0,0,0,0,0,0,0,1
3,-13,0,0,0,0,0,0,0,0,0
-15,5,0,0,0,0,0,0,0,0,1
-9,0,0,0,0,0,1,0,0,0,2
11,7,0,0,0,0,0,0,0,0,1
0,0,0,0,0,0,0,0,0,0,0
-11,-8,0,0,0,0,0,0,0,0,0
-20,6,0,0,0,0,0,0,0,0,1
8,-6,0,0,0,0,0,0,0,0,0
-4,-2,0,0,0,0,0,0,0,0,0
-2,9,0,0,0,0,0,0,0,1,1
16,1,0,0,0,0,0,0,0,0,1
-16,1,0,0,0,0,0,0,0,0,1
13,14,0,0,0,0,0,0,1,0,1
5,9,0,0,0,0,0,0,0,0,1
-20,10,0,0,0,0,0,0,0,0,1
0,5,0,0,0,0,0,0,0,0,1
13,5,0,0,0,0,1,0,0,0,1
-7,6,0,0,0,0,0,0,0,0,1
13,-9,0,0,0,0,0,0,1,0,0
-18,-6,0,0,0,0,0,0,0,0,0
1,-18,0,1,0,0,0,0,0,0,0
-3,-16,0,1,0,0,0,0,0,0,0
18,-12,0,0,0,0,0,0,0,0,0
-12,10,0,0,0,0,0,0,0,0,1
9,0,0,0,0,0,0,0,1,0,3
3,-9,0,0,0,0,0,0,0,0,0
-19,15,1,0,0,0,0,1,1,0,3
-5,0,0,1,0,0,0,0,0,0,2
9,12,0,0,0,0,0,0,0,0,1
1,-12,0,0,0,0,0,0,0,0,0
20,-10,0,1,0,0,0,0,0,0,0
-10,11,0,0,0,0,0,0,0,0,1
27,3,0,0,1,0,0,0,1,0,1
-1,-4,0,0,0,0,0,1,0,0,0
19,-14,0,0,0,0,0,0,0,1,0
25,-6,0,0,1,0,0,0,0,0,0
22,-5,0,1,1,0,0,0,0,0,0
-4,0,0,0,0,0,0,0,0,0,2
-8,-10,0,0,0,0,0,0,1,0,0
5,-8,0,0,0,0,1,0,0,0,3
3,2,0,0,0,0,0,0,0,1,1
15,-7,0,0,0,0,0,0,0,0,0
5,3,0,0,0,0,0,0,0,0,1
-9,9,0,0,0,0,0,0,0,0,1
11,6,0,0,1,0,0,0,0,0,1
-15,0,0,0,0,0,0,0,1,0,0
7,6,1,0,0,0,0,0,1,0,1
5,0,0,0,0,0,0,0,0,0,3
10,-4,0,0,0,0,0,0,0,0,0
22,3,0,0,0,0,0,0,0,0,1
-8,9,0,0,0,0,0,0,0,0,1
-19,10,0,0,0,0,0,0,0,0,1
3,8,0,0,0,0,0,1,0,0,3
-10,1,0,0,0,0,0,0,0,1,1
2,9,0,0,0,0,0,0,0,0,1
-3,-4,0,0,0,0,1,0,0,0,2
2,7,0,0,0,0,0,1,0,0,3
3,2,0,0,0,0,0,0,0,0,1
15,-14,0,0,0,0,0,0,0,0,0
1,-3,0,0,0,0,0,0,0,0,0
-15,-10,0,0,0,0,0,0,0,0,0
0,4,0,0,0,0,0,0,1,0,1
2,-9,0,1,0,0,0,0,0,1,0
-18,16,1,0,0,0,1,1,0,0,2
-8,-3,0,0,0,0,0,0,0,0,0
18,0,0,0,0,0,0,0,0,0,3
-12,-2,0,0,0,0,0,0,0,0,0
11,10,0,0,0,0,0,1,0,0,3
-1,5,0,0,0,0,0,0,1,0,1
-3,-4,0,0,0,0,0,1,0,0,0
9,9,0,0,0,0,0,0,0,0,1
0,-2,0,0,0,0,0,1,0,0,0
8,5,0,0,0,0,0,0,0,0,1
1,16,0,0,0,0,0,0,0,0,1
9,7,0,0,0,0,0,0,0,1,1
5,-4,0,0,0,0,0,0,0,0,0
-17,-9,0,0,0,0,0,0,0,0,0
-3,-4,0,0,0,0,1,0,1,0,1
-5,4,0,0,0,0,1,0,1,0,1
24,-6,0,0,0,0,0,0,0,0,0
-7,-1,0,0,0,0,0,0,1,0,0
-7,-1,0,0,0,0,0,0,0,0,0
-2,0,0,0,0,0,0,0,0,0,2
-26,-13,0,0,0,1,0,0,1,1,0
-5,1,0,0,0,0,0,1,0,0,2
22,-5,0,0,0,0,0,0,0,0,0
7,16,1,0,0,0,0,0,0,0,1
5,0,0,0,0,0,0,0,0,0,3
-3,-4,0,0,0,0,0,0,0,0,0
-7,0,0,0,0,0,0,0,0,0,2
0,-6,0,0,0,0,0,1,0,0,0
-9,0,0,1,0,0,0,0,0,0,2
-3,-9,0,0,0,0,0,0,0,0,0
3,-14,0,0,0,0,0,0,0,0,0
-7,2,1,0,0,0,0,0,0,1,1
10,6,0,0,1,0,0,0,0,1,1
8,-5,0,0,0,0,0,0,0,0,0
6,4,0,0,0,0,0,0,0,0,1
-6,-11,0,0,0,0,0,0,0,0,0
-9,-5,0,0,0,0,1,1,0,0,2
10,12,0,0,0,0,0,0,0,0,1
-3,-1,1,0,0,0,0,0,0,0,2
1,4,0,0,0,0,0,0,1,1,1
4,-13,0,1,0,0,1,0,0,0,3
-6,-1,0,1,0,0,0,1,0,0,0
-5,7,0,0,0,0,0,0,0,0,1
-10,-4,0,0,0,0,0,0,0,0,0
5,-11,0,0,0,0,0,0,0,0,0
-8,-3,0,0,0,0,0,0,0,0,0
-14,6,0,0,0,0,0,0,0,0,1
1,7,0,0,0,0,0,1,0,0,3
7,-13,0,0,0,0,0,0,0,0,0
-11,-4,0,0,0,0,0,0,0,0,0
7,-1,0,0,0,0,1,0,0,0,3
11,12,0,0,0,0,0,0,0,0,1
5,-13,0,0,0,0,0,0,0,0,0
-11,-2,0,0,0,0,0,0,0,0,0
-7,-1,0,0,0,0,0,0,0,0,0
9,-3,0,1,0,0,0,0,0,1,0
8,7,0,0,0,0,0,0,0,0,1
-1,-6,0,0,0,0,0,0,0,0,0
-13,-7,0,0,0,0,0,0,0,0,0
17,2,0,0,0,0,0,0,0,0,1
-19,-2,0,0,0,0,0,0,0,0,0
-2,-13,0,1,0,0,0,0,0,1,0
21,2,1,0,1,0,0,0,0,0,1
2,-3,0,0,0,0,0,0,0,0,0
22,-3,0,1,0,0,0,0,0,0,0
11,-3,0,0,0,0,0,1,0,0,0
9,-5,0,0,0,0,0,0,0,0,0
-17,10,0,0,0,0,0,0,0,0,1
13,1,0,0,0,0,0,0,0,0,1
11,1,0,0,0,0,0,0,0,0,1
26,-5,0,0,1,0,0,0,1,0,0
24,2,0,0,0,0,0,0,0,0,1
-14,-13,0,0,0,0,0,0,0,0,0
24,7,0,0,0,0,0,0,0,0,1
-23,11,0,0,0,0,1,0,0,0,1
25,-7,0,0,1,0,0,0,0,0,0
-3,6,0,0,0,0,0,0,0,0,1
-4,5,0,0,0,0,0,1,0,0,2
-7,4,0,0,0,0,0,0,0,0,1
-6,-15,0,0,0,0,0,0,0,0,0
18,2,0,0,0,0,0,0,0,0,1
1,5,0,0,0,0,0,0,0,0,1
-2,-1,0,0,0,0,0,0,0,0,0
-8,4,0,0,0,0,0,0,0,0,1
21,-1,0,0,0,0,1,0,0,1,1
-17,0,0,0,0,0,0,0,0,0,2
13,-9,0,0,0,0,1,0,0,1,1
16,-9,0,0,0,0,0,0,0,0,0
-16,-2,0,0,0,0,0,0,0,1,0
-4,-8,0,0,0,0,0,0,0,0,0
8,4,0,0,0,0,0,1,0,0,3
16,-8,0,0,0,0,0,0,0,1,0
2,-6,0,0,0,0,0,0,0,0,0
3,0,0,0,0,0,0,0,0,0,3
15,1,0,0,0,0,0,0,1,0,1
-21,1,0,0,0,0,0,1,0,0,2
-17,11,0,0,0,0,0,0,0,0,1
-12,2,0,0,0,0,0,0,0,1,1
10,8,0,0,0,0,0,0,0,0,1
18,-11,0,0,1,0,0,0,1,0,0
-9,-9,0,0,0,0,0,0,0,1,0
17,4,0,0,0,0,0,0,0,1,1
-27,8,0,0,0,1,0,0,0,0,1
-3,1,0,0,0,0,0,0,0,0,1
-19,-10,0,0,0,0,0,0,0,0,0
-19,13,0,0,0,0,0,0,0,1,1
-10,-16,0,1,0,1,1,0,0,0,2
5,-9,0,0,0,0,0,0,0,0,0
10,7,0,0,0,0,0,0,0,0,1
4,5,0,0,0,0,0,0,0,0,1
12,8,0,0,0,0,1,0,0,0,1
-1,-7,0,0,0,0,0,0,0,0,0
-12,7,0,0,0,0,0,0,0,0,1
-8,-7,0,0,0,0,0,0,0,0,0
-5,-6,0,0,0,0,0,0,0,0,0
-21,8,0,0,0,0,0,0,0,0,1
-4,14,0,0,0,0,0,0,0,0,1
9,-3,0,0,0,0,0,0,1,0,0
-5,2,0,0,0,0,0,0,0,0,1
-11,-8,0,1,0,0,0,0,0,0,0
-7,4,0,0,0,0,1,0,1,0,1
-8,0,0,0,0,0,0,0,0,0,2
-2,12,0,0,0,0,0,0,0,0,1
-26,3,0,0,0,1,0,0,0,1,1
-11,11,0,0,0,0,0,0,0,0,1
-12,9,0,0,0,0,0,0,0,0,1
5,6,0,0,0,0,0,0,0,0,1
-11,-7,0,0,0,0,0,0,1,0,0
-6,13,0,0,0,0,0,0,0,1,1
11,-12,0,0,0,0,0,0,0,0,0
13,9,0,0,0,0,0,0,0,0,1
9,8,0,0,0,0,0,0,0,0,1
7,17,1,0,0,0,0,0,0,0,1
-20,-2,0,0,0,0,0,0,0,0,0
-21,-1,0,0,0,0,1,0,1,0,1
4,5,0,0,0,0,1,0,0,0,1
-14,-13,0,0,0,0,0,0,0,0,0
-16,-6,0,0,0,0,1,0,0,1,2
-1,3,0,0,0,0,0,0,0,0,1
-19,-4,0,0,0,0,0,0,0,0,0
-9,2,0,0,0,0,0,0,1,0,1
2,-2,0,0,0,0,0,0,0,0,0
-24,-16,0,1,0,0,0,0,0,0,0
8,-1,0,0,0,0,1,0,0,1,1
-3,-15,0,0,0,0,0,0,0,0,0
-23,-5,0,0,0,0,0,0,1,1,0
-20,-7,0,0,0,1,0,0,0,0,0
-6,-5,0,0,0,0,0,0,0,0,0
-8,-6,0,0,0,0,0,0,1,0,0
-5,5,1,0,0,0,0,0,0,1,1
2,-2,0,0,0,0,1,0,0,0,3
-6,-5,0,0,0,0,0,0,0,0,0
-23,1,0,0,0,1,0,0,1,0,1
13,-7,0,0,1,0,0,0,0,0,0
15,-6,0,0,0,0,1,0,0,0,3
-5,6,0,0,0,0,0,0,0,0,1
-8,-10,0,0,0,0,0,0,0,0,0
15,-3,0,0,0,0,0,0,0,1,0
3,6,0,0,0,0,0,0,1,1,1
9,-7,0,0,0,0,0,0,0,0,0
1,7,0,0,0,0,1,0,1,0,1
-1,-6,0,0,0,0,0,0,0,0,0
0,-13,0,0,0,0,0,0,0,0,0
-2,-13,0,1,0,0,0,0,0,0,0
-22,1,1,0,0,0,0,0,1,0,1
4,5,0,0,0,0,0,0,0,1,1
13,2,1,0,0,0,0,0,0,1,1
-19,17,1,0,0,0,0,0,0,1,1
19,-4,0,0,0,0,0,0,1,0,0
9,-12,0,0,0,0,0,0,0,0,0
3,17,0,0,0,0,0,0,0,0,1
-9,-6,0,0,0,0,0,0,0,0,0
-3,13,0,0,0,0,0,0,0,1,1
-5,-10,0,0,0,0,1,0,0,0,2
10,4,0,0,0,0,0,1,0,0,3
7,11,0,0,0,0,0,0,0,0,1
-5,-1,0,0,0,0,0,0,0,0,0
19,-1,0,0,0,0,0,0,0,0,0
12,-1,0,0,0,0,0,1,0,0,0
17,6,0,0,1,0,0,0,0,0,1
2,7,0,0,0,0,0,1,0,0,3
-3,10,0,0,0,0,0,0,0,1,1
9,0,0,0,0,0,0,0,0,1,0
9,5,0,0,0,0,0,0,0,0,1
-19,-3,0,0,0,0,0,0,0,0,0
-6,-2,0,0,0,0,0,0,0,0,0
4,15,0,0,0,0,0,0,0,1,1
-19,-9,0,0,0,0,0,0,1,0,0
10,0,0,0,0,0,0,0,1,0,3
7,2,1,0,0,0,0,0,0,0,1
1,-13,0,0,0,0,0,0,0,0,0
-2,-7,0,0,0,0,0,0,0,0,0
-1,4,0,0,0,0,0,0,0,0,1
-8,-1,0,0,0,1,0,0,1,0,0
-15,9,0,0,0,0,0,0,0,0,1
3,0,0,0,0,0,0,0,0,0,3
-5,-4,0,0,0,0,0,0,0,0,0
1,-2,0,0,0,0,0,0,0,0,0
5,-6,0,0,0,0,0,1,0,0,0
-2,-9,0,0,0,0,0,0,0,0,0
-6,3,0,0,0,0,0,0,0,0,1
-14,-15,0,0,0,0,0,0,0,0,0
11,-1,0,0,1,0,0,0,0,0,0
19,-6,0,0,0,0,0,0,0,0,0
0,-7,0,0,0,0,1,0,0,0,1
-2,2,0,0,0,0,0,0,0,0,1
-22,-8,0,0,0,1,0,0,1,0,0
4,-12,0,0,0,0,0,0,0,0,0
8,-13,0,1,0,0,0,1,0,0,0
7,16,0,0,0,0,0,1,0,0,3
-4,-8,0,0,0,0,0,0,0,0,0
10,4,1,0,0,0,0,0,1,0,1
8,-1,0,0,0,0,0,0,0,0,0
-26,11,0,0,0,0,0,0,0,0,1
-18,-4,0,0,0,0,0,1,0,1,0
-4,4,0,0,0,0,0,0,0,0,1
19,0,0,0,0,0,0,0,0,0,3
6,-8,0,0,0,0,0,0,1,0,0
-6,-2,0,0,0,0,0,0,0,0,0
-6,-8,0,0,0,0,0,1,0,0,0
-16,3,0,0,0,0,0,0,0,0,1
15,-6,0,0,0,0,0,0,0,0,0
4,-2,0,0,0,0,0,1,0,0,0
-1,-4,0,0,0,0,0,0,0,0,0
16,-6,0,0,0,0,0,0,0,0,0
8,15,0,0,0,0,0,1,0,0,3
-17,-2,0,0,0,0,0,0,0,0,0
9,5,0,0,0,0,0,0,0,0,1
-10,0,0,0,0,0,0,0,0,0,2
7,14,0,0,0,0,0,0,0,0,1
-9,-1,0,0,0,0,0,1,0,0,0
5,6,0,0,0,0,0,0,0,0,1
-19,7,0,0,0,0,0,0,0,1,1
-18,5,0,0,0,0,0,0,0,1,1
-18,0,0,0,0,0,0,0,0,0,2
-8,-12,0,0,0,0,0,0,0,0,0
-15,1,0,0,0,0,0,0,0,0,1
-2,6,0,0,0,0,0,0,1,0,1
12,4,0,0,0,0,0,0,0,0,1
-15,12,0,0,0,0,0,0,0,0,1
-10,7,0,0,0,0,0,0,0,0,1
14,-8,0,0,0,0,1,0,0,0,3
20,15,0,0,1,0,0,0,0,0,1
-7,8,0,0,0,1,0,0,0,1,1
-16,-5,0,1,0,1,0,0,0,0,0
7,7,0,0,0,0,0,0,0,0,1
11,0,0,0,0,0,0,0,0,0,3
-4,9,0,0,0,0,0,0,0,1,1
-11,-7,0,0,0,0,0,0,0,0,0
-2,-2,0,0,0,0,0,0,0,1,0
13,4,0,0,0,0,1,0,0,0,1
2,9,0,0,0,0,0,1,1,0,3
-12,2,0,0,0,0,0,0,0,1,1
0,0,0,0,0,0,1,0,1,0,1
-3,-9,0,0,0,0,0,0,0,0,0
-23,-10,0,0,0,1,0,0,0,0,0
2,3,0,0,0,0,0,0,1,0,1
-9,3,0,0,0,1,0,0,0,0,1
8,-9,0,0,0,0,0,1,0,0,0
-13,5,0,0,0,0,0,0,0,0,1
-3,-3,0,0,0,0,0,1,0,0,0
8,5,1,0,1,0,0,0,0,0,1
7,-5,0,0,0,0,0,0,0,0,0
-3,-13,0,0,0,0,0,1,0,0,0
9,3,0,0,0,0,0,0,0,0,1
10,-4,0,0,0,0,0,0,0,0,0
8,-10,0,0,0,0,0,1,0,0,0
16,0,1,0,0,0,0,0,0,0,3
1,-5,0,0,0,1,0,0,0,0,0
23,0,0,0,1,0,0,0,0,0,3
-2,8,0,0,0,0,0,0,0,0,1
2,0,0,0,0,0,0,0,0,0,3
-15,10,0,0,0,0,0,0,0,0,1
-6,13,0,0,0,0,0,0,0,0,1
6,-14,0,0,0,0,0,0,0,0,0
-5,13,0,0,0,0,0,0,0,0,1
-21,-15,0,0,0,0,1,0,0,0,2
15,12,0,0,0,0,0,0,0,0,1
-1,8,0,0,0,0,0,1,0,0,2
-1,-1,0,0,0,0,0,0,0,0,0
-9,7,1,0,0,0,0,0,0,0,1
12,-8,0,0,0,0,1,0,0,0,3
10,1,1,0,0,0,0,1,0,0,3
-5,-3,0,0,0,0,1,0,0,1,2
5,0,1,0,0,0,0,0,0,0,3
-6,11,0,0,0,0,0,0,0,1,1
8,2,0,0,0,0,0,0,0,0,1
6,-10,0,0,0,0,0,0,0,0,0
-2,1,1,0,0,0,0,0,0,0,1
10,12,0,0,0,0,0,0,0,1,1
8,-2,0,0,1,0,0,0,0,0,0
-19,-4,0,0,0,0,0,0,0,0,0
18,13,0,0,0,0,0,0,0,0,1
-4,5,0,0,0,0,0,1,0,0,2
-5,2,0,0,0,0,0,0,0,0,1
-8,-4,0,0,0,0,0,0,0,0,0
0,0,0,0,0,0,0,0,0,1,0
14,2,0,0,0,0,0,0,0,0,1
7,-5,0,0,0,0,1,1,1,0,3
-16,5,0,0,0,0,0,0,0,0,1
-12,9,0,0,0,0,0,0,0,0,1
-1,11,0,0,0,0,0,0,0,0,1
12,-14,0,0,0,0,0,0,0,0,0
8,-9,0,0,0,0,1,0,0,0,3
2,-12,0,0,0,0,0,1,0,0,0
-3,15,0,0,0,0,1,0,0,0,1
-15,6,0,0,0,0,0,0,0,0,1
-24,-1,0,1,0,0,0,0,0,0,0
6,-3,0,0,0,0,0,0,0,0,0
-21,11,0,0,0,0,0,1,0,0,2
-3,-2,0,0,0,0,0,0,0,0,0
-14,-5,0,0,0,0,0,0,1,0,0
-9,-1,0,0,0,0,0,0,0,0,0
2,4,0,0,0,0,0,0,0,0,1
-6,-9,0,0,0,0,0,1,0,1,0
-4,2,0,0,0,0,0,0,0,0,1
-16,-4,0,0,0,0,0,0,0,0,0
-11,-2,0,0,0,0,0,0,0,0,0
-6,10,0,0,0,0,0,0,0,0,1
-2,1,0,0,0,0,0,1,0,0,2
6,2,0,0,0,0,0,0,0,0,1
15,1,0,0,0,0,0,0,0,0,1
-1,-14,0,1,0,0,0,0,1,0,0
12,-3,0,0,0,0,0,0,0,0,0
21,-4,0,0,0,0,0,0,0,0,0
-2,7,0,0,0,0,0,0,0,0,1
-2,-1,0,0,0,0,0,0,0,0,0
-18,-14,0,0,0,0,1,0,0,0,2
-10,-3,0,0,0,0,0,0,0,0,0
-2,-10,0,0,0,0,0,0,1,0,0
-5,-6,0,0,0,0,0,0,0,0,0
6,-6,0,0,0,0,0,0,0,0,0
0,9,0,0,0,0,0,0,0,0,1
-11,-4,0,1,0,0,0,0,0,0,0
-3,-1,0,0,0,0,0,0,0,0,0
10,3,0,0,0,0,0,0,0,0,1
7,10,1,0,0,0,0,0,0,0,1
-6,2,0,0,0,0,0,0,0,0,1
-17,6,0,0,0,0,0,0,1,0,1
-1,9,0,0,0,0,0,0,0,0,1
24,4,0,0,0,0,0,1,0,1,0
9,6,0,0,0,0,0,0,1,0,1
-5,3,0,0,0,0,0,0,0,1,1
20,-1,0,1,0,0,0,0,0,0,0
13,-5,0,0,0,0,0,1,0,0,0
-12,-11,0,1,0,0,1,0,0,0,2
0,8,0,0,0,0,0,1,0,0,0
-16,-6,0,0,0,0,0,0,0,1,0
-28,-1,1,0,0,1,0,0,1,0,1
12,-7,0,0,0,0,0,0,0,0,0
1,6,0,0,0,0,0,0,0,0,1
-23,-11,0,0,0,0,0,0,0,0,0
-17,4,0,0,0,0,0,0,0,0,1
-4,6,0,0,0,0,0,0,0,0,1
2,-12,0,0,0,0,0,1,0,0,0
2,3,0,0,0,0,0,0,0,0,1
12,3,0,0,1,0,0,1,0,0,3
22,-5,0,0,1,0,1,0,0,0,3
-3,8,0,0,0,0,1,0,0,0,1
7,-2,0,0,0,0,0,0,0,1,0
22,1,0,0,0,0,0,0,1,0,1
-15,8,0,0,0,0,1,0,0,0,1
4,-10,0,0,0,0,0,0,0,0,0
14,6,0,0,0,0,1,1,0,1,2
10,-17,0,0,0,0,0,0,0,0,0
8,8,1,0,0,0,0,1,0,1,2
-16,3,0,0,0,0,0,0,0,0,1
-12,4,0,0,0,0,0,0,0,0,1
-6,15,0,0,0,0,0,0,1,0,1
-14,-14,0,1,0,0,0,0,0,0,0
-13,10,0,0,0,0,0,0,0,0,1
-24,-1,0,0,0,0,0,0,0,1,0
-8,6,0,0,0,0,0,0,0,0,1
-2,-1,0,0,0,0,0,0,0,0,0
-7,-3,0,0,0,1,0,0,0,0,0
-20,-12,0,0,0,0,0,0,0,0,0
-3,-1,0,1,0,0,0,0,0,0,0
4,10,0,0,0,0,0,0,0,0,1
3,-7,0,0,0,0,0,0,0,0,0
-1,0,0,0,0,0,1,0,0,0,2
12,-7,0,0,0,0,0,0,0,0,0
2,-5,0,0,0,0,0,1,0,1,0
3,3,0,0,0,0,0,0,0,0,1
-2,-13,0,0,0,0,0,0,0,0,0
19,-3,0,0,1,0,0,1,0,1,0
-3,7,0,0,0,0,1,0,1,0,1
-7,-8,0,0,0,0,0,0,0,0,0
14,-3,0,0,0,0,0,1,0,0,0
-9,1,0,0,0,0,0,0,0,0,1
-5,2,0,0,0,1,0,0,0,0,1
0,-9,0,0,0,0,0,0,0,0,0
-26,-8,0,0,0,1,0,0,0,0,0
1,4,0,0,0,0,0,0,0,0,1
-17,-6,0,0,0,0,0,0,0,0,0
16,1,0,0,0,0,0,0,0,0,1
-2,-8,0,0,0,0,0,0,0,0,0
7,5,0,0,0,0,0,0,0,0,1
-14,-11,0,0,0,0,0,0,0,0,0
-9,3,0,0,0,0,0,0,0,0,1
-20,0,0,0,0,0,1,0,0,0,2
15,14,1,0,1,0,0,0,0,0,1
27,-6,0,0,0,0,0,0,0,0,0
-1,-7,0,0,0,0,0,0,0,0,0
7,5,0,0,0,0,0,0,0,1,1
1,-2,0,0,0,0,0,0,0,0,0
21,-1,0,0,0,0,0,0,0,1,0
13,12,0,0,0,0,0,0,0,0,1
20,2,0,0,0,0,0,0,0,0,1
8,5,1,0,0,0,0,0,0,0,1
-23,1,0,0,0,0,0,0,0,0,1
-23,-9,0,0,0,0,0,0,0,0,0
20,4,0,0,1,0,0,0,0,0,1
-24,15,1,0,0,0,0,0,0,0,1
-1,-17,0,0,0,0,0,0,0,0,0
-10,7,1,0,0,0,0,0,0,0,1
-7,-4,0,0,0,0,0,0,0,0,0
-11,1,0,0,0,0,0,0,1,0,1
2,0,1,0,0,0,0,0,0,0,3
8,1,0,0,0,0,0,0,0,0,1
-4,-7,0,0,0,0,0,0,0,0,0
24,0,0,0,0,0,0,1,0,0,3
-14,-3,0,0,0,1,1,0,0,0,2
-6,3,0,0,0,0,0,0,1,0,1
-8,-4,0,0,0,0,0,0,0,0,0
-2,-11,0,0,0,0,0,0,0,0,0
-8,6,0,0,0,0,0,0,0,0,1
-2,5,0,0,0,0,1,0,0,1,1
3,1,0,0,0,0,0,0,0,0,1
7,-11,0,0,0,0,0,0,0,1,0
9,-3,0,0,0,0,0,0,0,0,0
-12,11,1,0,0,0,0,0,0,0,1
2,-2,0,0,0,0,0,0,0,1,0
-9,-15,0,0,0,0,0,0,0,1,0
-18,12,0,0,0,0,0,0,0,0,1
-9,3,0,0,0,0,0,0,0,0,1
8,1,0,0,0,0,0,0,0,0,1
16,0,0,0,0,0,0,0,0,0,3
3,0,1,0,0,0,1,1,0,0,3
-13,9,0,0,0,0,0,0,0,0,1
-5,-12,0,0,0,0,0,0,0,0,0
14,0,0,0,0,0,0,0,0,0,3
2,2,0,0,0,0,0,0,0,0,1
-6,-8,0,0,0,0,0,0,0,0,0
9,4,0,0,0,0,0,0,0,1,1
-13,-5,0,0,0,0,0,0,0,0,0
-23,10,1,0,0,1,0,0,0,0,1
14,8,0,0,0,0,0,0,0,0,1
0,0,0,1,0,0,0,1,0,0,0
-3,-6,0,1,0,0,1,1,0,0,2
1,3,0,0,0,0,0,0,0,0,1
-10,4,0,0,0,0,0,0,0,0,1
-7,6,0,0,0,0,0,0,0,1,1
1,-1,0,0,0,0,0,0,0,0,0
5,-5,0,0,0,0,0,0,0,1,0
10,-5,0,0,0,0,0,0,0,0,0
-20,5,0,0,0,0,0,0,0,0,1
2,-9,0,0,0,0,0,0,0,0,0
1,7,0,0,0,0,0,0,0,0,1
9,6,0,0,0,0,0,0,0,0,1
17,3,1,0,1,0,0,0,0,0,1
12,3,0,0,0,0,1,0,0,0,1
15,-7,0,0,0,0,1,0,0,0,3
8,-2,0,0,0,0,0,0,0,0,0
16,1,0,0,0,0,0,0,0,0,1
-13,3,0,0,0,0,0,0,0,1,1
-8,5,0,0,0,0,0,0,0,0,1
-21,-4,0,0,0,0,1,0,0,0,2
-3,-13,0,1,0,0,1,0,0,0,2
0,3,0,0,0,0,0,0,0,1,1
-7,-4,0,0,0,0,0,0,0,0,0
2,-4,0,0,0,0,0,1,0,0,0
23,-5,0,0,0,0,0,1,0,0,0
-14,5,0,0,0,0,0,0,1,0,1
-4,-14,0,0,0,0,0,0,0,0,0
15,3,0,0,0,0,0,0,0,1,1
-6,-3,0,0,0,0,0,0,0,0,0
10,-2,0,0,0,0,0,0,0,0,0
26,5,0,0,1,0,0,0,1,0,1
8,-6,0,0,0,0,1,0,0,0,3
1,-10,0,0,0,0,0,0,0,0,0
-13,1,0,0,0,0,0,0,0,0,1
-7,-1,0,0,0,0,0,0,0,0,0
-7,7,0,0,0,0,0,0,0,0,1
6,-3,0,0,0,0,0,0,0,0,0
-1,11,0,0,0,0,0,0,0,0,1
-20,-5,0,0,0,0,0,0,0,0,0
-13,2,0,0,0,0,0,0,0,0,1
-2,7,0,0,0,0,0,0,1,0,1
16,0,0,0,0,0,0,0,0,0,3
0,-7,0,1,0,0,0,0,0,0,0
16,7,0,0,0,0,0,0,0,0,1
-14,-2,0,1,0,0,0,0,0,0,0
-3,-9,0,0,0,0,0,0,0,0,0
-9,-9,0,0,0,0,0,0,0,0,0
-19,13,0,0,0,0,0,0,1,0,1
2,13,0,0,0,0,0,0,0,0,1
3,6,0,0,0,0,0,0,0,0,1
24,-11,0,0,0,0,0,0,0,0,0
18,-5,0,0,0,0,0,0,0,1,0
-2,15,1,0,0,0,0,0,0,1,1
-3,-5,0,0,0,0,0,0,0,0,0
13,11,1,0,0,0,0,0,0,0,1
8,-6,0,0,0,0,0,0,0,0,0
-11,1,0,0,0,1,1,0,0,0,1
-13,-14,0,0,0,0,0,0,0,0,0
-4,0,0,0,0,0,0,0,0,0,2
-2,-4,0,0,0,0,0,0,1,0,0
18,-14,0,0,0,0,0,0,0,0,0
-27,-2,0,0,0,1,0,0,0,1,0
16,12,0,0,0,0,0,0,0,0,1
-19,3,0,0,0,0,1,0,0,0,1
7,0,0,0,0,0,0,1,0,0,3
7,-4,0,0,0,0,0,0,0,0,0
-10,1,0,0,0,0,0,0,0,0,1
-1,-16,0,1,0,0,1,0,0,1,2
-1,8,1,0,0,0,0,0,0,0,1
-6,2,0,0,0,0,0,0,0,0,1
-7,-16,0,1,0,0,0,0,0,0,0
-15,10,0,0,0,0,0,0,0,0,1
-18,-4,0,0,0,0,0,0,0,0,0
-3,-13,0,0,0,1,0,0,0,0,0
11,-5,0,0,0,0,0,0,0,0,0
12,14,1,0,0,0,0,0,0,0,1
13,0,0,0,0,0,0,0,0,0,3
13,-4,0,0,0,0,1,0,0,0,3
-17,15,1,0,0,0,0,0,0,0,1
18,-4,0,0,0,0,0,1,0,0,0
17,-12,0,0,0,0,0,0,0,0,0
5,-12,0,1,0,0,0,1,0,0,0
-9,6,0,0,0,0,0,0,1,0,1
12,-5,0,0,0,0,0,0,0,1,0
-3,1,0,0,0,0,0,0,0,0,1
1,-12,0,0,0,0,0,0,0,0,0
6,10,0,0,0,0,0,1,0,0,3
-1,-6,0,0,0,0,0,0,0,0,0
-22,-5,0,0,0,0,0,0,0,0,0
-6,5,0,0,0,0,0,0,1,0,1
-4,9,1,0,0,0,0,0,0,1,1
0,-13,0,0,0,0,0,0,0,0,0
4,9,0,0,0,0,0,0,0,0,1
3,12,0,0,0,0,1,1,0,1,2
20,15,0,0,0,0,0,0,0,1,1
7,-2,0,0,1,0,0,0,0,0,0
-22,-6,0,0,0,0,0,0,0,1,0
-1,-11,0,0,0,0,0,0,0,0,0
-7,0,0,0,0,0,0,0,1,0,0
18,12,0,0,1,0,0,0,0,0,1
7,-2,0,0,0,0,0,1,0,0,0
11,-13,0,0,0,0,0,0,0,0,0
12,-10,0,0,0,0,0,0,0,0,0
10,4,0,0,0,0,1,0,0,1,1
2,-6,0,0,0,0,0,0,0,0,0
1,-9,0,0,0,0,0,0,0,0,0
-20,9,0,0,0,0,0,0,0,0,1
-4,2,0,0,0,0,0,1,0,0,2
14,-7,0,0,0,0,0,0,1,1,0
13,-16,0,0,0,0,0,0,0,0,0
2,-17,0,0,0,0,0,0,0,1,0
-9,-9,0,0,0,0,0,0,0,0,0
-21,11,0,0,0,0,0,0,0,1,1
-5,10,1,0,0,0,0,0,0,0,1
-6,-6,0,0,0,0,0,0,0,0,0
2,11,1,0,0,0,1,0,0,0,1
14,-14,0,0,0,0,0,0,0,0,0
17,13,0,0,1,0,0,0,0,0,1
18,-8,0,0,0,0,0,1,0,0,0
-11,5,1,0,0,0,0,0,1,0,1
6,-3,0,0,0,0,0,0,0,0,0
7,6,1,0,0,0,0,0,0,0,1
-10,5,0,0,0,0,0,0,0,0,1
19,5,0,0,0,0,0,0,0,0,1
1,-12,0,1,0,0,0,0,0,0,0
-3,15,1,0,0,0,0,0,0,0,1
7,10,0,0,0,0,0,0,0,0,1
20,13,0,0,0,0,0,0,0,0,1
11,-14,0,0,0,0,0,0,0,0,0
18,1,1,0,0,0,1,0,0,0,1
0,-10,0,0,0,0,0,0,0,0,0
-18,-2,0,0,0,0,1,0,0,0,2
-20,6,0,0,0,0,0,0,0,0,1
5,-3,0,0,0,0,0,0,0,0,0
0,0,0,1,0,0,0,0,0,0,0
7,0,0,0,0,0,0,0,0,1,0
1,3,0,0,0,0,0,0,0,0,1
2,1,1,0,1,0,0,0,0,0,1
-7,1,0,0,0,0,0,0,0,0,1
-10,6,0,0,0,0,0,0,0,1,1
14,3,0,0,0,0,0,0,0,0,1
-2,8,0,0,0,0,0,0,0,1,1
-2,12,0,0,0,0,1,0,0,0,1
6,-11,0,0,0,0,0,0,0,0,0
14,-10,0,0,0,0,0,0,0,0,0
1,-13,0,1,0,0,0,0,0,0,0
2,-2,0,0,0,0,0,0,0,0,0
1,-2,0,1,0,0,0,0,0,0,0
-6,1,0,0,0,0,1,0,0,0,1
-9,10,0,0,0,0,0,0,0,0,1
7,-6,0,0,0,0,0,0,0,0,0
4,-7,0,0,0,0,0,0,0,0,0
-5,9,1,0,0,0,0,0,0,0,1
-1,2,0,0,1,0,0,0,0,0,1
-1,4,0,0,0,0,0,0,0,0,1
-19,-4,0,0,0,0,0,0,0,0,0
-7,1,0,0,0,1,0,0,0,0,1
7,-5,0,0,0,0,0,0,0,0,0
9,-2,0,0,0,0,0,0,1,0,0
-8,-7,0,0,0,0,0,0,0,0,0
0,-4,0,0,0,0,0,0,1,0,0
1,-8,0,0,0,0,0,0,0,0,0
2,-15,0,0,0,0,0,0,0,0,0
1,0,0,0,0,0,0,0,0,1,0
-25,-7,0,0,0,0,0,0,0,0,0
-3,-2,0,0,0,0,0,0,0,0,0
-3,4,0,0,0,0,0,0,0,0,1
5,6,0,0,0,0,0,0,0,0,1
-19,1,0,0,0,0,0,0,0,1,1
-4,10,0,0,0,1,0,0,0,0,1
7,6,1,0,0,0,0,0,0,0,1
9,7,0,0,0,0,0,0,0,0,1
3,4,0,0,0,0,0,1,0,1,0
13,4,1,0,0,0,0,0,0,0,1
12,-5,0,0,0,0,0,0,0,0,0
-14,13,0,0,0,0,0,0,0,0,1
-4,6,0,0,0,1,0,0,0,0,1
7,-2,0,0,0,0,0,0,0,0,0
-14,-14,0,0,0,0,0,0,0,0,0
-15,7,0,0,0,0,0,0,0,0,1
-1,-4,0,1,0,0,0,0,1,1,0
-4,-5,0,0,0,0,0,0,0,0,0
18,-6,0,0,0,0,0,0,0,0,0
7,-4,0,0,0,0,0,0,0,0,0
10,3,0,0,0,0,0,0,0,0,1
24,-15,0,0,0,0,0,0,0,1,0
-18,12,1,0,0,1,1,0,0,0,1
-13,1,0,0,0,0,0,0,0,0,1
-6,3,0,0,0,0,0,0,0,0,1
7,-1,0,0,0,0,0,0,0,0,0
-10,1,0,1,0,0,0,0,0,0,2
4,-17,0,1,0,0,0,0,1,0,0
-16,-16,0,0,0,0,0,0,0,0,0
-10,4,0,0,0,0,0,0,0,0,1
-2,10,0,0,0,0,0,0,0,1,1
0,13,0,0,0,0,0,0,0,0,1
10,2,0,0,0,0,0,0,0,0,1
2,-9,0,0,0,0,0,0,0,0,0
25,8,1,0,1,0,1,0,0,0,1
8,1,0,0,0,0,0,0,0,0,1
-15,17,1,0,0,0,1,0,0,0,1
-21,5,0,0,0,1,0,0,0,0,1
2,-18,0,1,0,0,0,0,0,0,0
2,10,0,0,0,0,0,0,0,0,1
15,-1,0,0,1,0,0,0,1,0,0
7,-7,0,0,0,0,0,0,0,0,0
-18,-7,0,0,0,0,0,0,1,0,0
1,13,0,0,0,1,0,0,0,0,1
3,-6,0,0,0,0,0,0,0,0,0
14,-9,0,0,0,0,0,0,0,0,0
1,4,0,0,0,0,0,0,0,0,1
12,1,0,0,0,0,0,0,0,0,1
-16,11,0,0,0,0,0,0,0,0,1
11,-6,0,0,0,0,0,0,0,0,0
-9,16,0,0,0,0,0,0,0,0,1
4,-5,0,0,0,0,0,0,0,0,0
-2,5,0,0,0,0,1,0,0,0,1
-2,-2,0,1,0,0,1,0,0,0,2
2,-3,0,1,0,0,0,0,0,1,0
-6,-2,0,0,0,0,0,0,0,0,0
-7,12,0,0,0,0,0,0,1,0,1
6,12,0,0,0,0,0,0,1,0,1
-4,7,0,0,0,0,0,0,0,0,1
28,-2,0,0,1,0,0,0,0,0,0
4,12,0,0,0,0,0,1,0,0,3
-11,-10,0,0,0,0,0,0,0,1,0
10,-5,0,0,1,0,0,0,0,0,0
-12,7,0,0,0,0,0,0,0,0,1
0,-3,0,0,0,0,0,0,0,0,0
-15,-11,0,0,0,0,0,1,0,0,0
13,-14,0,0,0,0,0,0,0,1,0
-22,-6,0,0,0,1,0,0,0,0,0
7,-6,0,0,0,0,0,0,0,0,0
7,3,0,0,0,0,1,0,0,0,1
-17,3,1,0,0,1,0,0,0,0,1
19,-8,0,0,0,0,0,0,0,0,0
12,-3,0,1,0,0,1,0,0,0,3
-10,-5,0,1,0,0,0,0,0,0,0
0,-1,0,0,1,0,0,0,0,0,0
-1,10,0,0,0,0,0,0,0,0,1
17,11,0,0,0,0,1,0,0,0,1
-2,-1,0,0,0,0,0,0,0,0,0
19,5,0,0,0,0,0,0,0,0,1
-11,2,0,0,0,0,0,0,0,0,1
-3,6,0,0,0,0,0,0,0,0,1
-6,-8,0,0,0,0,0,0,0,0,0
2,0,0,0,0,0,0,0,0,0,3
18,-5,0,0,0,0,0,0,0,0,0
17,-2,0,0,0,0,0,0,0,0,0
-11,12,0,0,0,0,0,0,0,0,1
15,2,0,0,0,0,0,0,0,0,1
-10,5,0,0,0,0,0,0,1,1,1
-10,-6,0,0,0,0,0,1,0,0,0
-3,-11,0,1,0,0,0,1,0,0,0
14,4,0,0,0,0,0,0,0,0,1
6,-18,0,1,0,0,0,0,0,0,0
3,-2,0,0,0,0,0,0,1,0,0
-21,3,0,0,0,0,0,0,0,0,1
-3,-4,0,0,0,0,0,1,0,0,0
-10,-12,0,0,0,0,0,0,0,0,0
-10,-3,0,0,0,0,0,0,0,0,0
6,2,0,0,0,0,0,0,0,1,1
11,-16,0,0,0,0,0,0,0,0,0
3,9,0,0,1,0,0,0,0,0,1
-4,-10,0,0,0,0,0,1,0,0,0
-23,7,1,0,0,1,0,0,0,0,1
23,8,1,0,0,0,0,0,0,0,1
-10,0,0,0,0,0,0,0,1,0,0
15,7,0,0,0,0,0,0,0,0,1
6,-13,0,0,0,0,0,0,0,0,0
-21,1,0,0,0,0,0,0,0,0,1
19,-14,0,0,0,0,0,0,0,0,0
-5,-2,0,0,0,0,0,0,0,1,0
12,5,0,0,0,0,0,0,0,0,1
1,13,0,0,0,0,0,0,0,0,1
2,4,0,0,0,0,0,0,0,0,1
15,-4,0,1,0,0,0,0,0,0,0
16,12,0,0,0,0,0,0,0,0,1
-26,-3,0,0,0,0,0,0,0,0,0
15,4,0,0,0,0,1,0,0,1,1
1,10,0,0,0,0,1,0,0,1,1
12,14,0,0,0,0,0,0,0,0,1
2,2,0,0,0,0,0,1,0,0,3
-1,4,1,0,0,1,0,0,1,0,1
-12,17,1,0,0,0,0,1,0,1,2
-9,8,0,0,0,0,1,0,0,0,1
-23,-2,0,0,0,0,0,0,0,0,0
-5,5,0,0,0,1,0,0,0,0,1
-1,0,0,0,0,0,0,0,0,0,2
-8,5,0,0,0,0,0,0,0,0,1
-7,3,0,0,0,1,1,0,0,0,1
-5,-3,0,0,0,0,0,0,0,0,0
4,-7,0,1,0,0,0,0,0,0,0
-4,1,0,0,0,0,0,0,0,0,1
7,-1,0,0,0,0,0,0,0,0,0
-11,-12,0,0,0,1,0,0,0,0,0
18,14,0,0,0,0,0,0,0,1,1
3,16,1,0,0,0,0,1,1,0,3
0,7,0,0,0,0,0,0,0,0,1
15,8,0,0,0,0,0,0,0,0,1
-10,4,0,0,0,1,0,0,0,0,1
-1,0,0,0,0,0,0,0,0,0,2
7,5,0,0,0,0,0,0,0,0,1
-4,-3,0,0,0,0,0,0,0,1,0
-17,-5,0,0,0,1,0,0,0,1,0
15,-12,0,0,0,0,0,0,0,0,0
-7,11,0,0,0,0,0,0,0,0,1
14,9,0,0,0,0,1,0,0,1,1
13,-2,0,0,0,0,0,0,0,0,0
-13,0,0,0,0,0,0,0,0,0,2
9,14,0,0,0,0,0,0,1,0,1
-10,11,1,0,0,0,0,0,0,0,1
5,-6,0,0,0,0,0,0,0,0,0
22,2,0,0,0,0,0,0,0,0,1
-7,3,0,0,0,0,0,0,0,0,1
-2,2,0,0,0,0,0,0,0,0,1
5,-5,0,0,0,0,0,0,0,1,0
5,2,0,0,0,0,0,0,0,0,1
-11,3,0,0,0,1,1,0,0,1,1
1,2,0,0,0,0,0,0,0,0,1
-11,-7,0,0,0,0,0,0,1,0,0
8,-3,0,0,0,0,0,0,0,0,0
19,15,1,0,0,0,0,0,0,0,1
7,-1,1,0,0,0,0,0,0,0,3
26,11,0,0,0,0,0,0,0,0,1
-4,1,0,0,0,0,0,0,0,0,1
11,8,0,0,0,0,0,1,0,0,3
-22,-4,0,0,0,0,0,0,0,0,0
10,8,1,0,1,0,0,0,0,0,1
17,17,1,0,0,0,0,0,0,0,1
-21,-8,0,0,0,1,0,0,0,0,0
-1,-6,0,0,0,0,1,0,0,0,2
4,2,0,0,0,0,0,0,0,0,1
7,4,0,0,0,0,0,0,0,1,1
12,0,0,0,0,0,0,0,0,0,3
-25,-5,0,1,0,0,1,0,0,0,2
-14,8,0,0,0,0,0,0,0,0,1
-2,2,0,0,0,0,0,0,0,0,1
-5,2,0,0,0,1,0,1,0,0,2
4,-11,0,0,0,0,1,1,0,0,3
-3,4,0,0,0,0,0,0,1,0,1
-10,6,0,0,0,0,0,0,0,0,1
0,11,1,0,0,0,0,0,0,0,1
3,3,0,0,0,0,1,0,0,0,1
-4,-11,0,0,0,0,0,0,0,0,0
5,-14,0,0,0,0,0,1,0,0,0
-2,-3,0,1,0,0,0,0,0,1,0
18,-1,1,0,0,0,0,0,0,0,3
3,-14,0,0,0,0,0,1,0,0,0
-19,-4,0,0,0,0,0,0,0,0,0
-10,0,1,0,0,0,0,1,0,0,2
3,-1,0,1,0,0,0,1,0,0,0
-11,-8,0,0,0,0,1,0,0,0,2
24,5,0,0,1,0,1,0,0,0,1
0,5,0,0,0,0,0,0,0,0,1
2,6,0,0,0,0,0,0,0,0,1
-21,2,0,0,0,0,0,0,0,0,1
15,-6,0,0,1,0,0,0,0,0,0
-19,1,0,0,0,1,0,0,1,0,1
10,6,0,0,0,0,0,0,1,0,1
-7,1,0,0,0,0,0,0,0,0,1
-7,-11,0,0,0,0,0,0,0,0,0
18,-2,0,0,0,0,0,0,0,0,0
-12,0,0,0,0,0,0,0,0,0,2
-13,-1,0,0,0,0,0,0,0,1,0
-7,1,0,0,0,0,1,1,0,0,2
-19,16,1,0,0,0,0,0,0,0,1
-9,-4,0,0,0,0,0,0,0,0,0
-2,-7,0,0,0,0,0,0,0,0,0
16,6,0,0,0,0,0,0,0,0,1
15,-5,0,0,0,0,0,0,0,0,0
19,-10,0,0,0,0,0,0,0,0,0
-4,-1,0,0,0,0,0,1,0,1,0
13,-11,0,0,0,0,0,0,0,0,0
11,10,0,0,0,0,0,0,0,1,1
22,6,0,0,0,0,0,0,0,0,1
-26,13,0,0,0,1,0,0,0,1,1
-5,1,0,0,0,0,0,0,1,0,1
0,2,0,0,0,0,0,0,0,0,1
8,0,0,0,0,0,0,0,0,0,3
6,-7,0,1,0,0,0,0,0,1,0
-11,9,0,0,0,0,0,0,1,0,1
-14,-4,0,0,0,0,0,1,0,0,0
7,-5,0,0,0,0,0,0,0,0,0
-15,6,0,0,0,0,0,0,0,0,1
12,-8,0,0,0,0,0,0,0,0,0
2,-4,0,0,0,0,0,0,0,0,0
7,-1,0,0,0,0,0,0,0,0,0
-8,1,0,0,0,0,0,1,0,0,2
4,7,0,0,0,0,0,0,0,0,1
-11,-11,0,0,0,0,0,1,0,0,0
-4,7,0,0,0,0,0,0,0,0,1
7,-5,0,0,0,0,0,0,1,0,0
-1,-1,0,0,0,1,0,0,0,1,0
5,-2,0,0,0,0,0,0,0,1,0
-14,-8,0,0,0,0,0,0,0,0,0
-23,1,0,0,0,0,0,0,0,0,1
7,0,0,1,0,0,0,0,0,0,3
-14,-3,0,0,0,0,0,0,0,0,0
5,-15,0,0,0,0,0,1,0,0,0
19,-5,0,0,0,0,0,0,0,0,0
14,0,0,0,0,0,1,0,0,0,3
-15,-5,0,0,0,0,0,0,0,0,0
-2,-11,0,0,0,0,0,1,0,0,0
-16,-2,0,0,0,0,0,0,0,0,0
16,-11,0,0,0,0,0,0,0,0,0
9,-8,0,0,0,0,0,0,0,0,0
-3,12,0,0,0,0,0,0,0,0,1
-7,0,0,0,0,0,0,0,0,0,2
-16,-2,0,0,0,0,0,0,0,0,0
4,1,0,0,0,0,0,0,0,1,1
28,-1,0,1,1,0,0,0,0,0,0
14,2,0,0,0,0,0,0,0,0,1
10,-8,0,0,0,0,0,0,0,0,0
-13,-2,0,0,0,0,0,1,0,0,0
9,-7,0,0,0,0,0,0,0,0,0
-20,-3,0,0,0,0,1,0,0,0,2
-2,-9,0,0,0,0,0,1,0,0,0
2,2,0,0,0,0,0,0,0,0,1
-8,-5,0,0,0,0,1,0,0,1,2
-15,-18,0,1,0,0,0,0,0,0,0
2,14,0,0,0,0,0,1,0,0,3
-14,-2,0,0,0,0,0,0,0,1,0
-18,-3,0,0,0,0,0,0,0,0,0
7,-8,0,0,0,0,0,0,0,1,0
4,3,0,0,0,0,0,0,0,0,1
-3,-17,0,1,0,0,0,0,0,0,0
-8,-11,0,0,0,0,1,0,0,0,2
12,-11,0,0,0,0,0,0,0,0,0
17,-2,0,0,0,0,0,0,1,0,0
7,6,0,0,0,0,0,0,1,1,1
0,-3,0,0,0,0,0,0,0,0,0
14,6,0,0,0,0,0,0,0,0,1
-15,12,0,0,0,0,0,0,0,0,1
16,-9,0,0,0,0,1,0,0,0,3
-9,-5,0,1,0,0,1,0,0,0,2
17,-3,0,0,0,0,0,0,0,0,0
-13,-7,0,0,0,0,0,0,0,0,0
-2,1,0,0,0,0,0,0,0,0,1
-15,10,0,0,0,0,0,0,1,0,1
-3,1,0,0,0,0,1,0,0,0,1
2,-1,0,0,0,0,0,1,0,0,0
8,5,0,0,0,0,0,1,0,0,3
-9,-3,0,0,0,0,0,0,0,0,0
7,18,1,0,0,0,0,1,0,0,3
2,2,0,0,0,0,0,1,0,0,3
2,3,0,0,0,0,0,0,0,0,1
-17,0,0,0,0,0,0,0,0,0,2
-14,-9,0,0,0,0,0,0,1,0,0
6,6,0,0,0,0,0,1,0,1,0
-12,-8,0,0,0,0,0,0,0,1,0
-8,6,0,0,0,0,0,0,0,1,1
2,-3,0,0,0,0,0,0,0,0,0
20,-5,0,0,0,0,0,1,0,0,0
8,-5,0,1,0,0,1,0,0,0,3
11,1,0,0,0,0,0,1,0,0,3
17,-7,0,1,0,0,0,0,0,0,0
-7,13,1,0,0,0,0,0,0,0,1
-8,0,0,0,0,0,0,0,0,0,2
15,-5,0,1,0,0,0,0,0,0,0
5,12,0,0,0,0,0,0,0,0,1
8,-16,0,0,0,0,1,0,0,0,3
4,3,0,0,0,0,0,0,0,0,1
11,4,0,0,0,0,0,0,0,1,1
-14,-12,0,0,0,0,0,0,0,0,0
11,6,0,0,0,0,0,0,0,0,1
-6,-6,0,0,0,0,0,0,1,0,0
-5,-14,0,1,0,0,0,0,0,0,0
11,12,0,0,0,0,0,0,0,0,1
6,-8,0,0,1,0,0,0,0,0,0
-13,-11,0,0,0,0,0,0,0,0,0
-4,-3,0,0,0,0,0,0,0,0,0
-18,-11,0,0,0,0,0,0,0,0,0
1,11,0,0,0,0,0,1,0,0,3
9,8,0,0,0,0,0,0,0,0,1
-24,-10,0,0,0,0,0,0,0,0,0
0,9,0,0,0,0,0,0,0,0,1
8,-3,0,0,0,0,0,0,1,0,0
-23,-16,0,0,0,0,0,0,0,1,0
0,12,0,0,0,0,0,0,0,0,1
-4,0,0,0,0,0,0,0,0,0,2
5,6,0,0,0,0,0,0,0,0,1
-2,-9,0,0,0,0,0,0,0,1,0
22,7,1,0,0,0,0,0,0,0,1
-9,0,0,0,0,0,0,0,0,0,2
-2,-12,0,0,0,0,0,0,0,0,0
-2,-9,0,0,0,0,0,0,0,0,0
12,1,0,0,0,0,0,0,0,1,1
4,2,0,0,0,0,0,0,0,0,1
3,9,0,0,0,0,0,0,0,1,1
0,3,0,0,0,0,0,0,0,1,1
3,-1,1,0,0,0,1,1,0,1,2
11,2,0,0,0,0,0,0,0,0,1
6,0,0,0,0,0,0,0,0,0,3
-12,-3,0,0,0,0,1,0,0,0,2
-10,-2,0,0,0,0,0,0,0,0,0
3,1,0,0,0,0,0,0,0,0,1
-23,10,0,0,0,0,0,0,0,0,1
10,0,0,0,0,0,0,1,0,0,3
2,-2,0,0,0,0,0,0,0,0,0
16,2,0,0,0,0,0,0,0,0,1
7,-11,0,0,0,0,1,0,0,0,3
20,-12,0,0,0,0,1,0,0,0,3
-5,1,0,0,0,0,0,0,0,0,1
-9,-5,0,0,0,0,0,0,0,0,0
-10,15,0,0,0,0,0,0,0,0,1
-5,-9,0,0,0,0,0,0,0,1,0
3,-5,0,0,0,0,0,1,1,0,0
-28,7,0,0,0,1,0,0,0,0,1
1,3,0,0,0,0,0,0,0,0,1
-11,-8,0,0,0,0,0,0,0,0,0
12,1,0,0,0,0,0,0,0,0,1
7,-4,0,0,0,0,0,0,0,0,0
-7,14,0,0,0,0,0,0,0,0,1
-8,-13,0,0,0,0,0,0,0,0,0
22,-1,0,0,0,0,0,0,1,0,0
-4,10,0,0,0,0,1,0,0,0,1
-10,4,1,0,0,0,0,0,1,0,1
-16,-11,0,0,0,0,0,0,0,0,0
-4,-9,0,0,0,0,0,0,0,0,0
-4,-10,0,1,0,0,0,0,0,0,0
-3,13,0,0,0,0,0,1,0,0,2
1,13,1,0,0,0,0,0,0,0,1
4,3,0,0,0,0,0,0,0,0,1
20,0,0,0,0,0,0,0,0,0,3
-22,-6,0,0,0,0,1,0,0,0,2
10,4,0,0,0,0,0,0,0,0,1
-3,-7,0,0,0,0,0,0,0,0,0
-14,9,1,0,0,0,1,0,0,0,1
-4,-1,0,0,0,0,0,0,0,0,0
9,1,0,0,0,0,0,0,0,0,1
6,-8,0,0,0,0,0,0,0,0,0
-10,-1,0,0,0,0,0,0,1,0,0
19,-2,0,0,0,0,0,0,0,0,0
-16,5,0,0,0,0,0,0,1,0,1
-7,1,0,0,0,0,0,0,0,0,1
16,8,0,0,0,0,0,0,0,0,1
9,-1,1,0,0,0,0,0,0,0,3
-11,8,1,0,0,0,1,0,0,0,1
10,-4,0,0,0,0,0,0,0,0,0
-1,-3,0,0,0,0,1,0,0,0,2
-13,-14,0,0,0,0,0,0,0,0,0
5,1,0,0,0,0,0,0,0,0,1
8,-8,0,0,0,0,0,0,0,1,0
-10,8,0,0,0,0,0,0,0,0,1
15,4,0,0,0,0,0,0,0,0,1
14,2,0,0,0,0,0,0,0,0,1
4,6,0,0,0,0,0,0,0,0,1
-5,8,0,0,0,0,0,0,0,0,1
-7,2,0,0,0,0,0,0,0,0,1
8,-6,0,0,0,0,0,0,1,1,0
-3,5,1,0,0,0,0,0,1,0,1
17,-2,0,0,0,0,1,0,0,0,3
25,-10,0,0,1,0,0,0,0,0,0
-14,-5,0,0,0,0,0,0,0,0,0
6,-3,0,0,0,0,1,0,0,0,3
8,12,1,0,0,0,0,1,0,0,3
-11,-4,0,0,0,0,0,0,1,1,0
12,9,0,0,0,0,0,0,0,0,1
-11,-9,0,0,0,0,0,0,0,0,0
24,15,0,0,1,0,0,0,0,0,1
-16,0,0,0,0,0,0,0,0,0,2
5,-5,0,1,0,0,0,0,0,0,0
1,14,0,0,0,0,0,0,0,1,1
7,-6,0,0,0,0,0,0,0,0,0
5,7,1,0,0,0,0,1,0,0,3
-16,-5,0,0,0,0,0,1,0,0,0
3,9,0,0,0,0,0,0,1,0,1
-6,-5,0,1,0,0,0,0,0,0,0
0,6,0,0,0,1,1,0,0,0,1
-10,-4,0,0,0,0,0,0,0,0,0
-3,1,0,0,0,0,0,0,0,0,1
0,13,0,0,0,0,0,0,0,0,1
12,6,0,0,0,0,0,0,1,1,1
-5,8,0,0,0,0,0,0,0,0,1
-6,-10,0,0,0,0,0,1,0,0,0
12,4,0,0,0,0,0,0,0,0,1
5,8,0,0,0,0,0,1,0,0,3
-14,-11,0,1,0,1,0,0,0,0,0
-2,17,1,0,0,0,0,0,0,0,1
-12,-8,0,0,0,0,0,0,0,0,0
-6,-3,0,0,0,0,0,1,0,0,0
4,14,0,0,0,0,1,0,0,0,1
15,-1,0,0,0,0,0,1,0,0,0
9,3,1,0,1,0,0,0,0,0,1
12,-1,0,0,0,0,0,0,0,0,0
2,12,0,0,0,0,0,0,0,0,1
-8,1,0,0,0,0,1,0,0,0,1
8,10,0,0,0,0,0,1,0,0,3
3,3,0,0,0,0,0,0,0,0,1
-17,-6,0,0,0,0,1,0,0,0,2
1,2,0,0,0,0,0,0,0,1,1
-9,8,0,0,0,0,0,0,1,0,1
-4,1,0,0,0,0,0,0,0,0,1
-6,15,0,0,0,0,0,0,0,0,1
4,9,0,0,0,0,0,0,0,0,1
-1,-9,0,0,1,0,0,0,0,0,0
10,3,0,0,0,0,0,1,0,0,3
-3,-1,0,0,0,0,0,0,0,0,0
20,-12,0,0,0,0,1,0,0,0,3
7,9,0,0,0,0,0,0,0,0,1
6,-16,0,1,0,0,0,1,1,0,0
3,0,0,0,0,0,0,0,0,0,3
-11,9,0,0,0,0,0,0,1,0,1
4,3,0,0,0,0,0,0,0,0,1
4,-10,0,0,0,0,0,0,0,0,0
5,6,0,0,0,0,0,0,0,0,1
-27,0,0,0,0,1,0,0,0,0,2
14,-1,0,0,0,0,0,0,1,0,0
19,6,0,0,0,0,0,0,0,0,1
-22,7,0,0,0,0,0,0,0,1,1
0,-6,0,0,0,0,0,0,0,0,0
11,15,0,0,0,0,0,0,0,0,1
-6,-1,0,0,0,0,0,1,0,0,0
0,7,0,0,0,0,0,0,1,0,1
-9,11,0,0,0,0,0,0,0,0,1
3,8,0,0,0,0,0,0,1,0,1
4,-5,0,1,0,0,0,0,0,0,0
9,0,0,0,0,0,0,0,1,0,3
11,1,0,0,0,0,0,0,0,0,1
8,0,0,0,0,0,0,0,0,0,3
-11,7,0,0,0,0,0,0,0,0,1
-16,10,0,0,0,0,0,0,0,0,1
-5,-2,0,0,0,0,0,0,0,0,0
4,7,1,0,0,0,0,0,0,0,1
-18,5,1,0,0,0,0,0,0,0,1
-11,10,0,0,0,0,0,0,0,0,1
5,12,0,0,0,0,0,0,0,0,1
-2,-6,0,0,0,0,0,0,0,0,0
14,3,0,0,0,0,0,0,1,0,1
12,-2,0,0,0,0,0,0,0,0,0
-6,-8,0,0,0,0,0,0,0,0,0
-10,4,0,0,0,0,0,0,0,0,1
-10,0,0,0,0,0,0,0,0,0,2
-23,7,0,0,0,0,0,0,0,0,1
-3,-7,0,0,0,0,0,0,0,0,0
8,7,0,0,0,0,0,0,0,0,1
3,-8,0,0,0,0,0,0,0,1,0
8,-3,0,0,0,0,0,0,0,0,0
18,3,0,0,0,0,0,0,0,0,1
10,-4,0,1,0,0,0,0,0,0,0
10,-4,0,0,0,0,0,0,0,0,0
10,12,0,0,0,0,0,0,0,0,1
1,6,0,0,0,0,1,0,0,0,1
-6,8,0,0,0,0,0,0,0,0,1
-4,-8,0,0,0,0,0,0,0,0,0
1,8,0,0,0,0,0,0,0,0,1
6,-3,0,0,0,0,0,0,0,0,0
9,-1,0,0,0,0,0,0,0,0,0
-1,-3,0,0,0,0,0,0,0,0,0
-4,0,1,0,0,0,1,0,0,1,2
0,-2,0,0,0,0,0,0,0,0,0
-10,7,0,0,0,0,0,0,0,0,1
0,-14,0,0,0,0,1,0,1,1,1
-2,4,0,0,0,0,0,1,0,0,2
12,-11,0,0,0,0,0,0,0,0,0
-13,7,0,0,0,0,0,1,0,0,2
-12,-17,0,0,0,0,0,1,0,0,0
-16,14,1,0,0,1,0,0,0,0,1
-3,-3,0,0,0,0,0,1,0,0,0
-6,3,0,0,0,0,0,0,0,0,1
-20,1,0,0,0,0,0,0,0,0,1
-19,15,0,0,0,0,0,0,0,0,1
19,-1,0,0,0,0,0,0,0,0,0
-5,-12,0,1,0,0,0,0,0,0,0
-3,1,0,0,0,0,0,0,0,1,1
4,6,0,0,0,0,0,0,0,0,1
8,6,1,0,0,0,0,0,0,0,1
2,-1,0,0,0,0,0,0,0,0,0
24,8,0,0,1,0,0,1,0,0,3
-1,12,0,0,1,0,0,0,0,0,1
6,0,0,0,0,0,0,0,0,0,3
-13,-2,0,0,0,0,0,0,0,0,0
11,-17,0,1,0,0,0,0,0,0,0
1,-3,0,0,0,0,0,0,0,0,0
-1,-7,0,0,0,0,0,1,0,0,0
2,0,0,0,0,0,0,0,0,0,3
-2,13,0,0,0,0,0,0,0,0,1
-19,-14,0,0,0,0,0,0,0,0,0
-2,-3,0,0,0,0,0,0,0,0,0
5,9,0,0,0,0,0,0,0,0,1
-14,2,0,0,0,0,0,0,0,0,1
-5,2,0,0,0,0,0,0,0,0,1
17,-8,0,0,0,0,0,0,0,0,0
-1,11,0,0,0,0,0,0,0,0,1
-6,13,1,0,0,0,0,0,0,0,1
7,-3,0,0,0,0,0,0,0,0,0
-7,7,0,0,0,0,0,0,0,0,1
25,-2,0,0,0,0,0,0,0,1,0
-8,4,0,0,0,0,0,0,0,0,1
9,5,0,0,0,0,0,0,0,0,1
-2,2,0,0,0,0,0,0,0,0,1
-1,-9,0,0,0,0,1,0,0,0,2
6,0,0,0,0,0,0,1,0,0,3
12,-5,0,0,0,0,0,0,0,0,0
-1,-5,0,0,0,0,1,0,0,0,2
-5,5,0,0,0,0,0,0,1,0,1
-22,-13,0,0,0,1,0,0,0,0,0
25,-3,0,0,1,0,0,0,0,0,0
-1,4,0,0,0,0,0,0,0,0,1
1,2,0,0,0,0,0,0,0,0,1
7,-7,0,0,0,0,0,0,1,0,0
-11,17,1,0,0,0,0,0,0,0,1
0,-3,0,0,0,0,0,0,0,0,0
19,-6,0,0,0,0,0,0,0,0,0
-5,6,0,0,0,0,0,0,0,0,1
-14,-10,0,0,0,0,0,0,1,0,0
-23,-11,0,0,0,0,0,0,0,1,0
-14,3,0,0,0,0,0,0,0,0,1
13,2,0,0,0,0,0,1,0,0,3
12,1,1,0,0,0,0,0,0,0,1
-4,-2,0,0,0,1,0,0,1,1,0
-19,7,0,0,0,0,0,0,0,0,1
5,-1,0,0,0,0,0,0,0,0,0
-20,11,0,0,0,1,0,0,1,0,1
5,1,0,0,0,0,0,0,0,0,1
2,1,0,0,0,0,0,0,0,0,1
11,0,0,0,0,0,0,0,0,0,3
-19,-10,0,0,0,1,0,0,0,0,0
1,-6,0,0,0,0,0,1,1,0,0
20,-7,0,1,0,0,0,0,0,0,0
-7,-4,0,0,0,0,0,0,0,0,0
-7,-1,0,0,0,0,0,0,0,0,0
1,18,1,0,0,0,1,0,0,0,1
23,18,1,0,0,0,0,1,0,0,3
1,2,0,0,0,0,0,0,0,0,1
-10,1,0,0,0,0,0,1,0,0,2
5,-5,0,0,0,0,0,0,1,0,0
-11,16,0,0,0,0,0,0,0,1,1
-5,-7,0,0,0,0,0,0,0,0,0
-3,-5,0,0,0,0,0,0,0,0,0
-7,-6,0,0,0,0,0,0,0,0,0
-3,3,0,0,0,0,0,0,0,1,1
-15,-5,0,0,0,0,1,0,0,0,2
-1,0,0,0,0,0,0,0,0,0,2
9,3,0,0,0,0,0,0,0,0,1
-7,-10,0,0,0,0,0,0,0,0,0
-10,3,0,0,0,0,1,0,0,0,1
24,2,0,0,1,0,1,0,0,0,1
9,-6,0,1,0,0,0,0,0,0,0
-13,-9,0,1,0,0,0,0,0,0,0
11,4,0,0,0,0,0,0,0,1,1
3,0,0,0,0,0,0,0,0,0,3
4,-5,0,0,0,0,0,0,0,0,0
-3,-13,0,0,0,0,0,0,0,0,0
14,-9,0,0,0,0,0,0,0,0,0
-5,-10,0,0,0,0,0,0,1,1,0
-6,3,0,0,0,0,0,0,0,1,1
-22,-1,0,0,0,0,0,0,0,1,0
18,6,0,0,0,0,0,0,0,0,1
-1,-4,0,0,0,0,0,0,0,0,0
-5,-7,0,0,0,0,0,0,1,0,0
-2,-18,0,1,0,0,0,0,0,0,0
23,6,0,0,0,0,1,0,0,0,1
5,-14,0,0,0,0,0,1,0,0,0
5,-6,0,0,0,0,0,0,0,0,0
8,-7,0,0,0,0,1,0,1,0,3
-7,4,0,0,0,0,0,0,0,0,1
11,15,0,0,0,0,0,0,0,0,1
16,-1,0,0,0,0,0,0,1,1,0
1,-5,0,0,0,0,1,0,0,0,3
3,-5,0,0,1,0,0,0,0,0,0
3,2,0,0,0,0,0,0,0,0,1
-5,-4,0,0,0,0,0,0,0,0,0
-7,15,1,0,0,0,0,0,0,0,1
-13,3,0,0,0,0,0,0,0,0,1
7,-11,0,1,0,0,0,0,0,0,0
7,-4,0,0,0,0,0,0,0,0,0
-8,-3,0,0,0,0,0,1,0,0,0
11,-15,0,0,0,0,0,0,0,0,0
-4,-2,0,0,0,0,0,0,0,0,0
-4,1,0,0,0,0,0,0,0,0,1
-3,15,0,0,0,0,1,1,1,0,3
-12,3,0,0,0,0,0,0,0,0,1
19,-13,0,0,0,0,1,0,0,0,3
-7,-1,0,0,0,0,0,1,0,0,0
-25,7,0,0,0,0,0,0,0,0,1
0,-9,0,0,0,0,0,0,0,0,0
3,4,0,0,0,0,0,0,0,0,1
-3,-5,0,0,0,0,0,1,0,0,0
14,-7,0,0,0,0,0,0,0,0,0
-8,-7,0,0,0,0,0,0,0,0,0
6,-4,0,0,0,0,1,0,0,0,3
-3,-8,0,0,0,0,0,0,1,0,0
-21,7,0,0,0,0,0,0,0,0,1
-28,-9,0,0,0,1,0,0,0,1,0
8,4,1,0,0,0,0,0,0,0,1
-6,9,0,0,0,0,1,0,0,0,1
-11,1,0,0,0,0,0,0,0,0,1
-3,6,1,0,0,0,0,0,1,0,1
-21,-1,0,0,0,0,0,0,0,0,0
-2,10,0,0,0,0,0,0,0,0,1
4,2,0,0,0,0,0,0,0,0,1
13,-2,0,0,0,0,0,0,0,0,0
10,2,0,0,0,0,1,0,0,1,1
9,-10,0,0,0,0,0,0,0,0,0
-15,10,0,0,0,0,0,0,0,0,1
24,14,0,0,0,0,0,0,0,0,1
-4,13,0,0,0,0,0,0,0,0,1
-20,15,1,0,0,0,0,0,0,0,1
7,-14,0,0,0,0,0,0,1,0,0
11,-7,0,0,0,0,0,0,0,0,0
6,3,0,0,0,0,0,0,0,1,1
-7,3,0,0,0,0,0,0,0,0,1
-4,-2,0,0,0,0,0,0,0,0,0
13,11,0,0,0,0,0,0,0,0,1
1,5,1,0,1,0,0,0,1,0,1
0,-11,0,0,0,0,0,0,1,0,0
13,11,0,0,0,0,0,0,0,0,1
16,0,0,0,0,0,0,0,0,0,3
-1,-7,0,0,0,0,1,0,1,0,1
-10,0,0,0,0,0,0,0,0,0,2
-5,3,1,0,0,0,0,0,1,0,1
-17,-18,0,1,0,0,0,0,0,0,0
26,-4,0,0,0,0,0,0,0,0,0
-22,5,0,0,0,0,0,0,0,0,1
0,-1,0,0,0,0,0,0,0,0,0
-4,-5,0,1,0,0,0,0,0,0,0
7,1,0,0,0,0,0,0,0,0,1
-10,3,0,0,0,0,1,0,0,0,1
14,-11,0,1,0,0,0,0,0,0,0
8,-8,0,0,0,0,0,0,0,0,0
-7,3,0,0,0,0,0,0,0,0,1
15,-9,0,0,0,0,0,0,0,0,0
17,11,0,0,0,0,0,0,0,0,1
-24,1,0,0,0,0,0,0,0,0,1
1,-2,0,0,0,0,0,1,0,0,0
5,13,0,0,1,0,0,0,0,0,1
27,8,0,0,0,0,0,0,0,0,1
10,-2,0,0,0,0,0,0,0,0,0
-3,-5,0,0,0,0,0,0,0,0,0
-6,-13,0,0,0,1,0,0,0,0,0
10,-1,0,0,0,0,0,0,0,0,0
6,-7,0,0,0,0,0,0,0,0,0
-3,-13,0,0,0,0,0,0,0,0,0
-13,8,0,0,0,0,0,0,0,0,1
-11,16,0,0,0,0,0,0,0,0,1
-20,8,0,0,0,0,0,1,0,0,2
-1,-2,0,0,0,1,0,0,0,0,0
2,7,0,0,0,0,0,0,0,0,1
-17,14,0,0,0,0,0,0,1,0,1
8,-12,0,0,0,0,0,0,0,0,0
-13,7,0,0,0,0,0,0,0,0,1
0,-13,0,0,0,0,0,0,0,1,0
4,-2,0,0,0,0,0,0,0,0,0
-8,17,1,0,0,0,0,1,0,0,2
20,1,0,0,0,0,0,0,0,1,1
-16,9,0,0,0,0,0,0,0,0,1
1,6,0,0,0,0,0,0,0,1,1
18,-6,0,0,0,0,1,0,0,0,3
13,6,0,0,0,0,0,0,1,0,1
-17,6,0,0,0,0,0,0,0,0,1
-2,-8,0,0,0,0,0,0,0,0,0
9,-1,0,0,0,0,0,1,0,0,0
2,-7,0,0,0,0,0,0,0,0,0
1,-7,0,0,0,0,0,0,0,0,0
-9,-3,0,0,0,0,0,0,0,0,0
4,8,0,0,0,0,0,0,0,0,1
-2,-6,0,0,0,0,0,0,0,0,0
-22,13,1,0,0,0,0,0,0,0,1
0,-1,0,0,0,1,0,0,0,0,0
10,4,0,0,0,0,0,0,0,0,1
-1,7,0,0,0,0,1,0,1,0,1
-11,17,1,0,0,0,0,0,0,1,1
-7,11,0,0,0,0,0,0,0,0,1
19,-8,0,0,0,0,0,0,0,0,0
18,-3,0,0,0,0,0,0,0,0,0
3,-11,0,0,0,0,0,1,0,0,0
4,-10,0,0,0,0,0,1,0,0,0
-2,-4,0,0,0,0,0,0,0,0,0
11,-3,0,0,0,0,0,0,0,0,0
3,-9,0,0,0,0,0,0,0,1,0
-5,2,1,0,0,0,0,0,0,0,1
-4,7,0,0,0,0,1,0,0,1,1
-20,-2,0,0,0,0,0,0,1,0,0
17,-1,0,0,0,0,0,0,0,0,0
13,-5,0,0,0,0,0,0,0,0,0
-2,-11,0,0,0,0,0,0,0,0,0
-26,2,0,0,0,1,0,0,0,0,1
-17,6,0,0,0,0,0,0,0,0,1
-1,-8,0,0,0,1,0,0,0,0,0
15,0,0,0,0,0,0,0,0,0,3
22,-2,0,0,0,0,0,0,0,0,0
18,-5,0,0,0,0,0,0,0,0,0
-19,8,0,0,0,1,0,0,0,0,1
-2,8,0,0,0,0,0,1,0,0,2
-6,10,0,0,0,0,1,0,0,0,1
-22,9,0,0,0,1,0,0,0,0,1
11,-12,0,0,0,0,0,0,0,0,0
13,5,0,0,0,0,0,0,0,0,1
6,5,0,0,0,0,0,1,0,0,3
-2,1,0,0,0,0,0,0,0,0,1
-6,3,0,0,0,0,0,0,0,0,1
2,-9,0,0,0,0,0,0,0,0,0
1,8,0,0,0,0,0,0,0,0,1
-12,0,0,0,0,0,0,0,0,0,2
-12,-9,0,1,0,0,0,1,1,0,0
-17,-2,0,0,0,1,1,0,0,1,2
-6,-8,0,0,0,0,0,0,0,0,0
-8,-6,0,0,0,0,0,1,1,0,0
2,-8,0,0,0,0,1,0,0,0,3
5,-3,0,0,0,0,0,1,0,0,0
-24,-4,0,0,0,0,0,0,0,1,0
10,10,1,0,0,0,0,0,1,0,1
-4,12,0,0,0,0,0,0,0,0,1
4,-14,0,0,0,0,0,0,0,0,0
12,7,0,0,0,0,0,1,0,0,3
20,-8,0,0,0,0,0,0,0,0,0
-6,-1,0,0,0,0,0,0,0,0,0
0,7,0,0,0,0,0,0,1,1,1
2,-14,0,0,0,0,0,0,0,0,0
-1,13,0,0,0,0,0,1,0,0,2
-17,0,0,0,0,1,0,1,0,0,2
5,2,0,0,0,0,0,0,0,0,1
-1,13,0,0,0,0,0,1,0,1,2
-1,-4,0,0,0,0,0,0,0,0,0
-4,-12,0,0,0,0,0,0,0,0,0
-10,3,0,0,0,0,0,0,0,0,1
1,1,0,0,0,0,0,0,0,0,1
17,1,0,0,0,0,0,0,1,0,1
-5,3,1,0,0,0,0,0,0,0,1
-13,15,0,0,0,0,0,0,0,0,1
-7,1,0,1,0,0,0,0,0,0,2
-9,-7,0,0,0,0,0,0,0,0,0
-5,-6,0,0,0,0,0,0,0,0,0
-2,14,0,0,0,0,0,0,0,1,1
-19,12,1,0,0,0,0,0,0,0,1
-6,1,0,0,0,0,0,0,0,0,1
-4,3,0,0,0,0,0,1,0,0,2
7,2,0,0,0,0,0,0,0,0,1
-1,3,0,0,0,0,0,0,0,0,1
-16,-2,0,0,0,0,0,0,0,0,0
-8,-3,0,0,0,0,0,0,0,0,0
10,-11,0,0,0,0,0,0,0,0,0
-11,-16,0,0,0,0,0,0,1,0,0
19,-11,0,0,0,0,1,0,0,1,1
-11,3,0,0,0,0,0,1,0,0,2
8,-1,0,0,0,0,0,0,0,0,0
8,2,0,0,0,0,1,0,0,0,1
-6,-2,0,0,0,0,1,0,0,0,2
-22,-1,0,0,0,0,0,0,0,1,0
5,-14,0,0,0,0,0,0,0,0,0
-23,1,0,0,0,0,0,0,0,0,1
-4,9,1,0,0,0,0,0,0,0,1
13,3,0,0,1,0,1,0,0,0,1
18,-2,0,0,0,0,1,0,0,0,3
-5,-2,0,0,0,0,0,0,0,0,0
16,-8,0,0,0,0,0,0,0,0,0
3,-6,0,0,0,0,0,0,0,1,0
17,-5,0,0,0,0,0,0,0,0,0
-5,-5,0,0,0,0,0,0,0,1,0
5,4,0,0,0,0,0,0,0,0,1
5,7,0,0,0,0,1,1,0,0,3
-10,-2,0,0,0,0,0,0,0,0,0
15,-13,0,1,0,0,0,0,0,0,0
-19,0,0,0,0,0,0,0,0,0,2
-3,-13,0,0,0,0,0,0,0,0,0
24,4,0,0,0,0,1,0,0,0,1
9,-7,0,1,0,0,0,0,0,0,0
-1,12,1,0,0,0,1,0,0,0,1
19,1,0,0,0,0,1,0,0,0,1
-8,7,0,0,0,0,0,0,0,0,1
-10,-11,0,0,0,0,1,1,0,0,2
5,-4,0,0,0,0,1,0,0,0,3
4,-13,0,0,0,0,0,0,0,0,0
8,6,0,0,0,0,1,0,0,0,1
0,7,0,0,0,0,0,0,0,0,1
7,7,0,0,0,0,1,0,0,0,1
-4,-3,0,0,0,0,0,0,0,1,0
-10,-4,0,0,0,0,0,0,0,0,0
-11,5,0,0,0,0,0,0,0,0,1
-9,-1,0,0,0,0,0,0,0,0,0
-1,-4,0,0,0,0,0,0,0,0,0
-5,1,0,0,0,0,0,0,0,0,1
-3,-18,0,1,0,0,0,0,0,0,0
-6,-10,0,0,0,0,0,0,0,0,0
23,1,0,0,1,0,0,0,0,1,1
-6,9,0,0,0,0,0,0,0,0,1
-21,-1,0,0,0,0,0,0,0,0,0
-5,-2,0,0,0,0,1,0,1,0,1
-15,18,1,0,0,0,0,0,0,0,1
-12,-6,0,0,0,0,0,0,0,0,0
-10,-5,0,0,0,0,0,0,0,0,0
1,6,1,0,0,0,0,0,0,0,1
-4,-2,0,1,0,0,0,0,0,0,0
-17,11,0,0,0,0,0,0,0,1,1
16,1,0,0,0,0,0,0,0,0,1
9,-12,0,0,0,0,0,0,0,0,0
24,10,1,0,0,0,0,0,0,0,1
9,14,0,0,0,0,1,0,1,0,1
1,3,0,0,0,0,0,0,0,0,1
-6,13,0,0,0,0,1,0,0,0,1
12,10,0,0,0,0,0,0,0,0,1
20,-9,0,0,0,0,0,0,0,0,0
-8,-1,0,0,0,1,1,0,0,0,2
2,-10,0,0,0,0,0,0,0,0,0
2,2,0,0,0,0,0,0,0,0,1
22,12,1,0,0,0,0,0,0,0,1
-19,-9,0,0,0,0,0,0,0,0,0
1,1,0,0,0,0,0,0,0,0,1
24,-1,0,0,0,0,0,0,0,0,0
5,11,0,0,0,0,0,0,1,0,1
4,1,0,0,0,0,0,0,0,0,1
26,7,1,0,1,0,0,0,0,0,1
-9,-6,0,0,0,0,0,0,0,0,0
-5,-2,0,0,0,0,0,0,0,1,0
26,3,0,0,0,0,0,1,0,0,3
2,5,0,0,0,0,0,0,0,0,1
16,-9,0,1,0,0,0,0,1,0,0
11,-2,0,0,0,0,1,0,0,0,3
4,-7,0,0,0,0,0,0,0,1,0
21,12,0,0,0,0,0,0,0,0,1
20,9,0,0,0,0,0,1,0,0,3
-18,-2,0,0,0,0,0,0,0,0,0
2,-7,0,0,0,0,0,0,0,0,0
14,4,0,0,0,0,0,1,0,0,3
-8,17,0,0,0,0,0,0,0,0,1
10,3,0,0,0,0,0,1,0,0,3
10,14,1,0,0,0,0,0,0,0,1
0,1,0,0,0,0,0,0,0,0,1
10,-10,0,0,0,0,0,0,0,0,0
-18,4,1,0,0,0,0,0,0,0,1
-28,3,0,0,0,1,1,0,0,0,1
0,6,0,0,0,0,0,0,0,0,1
13,-9,0,0,0,0,0,1,0,1,0
-25,11,0,0,0,0,0,0,0,0,1
6,9,0,0,0,0,0,0,0,0,1
7,6,0,0,0,0,0,0,0,0,1
0,3,0,0,0,0,0,0,1,0,1
7,-7,0,0,0,0,0,0,0,0,0
8,9,0,0,0,0,0,0,0,0,1
11,-12,0,0,0,0,0,0,0,0,0
9,2,0,0,0,0,0,0,0,0,1
-10,-8,0,0,0,0,1,0,0,0,2
0,11,0,0,0,0,0,0,0,1,1
16,16,0,0,0,0,0,1,0,0,3
-11,0,0,0,0,0,1,0,0,0,2
-1,-6,0,0,0,0,0,0,0,1,0
-9,1,0,0,0,0,0,0,0,0,1
4,-2,0,0,0,0,0,0,0,0,0
26,4,0,0,0,0,0,0,0,0,1
-26,0,0,1,0,0,0,0,0,0,2
-3,0,0,0,0,0,0,0,0,0,2
5,-6,0,0,0,0,0,0,0,0,0
10,4,0,0,0,0,0,0,0,0,1
0,11,0,0,0,0,0,0,0,0,1
-4,-8,0,0,0,0,0,0,0,0,0
18,-2,0,0,0,0,0,0,0,0,0
6,4,0,0,0,0,0,0,0,0,1
-20,-6,0,0,0,0,1,0,0,0,2
5,3,0,0,0,0,0,0,0,0,1
-28,4,0,0,0,1,0,0,0,0,1
-5,3,1,0,0,0,0,0,0,0,1
14,11,0,0,0,0,0,0,0,0,1
14,-2,0,0,0,0,0,0,0,0,0
-17,-5,0,0,0,0,0,0,1,1,0
19,7,0,0,0,0,0,0,0,0,1
7,-7,0,0,0,0,0,0,0,0,0
10,-5,0,0,0,0,0,0,0,0,0
3,1,0,0,0,0,0,0,0,1,1
-4,-13,0,0,0,0,0,0,0,0,0
11,0,0,0,0,0,0,0,0,1,0
-24,4,0,0,0,0,0,0,0,0,1
-25,-1,0,0,0,1,1,0,0,0,2
-7,11,0,0,0,0,0,0,0,0,1
-1,1,0,0,0,0,0,0,0,0,1
-1,8,0,0,0,0,0,0,0,0,1
-3,4,0,0,0,0,0,0,0,0,1
0,10,0,0,0,0,0,0,0,0,1
4,11,0,0,0,0,0,0,0,0,1
-20,-5,0,0,0,0,0,0,0,0,0
-14,3,0,0,0,0,0,0,0,0,1
22,-4,0,0,0,0,0,0,1,0,0
-7,7,1,0,0,0,1,0,0,0,1
27,1,0,0,1,0,1,0,0,0,1
24,-13,0,0,0,0,1,0,0,1,1
-10,-10,0,1,0,0,0,0,0,0,0
11,7,0,0,0,0,0,0,0,0,1
-5,17,0,0,0,0,0,0,0,1,1
-18,3,0,0,0,0,0,0,0,0,1
-22,15,0,0,0,0,0,0,0,0,1
-8,6,0,0,0,0,0,0,0,0,1
25,-5,0,0,0,0,0,0,0,0,0
4,16,0,0,0,0,0,0,0,0,1
18,4,0,0,1,0,0,0,0,1,1
-19,-15,0,0,0,0,0,0,0,0,0
-2,-1,0,0,0,0,0,0,0,0,0
17,13,0,0,0,0,0,0,0,0,1
-18,7,0,0,0,0,0,0,0,0,1
-17,-7,0,0,0,0,0,0,0,1,0
4,8,0,0,0,0,0,0,1,1,1
-16,-3,0,0,0,0,0,0,0,0,0
-13,-12,0,0,0,0,0,0,0,0,0
4,7,0,0,0,0,0,0,1,0,1
14,-11,0,1,0,0,1,1,0,0,3
-20,-12,0,0,0,0,0,0,0,0,0
-9,7,0,0,0,0,0,1,0,0,2
-6,-2,0,0,0,0,0,0,0,0,0
22,-3,0,1,0,0,0,0,0,0,0
-8,-2,0,0,0,0,1,0,0,0,2
2,-9,0,0,0,0,0,0,0,0,0
-5,-16,0,0,0,0,0,0,0,0,0
16,7,0,0,0,0,0,0,0,0,1
-18,-6,0,0,0,0,0,0,1,0,0
-19,-8,0,0,0,0,0,1,0,0,0
8,-6,0,0,0,0,1,0,0,0,3
-17,-4,0,1,0,0,1,0,0,0,2
-15,13,0,0,0,0,0,0,0,0,1
20,8,0,0,1,0,0,0,0,0,1
-2,6,0,0,0,0,0,0,0,0,1
-14,-8,0,0,0,0,0,0,1,0,0
0,2,0,0,0,0,0,1,0,0,0
28,4,0,0,1,0,0,0,0,0,1
3,-6,0,0,0,0,0,0,0,1,0
12,-14,0,0,0,0,0,0,0,0,0
12,4,0,0,0,0,0,0,0,0,1
5,4,0,0,0,0,0,0,0,1,1
-7,-2,0,0,0,0,0,0,0,0,0
13,-11,0,0,0,0,0,0,1,0,0
19,0,0,1,0,0,1,0,0,0,3
3,3,0,0,0,0,0,0,0,0,1
1,10,0,0,0,0,0,0,0,0,1
-22,-3,0,0,0,1,0,0,0,0,0
-3,13,0,0,0,0,0,0,0,0,1
-8,-1,0,0,0,0,0,0,0,1,0
-12,-2,0,0,0,0,0,1,0,0,0
-6,-14,0,0,0,0,0,0,0,0,0
-24,12,0,0,0,0,0,0,0,1,1
-10,1,0,0,0,1,0,0,0,1,1
-14,-3,0,0,0,0,0,1,0,1,0
-15,2,0,0,0,0,0,0,0,0,1
-16,6,0,0,0,0,0,0,0,0,1
11,18,1,0,0,0,0,0,0,0,1
-12,-13,0,0,0,0,0,0,0,1,0
1,-2,0,0,0,0,0,0,0,0,0
2,13,1,0,0,0,0,0,0,0,1
-19,-6,0,0,0,0,0,0,1,0,0
-5,12,1,0,0,0,1,0,0,0,1
6,-8,0,0,0,0,0,0,0,0,0
-24,11,0,0,0,0,0,0,1,0,1
-2,-1,0,1,0,0,0,0,0,0,0
-18,-8,0,0,0,0,0,0,0,0,0
-4,-4,0,0,0,0,1,0,0,1,2
9,5,0,0,0,0,0,0,0,0,1
-6,-1,1,0,0,0,1,0,1,0,1
-4,-5,0,1,0,0,0,0,1,1,0
-1,-16,0,0,0,0,0,1,0,0,0
-7,5,0,0,0,0,0,0,1,0,1
-16,-13,0,0,0,0,0,0,0,0,0
7,-3,0,0,0,0,0,0,0,0,0
-23,1,0,0,0,1,0,0,0,0,1
4,8,0,0,0,0,0,0,0,0,1
-15,12,0,0,0,0,1,0,0,0,1
-21,10,0,0,0,0,0,0,0,0,1
3,13,0,0,0,0,1,0,0,0,1
28,4,0,0,1,0,0,0,0,0,1
-11,2,0,0,0,0,0,0,0,0,1
-24,2,0,0,0,1,0,0,0,1,1
-16,-1,0,0,0,0,0,0,0,0,0
-7,18,1,0,0,0,0,0,0,0,1
0,1,0,0,0,0,0,0,0,0,1
-15,-2,0,0,0,0,0,0,0,0,0
16,7,1,0,0,0,1,1,0,0,3
5,-10,0,0,0,0,0,0,0,0,0
-1,-7,0,0,0,0,0,0,0,1,0
-3,1,0,0,0,0,0,0,0,0,1
4,-2,0,0,0,0,0,0,0,0,0
0,-5,0,0,0,0,0,0,0,1,0
16,9,0,0,0,0,0,0,0,0,1
4,0,0,0,0,0,0,0,0,0,3
2,2,0,0,0,0,0,0,0,0,1
-1,1,0,0,0,0,0,0,0,0,1
-7,10,0,0,0,0,0,0,0,0,1
19,4,0,0,0,0,0,0,0,0,1
19,-11,0,0,0,0,0,1,0,0,0
3,5,0,0,0,0,0,0,0,0,1
-15,11,0,0,0,0,0,0,0,0,1
27,3,0,0,0,0,0,0,0,0,1
-8,-1,0,0,0,0,1,0,0,0,2
14,1,1,0,0,0,1,0,0,0,1
-13,-7,0,0,0,0,0,0,0,0,0
-5,6,0,0,0,0,0,0,0,0,1
1,-5,0,0,0,0,0,1,0,0,0
-6,-16,0,1,0,0,0,0,0,0,0
21,-5,0,0,0,0,1,0,0,0,3
-22,7,0,0,0,1,0,0,1,0,1
-3,-2,0,1,0,0,0,0,0,0,0
4,9,0,0,0,0,0,0,0,0,1
-13,13,0,0,0,0,0,0,0,1,1
-26,-11,0,1,0,0,0,1,0,0,0
-16,14,0,0,0,0,0,1,0,0,2
12,8,0,0,0,0,1,0,0,0,1
25,-3,0,0,0,0,1,0,0,1,1
6,-6,0,1,0,0,0,1,0,0,0
14,-6,0,0,0,0,0,0,0,0,0
4,6,0,0,0,0,0,0,0,0,1
-8,-2,0,0,0,0,0,1,0,0,0
4,17,1,0,0,0,0,0,0,0,1
12,6,0,0,0,0,0,0,0,0,1
12,-6,0,0,0,0,0,0,0,0,0
-3,4,0,0,0,0,0,0,0,0,1
17,9,0,0,0,0,0,1,0,0,3
-3,-4,0,0,0,0,0,0,0,0,0
-2,-1,1,0,0,0,0,0,0,1,2
13,-18,0,1,0,0,0,0,0,0,0
19,-14,0,0,0,0,0,0,0,1,0
19,-11,0,0,0,0,0,0,0,0,0
18,-3,0,0,0,0,0,0,0,0,0
4,0,0,0,0,0,0,0,1,0,3
-8,1,0,0,0,0,0,0,0,0,1
-2,5,0,0,0,0,0,0,1,0,1
-7,8,1,0,0,0,0,0,0,0,1
13,0,0,0,0,0,0,0,0,0,3
-13,12,0,0,0,0,0,0,0,0,1
11,-15,0,0,0,0,0,1,0,0,0
4,-10,0,0,0,0,0,0,0,0,0
5,4,0,0,0,0,0,1,0,1,0
-11,8,0,0,0,0,0,0,0,0,1
-1,11,0,0,0,0,0,0,0,0,1
-6,-14,0,0,0,0,0,0,0,0,0
-6,-9,0,0,0,0,0,0,0,0,0
7,-10,0,1,1,0,0,0,0,0,0
16,3,0,0,0,0,0,0,0,0,1
2,-5,0,0,0,0,1,0,0,0,3
7,8,0,0,0,0,1,0,0,0,1
-6,3,0,0,0,0,1,0,0,0,1
12,-2,0,0,0,0,0,0,0,0,0
-1,-4,0,0,0,0,0,0,0,0,0
1,1,0,0,0,0,0,0,0,0,1
21,3,0,0,0,0,0,0,1,0,1
-6,12,0,0,0,0,1,0,0,0,1
10,7,0,0,0,0,0,0,0,0,1
-6,15,1,0,0,0,0,0,0,0,1
-16,10,0,0,0,0,0,1,0,0,2
-8,3,0,0,0,0,0,1,0,0,2
14,-3,0,0,0,0,0,1,0,0,0
13,3,0,0,0,0,0,0,0,1,1
7,1,0,0,0,0,0,0,0,1,1
-14,0,1,0,0,0,0,0,0,0,2
18,-9,0,1,0,0,0,0,0,0,0
-5,-3,0,0,0,0,0,0,0,0,0
-1,-8,0,0,0,0,0,0,0,0,0
-16,-4,0,0,0,0,0,0,1,0,0
7,4,0,0,0,0,0,0,0,0,1
-21,-9,0,0,0,0,1,0,0,0,2
-1,-4,0,0,0,0,1,1,0,0,2
-4,1,0,0,0,0,0,0,0,0,1
12,-2,0,0,0,0,0,1,0,0,0
-11,0,0,0,0,0,0,0,0,0,2
0,6,0,0,0,0,1,0,0,0,1
16,5,1,0,0,0,0,0,0,0,1
-16,1,0,0,0,0,0,0,0,0,1
10,-2,0,0,1,0,0,1,0,0,0
9,-3,0,0,0,0,0,1,0,0,0
-2,-9,0,0,0,0,0,0,0,0,0
-11,-7,0,0,0,1,0,0,0,0,0
-17,-5,0,0,0,0,0,0,1,1,0
6,-9,0,0,0,0,0,0,1,0,0
-5,10,0,0,0,0,1,0,0,0,1
3,-9,0,0,0,0,1,1,0,1,2
-1,-2,0,0,0,0,0,0,0,0,0
15,14,0,0,0,0,1,1,1,0,3
-13,0,0,0,0,0,0,1,0,1,2
27,5,1,0,0,0,0,0,1,0,1
14,3,0,0,0,0,0,0,0,0,1
-1,9,1,0,0,0,0,0,0,0,1
13,8,1,0,0,0,0,0,0,0,1
-5,7,0,0,0,0,0,0,0,0,1
-14,-8,0,0,0,0,0,0,0,0,0
-25,10,0,0,0,1,0,0,0,0,1
-6,-4,0,1,0,0,0,0,0,0,0
14,-13,0,0,0,0,0,0,0,1,0
-8,2,0,0,0,0,0,0,0,0,1
2,-4,0,1,0,0,0,0,0,1,0
-5,10,1,0,0,0,0,0,1,0,1
-5,-8,0,0,0,0,0,0,0,0,0
-5,13,0,0,0,0,0,0,0,0,1
-2,0,0,0,0,0,0,0,0,0,2
21,8,0,0,0,0,0,1,0,0,3
3,9,0,0,0,0,0,0,0,0,1
-2,-9,0,0,0,1,0,0,1,0,0
-12,3,0,0,0,0,0,0,0,0,1
1,1,0,0,0,0,0,0,0,0,1
24,4,0,0,0,0,0,0,0,0,1
-8,-2,0,0,0,0,0,0,1,0,0
1,1,0,0,0,0,0,0,0,1,1
5,-3,0,0,0,0,0,0,0,0,0
23,10,0,0,0,0,0,0,1,0,1
11,3,0,0,0,0,0,0,0,0,1
-18,-7,0,0,0,0,0,0,0,0,0
27,-1,0,0,0,0,0,0,0,0,0
-8,-12,0,1,0,0,0,1,0,0,0
-6,1,0,1,0,1,1,0,0,0,2
25,7,0,0,0,0,0,0,0,0,1
15,-10,0,0,0,0,0,0,0,0,0
3,3,0,0,0,0,0,0,0,0,1
-9,3,0,0,0,0,0,0,0,0,1
1,0,0,0,0,0,1,1,0,0,3
1,1,0,0,0,0,0,0,0,0,1
-12,3,0,0,0,0,0,0,0,0,1
-1,-15,0,0,0,0,0,0,0,1,0
11,11,0,0,0,0,1,0,0,0,1
7,8,0,0,0,0,0,0,0,0,1
0,5,0,0,0,0,0,0,0,0,1
-4,7,0,0,0,0,0,0,0,0,1
8,0,0,0,0,0,0,0,0,0,3
-10,-14,0,0,0,0,0,0,0,0,0
2,11,0,0,0,0,0,0,0,0,1
-9,6,0,0,0,0,0,0,0,0,1
10,-4,0,0,0,0,1,0,1,0,3
-17,-8,0,0,0,0,0,0,0,0,0
-22,17,1,0,0,0,0,0,0,0,1
26,-3,0,0,0,0,0,0,0,1,0
8,10,0,0,1,0,0,0,0,0,1
-12,6,0,0,0,1,0,0,1,0,1
12,-2,0,0,0,0,1,0,0,0,3
-2,11,0,0,0,0,0,0,0,0,1
2,9,0,0,0,0,0,1,0,0,3
16,0,0,0,0,0,0,0,1,0,3
7,-9,0,0,0,0,1,0,0,0,3
-2,4,0,0,0,0,1,0,0,0,1
3,14,0,0,0,0,0,0,0,0,1
11,3,0,0,0,0,0,0,1,0,1
13,0,0,0,0,0,0,0,1,0,3
-12,8,0,0,0,0,0,0,0,0,1
11,1,0,0,0,0,0,0,0,0,1
-14,17,1,0,0,0,0,0,1,0,1
11,0,0,0,0,0,0,1,0,0,3
-7,5,0,0,0,0,0,0,0,0,1
0,-2,0,0,0,0,0,0,0,0,0
1,4,0,0,0,0,0,0,0,1,1
0,-4,0,1,0,0,0,0,0,0,0
-10,10,0,0,0,0,0,0,0,0,1
-17,-3,0,0,0,0,0,0,0,0,0
3,-8,0,0,0,0,0,0,1,0,0
3,-6,0,1,0,0,0,0,0,0,0
8,17,0,0,0,0,0,0,0,1,1
-17,-5,0,1,0,0,0,0,0,0,0
-7,-4,0,0,0,0,0,0,1,0,0
13,-11,0,0,0,0,0,0,0,0,0
25,16,0,0,0,0,0,0,0,0,1
19,4,1,0,0,0,0,0,1,0,1
-11,12,1,0,0,0,1,0,0,0,1
-6,-2,0,0,0,0,0,0,0,0,0
2,-4,0,0,0,0,0,0,1,0,0
6,-7,0,0,0,0,0,0,0,0,0
10,18,1,0,0,0,0,0,0,0,1
8,-9,0,0,0,0,1,0,0,1,1
-7,3,0,0,0,0,0,0,0,0,1
23,-2,0,1,1,0,0,0,1,0,0
-9,-5,0,0,0,0,0,0,0,0,0
-13,12,0,0,0,0,0,0,0,0,1
4,5,0,0,0,0,0,1,0,0,3
-3,-2,0,0,0,0,1,0,0,0,2
-1,12,0,0,0,0,0,0,0,0,1
-10,13,0,0,0,0,0,0,0,0,1
15,5,0,0,0,0,0,0,0,0,1
-10,-15,0,1,0,0,0,0,0,0,0
4,1,0,0,0,0,0,1,1,0,3
13,-11,0,0,0,0,0,0,0,0,0
16,-3,0,0,0,0,0,0,0,0,0
-6,1,0,0,0,0,0,0,0,0,1
4,-3,0,0,0,0,0,0,0,1,0
18,0,0,0,0,0,0,0,0,1,0
-7,-1,0,0,0,0,0,1,0,0,0
27,2,0,0,0,0,0,0,1,0,1
-16,1,0,0,0,0,1,0,0,1,1
-18,-9,0,1,0,0,0,0,0,0,0
-26,-3,0,0,0,0,0,0,0,0,0
-24,3,0,0,0,0,0,1,0,0,2
-9,1,1,0,0,0,0,0,0,0,1
-11,2,0,0,0,0,0,0,0,0,1
-1,0,0,0,0,0,0,0,0,1,2
7,-7,0,0,0,0,1,1,0,0,3
-21,12,0,0,0,0,0,0,0,0,1
-15,-8,0,0,0,1,0,0,0,0,0
-2,3,0,0,0,0,0,0,0,1,1
5,-13,0,0,0,0,0,0,0,0,0
8,-3,0,0,0,0,0,0,0,0,0
2,0,0,0,0,0,0,0,0,0,3
-7,3,0,0,0,0,0,0,0,0,1
0,7,0,0,0,0,0,0,1,0,1
9,3,0,0,0,0,0,0,0,0,1
8,-9,0,0,0,0,0,0,0,1,0
2,1,0,0,0,0,0,1,0,0,3
12,6,0,0,0,0,0,0,0,0,1
18,2,1,0,0,0,0,0,0,0,1
-10,-5,0,0,0,0,0,1,0,0,0
20,2,1,0,0,0,0,0,0,0,1
-13,2,0,0,0,0,0,0,0,0,1
1,0,0,0,0,0,0,0,0,0,3
-3,-4,0,0,0,0,0,0,0,0,0
11,6,0,0,0,0,0,1,0,1,0
-14,1,0,0,0,0,0,0,0,0,1
4,-15,0,1,0,0,0,0,0,0,0
-15,-2,0,0,0,0,0,0,0,0,0
-4,0,0,0,0,0,0,0,0,0,2
-4,1,0,0,0,0,0,0,0,0,1
0,-11,0,0,0,0,0,0,0,0,0
15,0,0,0,0,0,0,0,1,0,3
20,-2,0,0,0,0,0,0,0,0,0
-14,1,0,0,0,0,0,0,0,0,1
6,-12,0,0,0,0,0,0,0,0,0
-2,-4,0,0,0,0,0,1,0,0,0
1,11,0,0,0,0,0,0,0,1,1
-6,9,0,0,0,1,0,0,0,0,1
5,-1,0,0,0,0,0,0,0,0,0
-14,-5,0,0,0,0,0,1,0,0,0
-1,-5,0,0,0,0,0,0,0,0,0
15,-5,0,0,0,0,0,0,0,0,0
-6,-3,0,0,0,0,0,0,1,1,0
-4,-6,0,0,0,0,0,0,0,0,0
10,-6,0,0,0,0,0,0,0,0,0
16,-1,0,0,0,0,0,1,0,0,0
-4,-7,0,0,0,0,0,0,0,0,0
-9,-1,0,0,0,0,0,0,0,0,0
3,14,0,0,0,0,0,0,1,0,1
12,0,0,0,0,0,0,0,0,0,3
-5,4,0,0,0,0,0,0,0,0,1
-1,9,0,0,0,0,1,0,0,0,1
25,0,0,0,1,0,0,0,0,0,3
-15,10,0,0,0,1,0,0,0,0,1
-13,-6,0,0,0,0,0,0,0,0,0
-4,7,0,0,0,0,0,0,0,0,1
1,1,0,0,0,0,0,0,0,1,1
11,1,0,0,0,0,0,0,0,0,1
-6,-6,0,0,0,0,1,0,0,0,2
-14,-3,0,0,0,0,1,0,0,0,2
-13,-9,0,0,0,0,0,0,0,0,0
-5,-3,0,0,0,0,0,0,0,0,0
-11,9,0,0,0,0,1,1,0,0,2
-9,3,0,0,0,0,0,0,0,0,1
9,1,0,0,0,0,0,0,0,0,1
25,0,0,0,1,0,0,0,0,0,3
-11,-2,0,0,0,0,0,1,0,0,0
-24,-2,0,1,0,0,0,0,0,0,0
9,1,0,0,0,0,0,0,0,1,1
7,-3,0,1,0,0,0,0,0,0,0
17,-2,0,0,0,0,0,0,0,0,0
-9,0,1,0,0,0,0,0,0,0,2
-1,6,0,0,0,0,0,0,0,0,1
8,6,1,0,0,0,0,0,1,0,1
-7,0,0,0,0,0,0,0,0,0,2
12,-7,0,0,0,0,0,0,0,0,0
0,2,0,0,0,0,0,0,0,0,1
3,4,0,0,0,0,0,0,0,0,1
20,-4,0,0,0,0,0,0,0,0,0
-2,-13,0,1,0,0,0,0,0,0,0
1,1,0,0,0,0,0,0,0,0,1
-11,-7,0,0,0,0,0,0,0,0,0
17,-1,0,0,0,0,0,0,0,0,0
-4,-9,0,0,0,0,1,0,0,1,2
-6,-3,0,0,0,0,0,0,0,0,0
3,-5,0,0,0,0,0,0,0,0,0
-10,-8,0,0,0,0,0,0,0,0,0
1,1,0,0,0,0,0,0,0,0,1
-13,3,0,0,0,1,0,0,0,0,1
-7,5,0,0,0,0,0,0,0,0,1
7,4,0,0,0,0,0,1,0,0,3
18,3,0,0,0,0,0,0,0,0,1
21,0,0,0,0,0,0,1,0,1,0
-17,-11,0,0,0,0,1,0,0,0,2
-1,-7,0,0,0,0,0,0,0,0,0
15,1,1,0,0,0,0,0,0,0,1
-3,1,0,0,0,0,0,0,0,0,1
3,12,1,0,0,0,0,0,0,0,1
-9,1,0,1,0,0,0,0,0,0,2
-14,2,0,0,0,0,0,1,0,0,2
9,3,1,0,0,0,0,0,0,0,1
-9,-2,0,0,0,0,0,0,0,0,0
10,18,1,0,0,0,0,0,0,0,1
11,-4,0,0,0,0,0,1,0,0,0
-22,4,0,0,0,0,0,0,0,0,1
-3,-2,0,0,0,0,0,0,0,0,0
6,0,0,0,0,0,0,0,0,0,3
-3,-4,0,0,0,0,0,0,0,1,0
23,-7,0,0,0,0,0,0,0,0,0
16,10,0,0,0,0,0,1,0,0,3
19,4,0,0,0,0,0,0,0,0,1
-19,13,0,0,0,0,0,0,0,0,1
-13,7,0,0,0,0,0,0,0,0,1
-24,-8,0,0,0,0,1,0,0,1,2
-9,5,0,0,0,0,0,0,0,0,1
-3,-9,0,0,0,0,0,0,0,0,0
0,9,0,0,0,0,0,0,0,0,1
12,6,1,0,0,0,0,0,0,0,1
-22,0,0,0,0,0,0,0,0,0,2
13,-13,0,0,0,0,0,0,1,0,0
10,10,0,0,0,0,0,0,0,1,1
13,-1,1,0,0,0,0,1,0,0,3
18,2,0,0,0,0,1,0,0,0,1
-13,2,0,0,0,0,0,0,0,0,1
7,-14,0,0,0,0,0,0,0,0,0
-19,-4,0,0,0,0,0,0,0,0,0
-6,0,0,0,0,1,0,0,0,0,2
-5,-6,0,0,0,0,0,0,1,0,0
-2,-1,0,0,0,0,0,0,0,0,0
-6,-7,0,0,0,0,0,0,0,0,0
12,15,0,0,0,0,1,0,0,0,1
-17,-3,0,0,0,0,0,0,1,0,0
-20,-6,0,0,0,0,0,0,0,0,0
-8,2,0,0,0,0,0,0,0,0,1
4,-3,0,0,0,0,0,0,0,0,0
2,6,0,0,0,0,0,0,0,0,1
-9,-6,0,0,0,0,1,0,0,1,2
-10,-15,0,0,0,0,0,0,0,0,0
10,0,0,0,0,0,0,0,0,0,3
-11,-7,0,0,0,0,1,0,0,0,2
1,-4,0,0,0,0,0,0,0,0,0
-11,-7,0,0,0,0,0,0,0,0,0
-9,-6,0,0,0,0,0,0,0,0,0
-15,12,1,0,0,0,0,0,0,0,1
-11,0,0,0,0,0,0,1,0,1,2
-7,1,0,0,0,0,0,0,0,0,1
-3,-4,0,0,0,0,0,0,0,0,0
-5,-3,0,0,0,0,0,0,0,0,0
0,-10,0,0,0,0,0,0,0,0,0
-4,-4,0,0,0,0,0,0,0,0,0
-16,12,0,0,0,0,0,0,0,0,1
7,-3,0,0,0,0,0,0,0,0,0
0,-6,0,1,0,0,0,0,0,0,0
23,13,0,0,0,0,0,0,0,0,1
2,8,0,0,0,0,0,0,0,0,1
-5,-7,0,0,0,0,0,0,0,0,0
25,0,0,0,0,0,0,0,0,1,0
12,3,0,0,0,0,0,0,0,0,1
-12,-11,0,0,0,0,0,0,0,0,0
-3,-3,0,0,0,0,0,0,0,0,0
5,2,0,0,0,0,0,0,0,0,1
0,7,0,0,0,0,0,0,0,0,1
-9,-7,0,0,0,0,0,0,0,0,0
0,0,0,0,0,0,1,0,0,0,1
19,13,0,0,0,0,0,0,0,0,1
-15,4,0,0,0,1,1,0,0,0,1
-20,10,0,0,0,0,0,0,0,0,1
-9,13,1,0,0,0,0,0,0,0,1
3,0,0,0,0,0,1,0,0,1,1
-4,11,0,0,0,0,0,0,0,0,1
-23,4,0,0,0,0,0,0,0,0,1
9,5,0,0,0,0,0,0,0,0,1
18,-11,0,0,0,0,0,0,0,0,0
-1,2,0,0,0,0,0,0,1,0,1
10,0,0,0,0,0,0,0,0,0,3
13,12,0,0,0,0,0,0,0,0,1
0,-2,0,0,0,0,0,0,0,0,0
-18,-5,0,0,0,0,1,0,0,0,2
23,-14,0,0,0,0,0,0,0,0,0
21,-7,0,0,0,0,0,0,0,0,0
-12,0,0,0,0,0,0,0,0,0,2
-4,5,0,0,0,0,0,0,0,1,1
7,-5,0,0,0,0,0,0,0,0,0
9,-11,0,0,0,0,0,0,0,0,0
6,5,0,0,0,0,0,0,0,0,1
4,-4,0,0,0,0,0,0,0,0,0
-3,-11,0,0,0,0,0,0,0,1,0
16,-5,0,0,0,0,0,0,0,0,0
-8,4,0,0,0,0,0,0,0,0,1
13,2,0,0,0,0,0,0,1,0,1
13,3,0,0,0,0,0,1,1,0,3
13,10,0,0,0,0,0,0,0,0,1
23,0,0,0,1,0,0,0,0,0,3
-14,7,0,0,0,0,0,0,0,0,1
9,6,0,0,0,0,0,0,0,0,1
0,-5,0,0,0,0,0,0,0,0,0
-9,6,1,0,0,1,0,0,0,1,1
6,6,0,0,0,0,0,0,0,0,1
7,6,0,0,0,0,0,0,0,0,1
1,-1,0,0,1,0,0,0,0,0,0
20,-13,0,0,0,0,0,0,0,0,0
-24,-6,0,0,0,0,0,0,0,0,0
1,-2,0,0,0,1,0,0,0,0,0
-6,0,0,0,0,0,0,0,0,0,2
-13,10,0,0,0,0,0,0,0,1,1
11,1,0,0,0,0,0,0,0,1,1
11,9,0,0,0,0,0,0,0,0,1
16,3,0,0,0,0,0,0,0,0,1
13,7,0,0,0,0,0,1,1,0,3
3,-9,0,0,0,0,0,0,0,0,0
21,-5,0,0,0,0,0,0,0,0,0
-10,13,0,0,0,0,0,0,0,0,1
15,3,0,0,0,0,0,0,0,0,1
-21,-9,0,0,0,0,0,0,0,0,0
8,-16,0,0,0,0,0,0,0,0,0
6,0,1,0,0,0,0,0,0,0,3
-3,5,0,0,0,0,0,0,0,0,1
3,-2,0,0,0,0,0,0,0,0,0
2,12,0,0,0,0,0,0,0,0,1
-1,4,0,0,0,0,0,0,0,0,1
-12,-9,0,0,0,0,0,0,0,0,0
-6,7,1,0,0,0,0,0,0,0,1
-11,7,0,0,0,0,0,0,0,0,1
-6,-6,0,0,0,0,0,0,0,0,0
-9,14,0,0,0,0,0,0,0,0,1
-15,-8,0,0,0,0,0,0,0,0,0
14,-11,0,0,0,0,0,0,1,0,0
12,-9,0,0,0,0,1,0,0,0,3
-8,-1,1,0,0,0,0,0,1,0,1
10,10,0,0,0,0,0,1,0,0,3
8,4,0,0,0,0,0,0,0,0,1
-4,3,0,0,0,0,0,0,0,0,1
16,-5,0,0,1,0,0,0,0,0,0
12,2,0,0,0,0,1,1,0,1,2
-9,1,0,0,0,0,0,0,0,0,1
18,8,0,0,0,0,0,1,0,1,0
4,-5,0,0,1,0,0,0,0,0,0
-22,-2,0,0,0,0,0,0,0,0,0
24,16,0,0,0,0,0,0,0,0,1
-23,14,0,0,0,0,0,0,0,0,1
-1,-3,0,0,0,1,0,1,0,0,0
21,-12,0,0,0,0,0,0,0,1,0
8,-16,0,1,0,0,0,0,1,0,0
13,-5,0,0,0,0,1,0,0,1,1
1,-6,0,0,0,0,0,0,0,0,0
-5,13,0,0,0,0,0,0,0,0,1
-8,12,0,0,0,0,0,0,0,0,1
-6,0,0,0,0,0,0,0,0,0,2
9,-6,0,0,0,0,0,0,0,0,0
15,-14,0,1,0,0,0,0,0,1,0
14,-10,0,0,0,0,0,0,0,0,0
19,1,0,0,0,0,0,0,0,0,1
16,-6,0,0,0,0,0,1,0,0,0
4,6,1,0,0,0,0,0,0,0,1
-13,5,0,0,0,0,0,0,0,0,1
6,4,0,0,0,0,1,0,0,0,1
-4,-1,0,0,0,0,0,0,0,0,0
14,0,1,0,0,0,1,0,0,0,3
1,2,0,0,0,0,0,0,0,0,1
0,4,0,0,0,0,0,0,0,0,1
-1,3,0,0,0,0,1,0,0,0,1
1,4,0,0,0,0,0,0,0,0,1
11,16,0,0,0,0,1,1,0,0,3
6,12,0,0,0,0,0,0,0,0,1
-6,-10,0,0,0,0,0,0,0,0,0
-6,-4,0,0,0,0,0,0,0,0,0
0,-2,0,0,0,0,0,0,0,0,0
1,-2,0,0,0,0,0,0,0,1,0
14,-10,0,0,0,0,0,1,1,0,0
-3,2,0,0,0,0,1,0,0,0,1
-9,-4,0,1,0,0,0,0,0,0,0
26,9,1,0,0,0,0,0,0,0,1
-2,9,0,0,0,0,0,1,0,0,2
-5,3,0,0,0,0,0,0,0,0,1
-17,-1,0,0,0,0,0,0,0,0,0
1,-11,0,0,0,0,0,0,0,0,0
0,14,0,0,0,0,0,1,0,0,0
-6,5,0,0,0,0,1,0,0,0,1
4,-7,0,0,0,0,0,0,0,0,0
-5,-3,0,0,0,0,0,0,0,0,0
-1,10,0,0,0,0,0,0,1,0,1
-1,-15,0,1,0,0,0,0,0,0,0
-3,-5,0,0,0,0,0,0,0,0,0
-20,-4,0,0,0,0,0,0,0,0,0
1,-10,0,0,0,0,0,0,0,0,0
-23,9,0,0,0,0,0,0,0,0,1
-1,2,0,0,0,0,0,1,0,0,2
3,-5,0,0,0,0,0,0,0,0,0
-9,3,0,0,0,0,0,0,0,0,1
12,-3,0,0,0,0,0,0,0,0,0
-5,-2,0,0,0,0,0,0,1,0,0
-1,-7,0,0,0,0,1,0,1,0,1
-7,-10,0,0,0,0,0,0,0,0,0
0,-5,0,0,0,0,0,0,1,0,0
-4,-3,0,0,0,0,0,0,0,1,0
15,-12,0,0,0,0,0,0,0,0,0
18,-3,0,0,0,0,0,0,0,0,0
11,-5,0,0,0,0,0,0,0,0,0
15,-7,0,0,0,0,0,0,0,0,0
-16,-9,0,1,0,0,0,0,0,0,0
-11,2,0,0,0,0,0,0,0,0,1
0,-11,0,0,0,0,0,0,0,0,0
0,-14,0,0,0,0,0,0,0,0,0
-7,-10,0,0,0,0,0,0,0,0,0
-1,-5,0,0,0,0,0,0,0,0,0
9,9,0,0,0,0,0,0,1,0,1
1,-9,0,0,0,0,0,0,0,1,0
-8,-13,0,1,0,0,0,0,0,0,0
-6,-5,0,0,0,0,0,0,0,0,0
18,9,0,0,0,0,0,0,0,0,1
-11,10,1,0,0,0,0,0,0,0,1
7,1,0,0,0,0,0,0,0,0,1
-6,14,0,0,0,0,1,0,0,1,1
3,12,1,0,0,0,0,1,0,0,3
-18,5,0,0,0,0,0,1,0,0,2
-12,-2,0,0,0,0,0,0,0,0,0
-5,15,0,0,0,0,0,0,0,0,1
-14,0,0,0,0,0,0,0,0,0,2
9,-2,0,0,0,0,0,0,0,0,0
5,-9,0,1,0,0,0,0,0,1,0
-19,-13,0,0,0,1,0,0,0,0,0
-13,0,0,0,0,0,0,0,1,0,0
-15,2,0,0,0,0,0,0,0,1,1
14,-6,0,0,0,0,0,0,0,0,0
6,9,0,0,0,0,0,0,0,0,1
6,9,0,0,0,0,0,0,0,0,1
-16,-10,0,0,0,0,0,0,0,1,0
5,-2,0,0,0,0,0,0,0,0,0
-4,-17,0,0,0,0,0,0,0,0,0
-14,-2,0,1,0,0,0,0,0,0,0
-1,8,0,0,1,0,0,0,0,0,1
22,-2,0,1,0,0,0,0,0,0,0
14,-3,0,0,0,0,0,0,0,0,0
-3,1,0,0,0,0,0,0,1,0,1
8,13,0,0,0,0,0,0,0,0,1
13,-2,0,0,0,0,0,0,0,0,0
3,-9,0,0,0,0,0,1,0,0,0
2,8,0,0,0,0,0,0,0,0,1
20,-4,0,0,0,0,0,1,0,0,0
4,3,1,0,0,0,0,0,0,0,1
7,0,0,0,0,0,1,0,0,0,3
-14,6,0,0,0,0,0,0,0,0,1
-1,14,0,0,0,0,0,0,0,1,1
-5,16,1,0,0,0,0,1,0,0,2
-7,-12,0,0,0,0,0,0,0,0,0
-3,-5,0,0,0,0,0,0,0,0,0
-10,-10,0,0,0,0,1,0,0,0,2
4,-4,0,0,0,0,0,0,0,0,0
23,2,0,0,1,0,0,0,0,0,1
-15,-8,0,0,0,0,0,0,0,0,0
1,0,0,0,0,0,0,1,0,0,3
6,5,0,0,0,0,0,0,0,0,1
-11,6,0,0,0,0,1,0,0,0,1
5,15,0,0,0,0,0,0,1,0,1
-3,-17,0,0,0,1,0,0,0,0,0
-13,4,0,0,0,0,0,0,0,0,1
-19,-8,0,0,0,0,0,0,0,0,0
-6,-8,0,0,0,0,1,0,0,1,2
2,-11,0,0,0,0,0,0,0,0,0
7,-8,0,0,0,0,0,0,0,1,0
3,-1,0,0,0,0,0,0,0,0,0
-16,-3,0,0,0,0,0,0,0,0,0
9,3,1,0,0,0,0,0,0,0,1
10,10,0,0,0,0,0,0,0,1,1
-5,1,0,0,0,0,0,1,0,0,2
14,4,0,0,0,0,0,0,0,0,1
3,11,0,0,0,0,0,0,0,1,1
2,2,0,0,0,0,0,0,0,0,1
-20,1,0,0,0,0,0,0,0,0,1
-9,4,0,0,0,0,0,0,0,0,1
23,-1,0,0,1,0,0,0,1,0,0
-19,-14,0,0,0,0,0,0,0,0,0
-3,9,0,0,0,0,0,0,1,0,1
-4,-12,0,0,0,0,0,0,0,0,0
-28,3,0,0,0,1,0,0,0,0,1
-1,1,0,0,0,0,0,0,1,0,1
-11,-5,0,0,0,0,0,0,1,0,0
-8,12,0,0,0,0,0,0,0,0,1
-4,-4,0,0,0,0,0,1,0,0,0
16,12,0,0,0,0,1,0,0,0,1
0,9,0,0,0,0,0,0,0,0,1
17,-6,0,0,0,0,0,0,0,0,0
-22,-3,0,0,0,1,0,0,0,0,0
14,4,0,0,0,0,0,0,0,1,1
0,2,0,0,0,0,0,0,0,1,1
-3,5,1,0,0,0,0,1,0,0,2
-3,-2,0,0,0,0,0,0,0,0,0
-6,-11,0,0,0,0,1,1,0,0,2
15,5,0,0,0,0,0,0,0,0,1
-19,-14,0,0,0,0,0,0,0,0,0
17,-6,0,0,0,0,0,0,0,0,0
-10,9,0,0,0,0,0,0,1,0,1
11,12,0,0,0,0,0,1,0,0,3
3,-14,0,0,0,0,0,1,0,0,0
7,7,1,0,0,0,0,0,0,0,1
8,-8,0,0,0,0,0,0,0,0,0
8,-1,0,0,0,0,0,0,0,0,0
0,0,0,0,0,0,0,0,0,0,0
24,-10,0,0,0,0,0,0,0,0,0
13,-4,0,0,0,0,0,0,0,1,0
-2,6,0,0,0,0,0,0,1,0,1
-10,-8,0,0,0,0,0,0,0,0,0
4,2,0,0,0,0,0,0,0,0,1
16,-6,0,0,0,0,0,1,0,0,0
2,3,0,0,0,0,1,0,0,0,1
-17,-1,0,0,0,0,0,0,0,1,0
-9,1,1,0,0,0,1,0,0,0,1
-15,-6,0,0,0,0,0,0,0,0,0
-5,-8,0,0,0,0,0,0,0,0,0
11,5,0,0,0,0,0,0,0,0,1
11,11,0,0,0,0,0,0,1,0,1
12,4,0,0,0,0,0,0,0,0,1
0,-1,0,0,0,0,0,0,1,0,0
-11,8,1,0,0,0,0,0,0,1,1
-1,1,1,0,0,0,0,0,0,0,1
8,-9,0,0,0,0,0,0,0,0,0
10,-14,0,0,0,0,0,0,0,0,0
11,2,0,0,0,0,0,0,0,0,1
19,-9,0,0,0,0,1,0,0,0,3
8,9,0,0,0,0,0,0,0,0,1
5,-13,0,1,0,0,0,0,0,0,0
18,-15,0,0,0,0,0,1,0,0,0
1,14,0,0,0,0,0,0,0,0,1
-17,-9,0,0,0,0,0,0,0,0,0
1,8,0,0,0,0,0,0,0,0,1
18,6,0,0,0,0,0,0,0,0,1
-6,1,0,0,0,0,1,0,0,0,1
20,-16,0,1,0,0,0,0,0,0,0
-2,7,0,0,0,0,0,0,0,1,1
-8,3,0,0,0,0,0,0,0,0,1
-7,-9,0,0,0,0,0,0,0,0,0
6,-4,0,0,0,0,0,0,0,0,0
-8,-6,0,0,0,0,0,1,0,0,0
26,-4,0,0,0,0,0,0,0,0,0
-9,-10,0,0,0,0,1,0,1,0,1
6,-8,0,0,0,0,0,0,0,0,0
-3,7,0,0,0,0,0,1,0,0,2
1,-1,0,0,0,0,0,0,0,0,0
-6,5,0,0,0,0,0,0,0,0,1
-3,5,0,0,0,0,0,0,0,0,1
-10,3,1,0,0,0,0,1,0,0,2
6,9,0,0,0,0,0,0,0,0,1
-21,6,0,0,0,0,0,0,0,0,1
20,1,0,0,0,0,0,0,0,1,1
-5,-3,0,0,0,0,0,0,0,0,0
-8,4,0,0,0,0,0,0,0,0,1
7,0,0,0,0,0,0,0,0,0,3
-19,9,1,0,0,0,0,0,0,0,1
7,12,0,0,0,0,0,0,0,0,1
-8,4,0,0,0,0,0,0,0,0,1
-12,-5,0,0,0,0,0,1,0,0,0
1,1,0,0,1,0,0,0,0,0,1
4,-1,1,0,0,0,0,0,0,1,1
-12,-10,0,0,0,0,0,0,0,0,0
-3,-8,0,0,0,0,0,0,0,1,0
-2,10,1,0,0,0,0,0,0,0,1
-18,-6,0,0,0,0,0,0,0,0,0
6,14,0,0,0,0,0,0,0,0,1
10,5,0,0,0,0,0,0,0,0,1
12,-14,0,0,0,0,0,0,0,0,0
10,-8,0,0,0,0,0,0,0,0,0
1,5,0,0,0,0,0,0,0,0,1
-8,-1,0,0,0,0,0,0,0,0,0
-8,2,0,0,0,0,0,0,0,0,1
-22,5,0,0,0,0,0,0,0,1,1
-19,14,0,0,0,1,0,0,0,0,1
-13,-13,0,0,0,0,0,0,0,0,0
-8,-6,0,0,0,0,0,0,0,1,0
2,-7,0,0,0,0,0,0,0,0,0
6,10,0,0,0,0,0,0,0,0,1
10,-4,0,0,1,0,0,0,0,0,0
-16,-1,0,0,0,0,0,0,0,0,0
-7,-3,0,0,0,0,0,0,0,0,0
6,3,0,0,0,0,0,0,0,0,1
-16,7,0,0,0,0,0,0,0,0,1
0,2,1,0,0,0,0,0,1,0,1
3,-7,0,0,0,0,0,0,0,0,0
1,-4,0,0,0,0,0,0,0,0,0
2,-2,0,0,0,0,0,0,0,0,0
26,1,0,0,1,0,0,0,0,0,1
2,7,0,0,0,0,0,0,0,0,1
-7,-15,0,0,0,0,0,0,0,0,0
3,-16,0,0,0,0,0,0,0,0,0
9,-7,0,0,1,0,0,0,0,0,0
4,6,0,0,0,0,0,0,0,0,1
-5,-6,0,0,0,0,0,0,0,0,0
-10,4,0,0,0,0,0,0,0,0,1
0,-5,0,0,0,0,0,0,0,0,0
-7,12,0,0,0,0,0,0,0,1,1
-4,-14,0,0,0,0,0,0,0,0,0
18,-15,0,1,0,0,0,0,0,0,0
8,-6,0,0,0,0,0,0,0,0,0
2,-12,0,0,0,0,0,0,0,0,0
0,5,0,0,0,0,0,0,1,0,1
16,-3,0,1,0,0,0,0,0,1,0
-7,-12,0,0,0,0,0,0,1,0,0
-5,5,0,0,0,0,1,0,1,0,1
-8,8,0,0,0,0,1,0,1,0,1
12,-8,0,0,1,0,0,0,0,0,0
-15,2,0,0,0,0,1,0,0,0,1
-12,-1,0,0,0,0,0,0,0,0,0
15,7,1,0,0,0,0,0,0,1,1
-12,-3,0,0,0,0,0,1,0,0,0
17,4,0,0,0,0,0,0,0,1,1
-11,7,0,0,0,0,1,0,0,1,1
-24,10,0,0,0,0,0,0,0,0,1
-10,0,0,0,0,0,0,0,0,0,2
11,0,0,1,0,0,0,0,0,0,3
-3,-1,0,0,0,0,0,0,0,0,0
1,-6,0,0,0,0,0,0,0,0,0
-3,-5,0,0,0,0,0,0,0,0,0
-12,5,0,0,0,0,0,0,0,0,1
-16,6,0,0,0,0,1,0,0,0,1
10,-9,0,1,0,0,0,0,0,0,0
-4,0,0,0,0,0,0,0,0,1,2
6,10,0,0,0,0,0,0,0,0,1
-2,-2,0,0,0,0,0,0,0,0,0
0,-7,0,0,0,0,0,0,0,0,0
5,-4,0,0,0,0,0,0,0,0,0
1,-7,0,0,0,0,0,0,0,0,0
-4,-3,0,0,0,0,0,0,0,0,0
4,4,0,0,0,0,0,0,0,0,1
3,15,0,0,0,0,0,0,1,0,1
-10,0,0,0,0,0,0,0,0,0,2
11,5,0,0,0,0,0,0,0,0,1
-1,10,0,0,0,0,0,0,0,0,1
8,-6,0,0,0,0,0,0,0,0,0
11,-16,0,0,0,0,1,0,0,0,3
-8,-2,0,0,0,0,1,0,1,0,1
3,3,0,0,0,0,1,0,0,0,1
-1,-8,0,0,0,0,0,0,1,0,0
-16,-5,0,1,0,0,0,0,0,0,0
16,-7,0,0,0,0,0,0,0,0,0
-8,6,0,0,0,0,0,1,0,0,2
-9,-4,0,0,0,0,0,0,0,0,0
4,10,0,0,0,0,1,0,0,0,1
24,-2,0,0,0,0,0,0,0,0,0
7,3,0,0,0,0,0,0,0,0,1
13,16,1,0,0,0,0,0,0,0,1
11,1,0,0,0,0,0,0,0,0,1
-8,-13,0,0,0,0,0,0,0,0,0
-3,0,0,0,0,0,0,0,0,0,2
13,-2,0,0,0,0,0,0,0,0,0
20,3,0,0,0,0,0,0,0,0,1
18,11,0,0,0,0,0,1,0,0,3
5,-12,0,0,1,0,0,0,0,0,0
8,-9,0,0,0,0,1,0,0,0,3
-12,-10,0,0,0,1,0,0,0,0,0
-8,-6,0,0,0,0,0,1,0,0,0
3,-1,0,0,0,0,0,0,0,0,0
-12,-1,0,0,0,0,0,1,0,0,0
-11,-12,0,0,0,1,0,0,0,0,0
-4,-5,0,0,0,1,0,1,0,0,0
-4,-13,0,0,0,0,1,0,1,0,1
-10,5,0,0,0,0,0,0,0,0,1
8,4,0,0,0,0,0,0,0,0,1
-2,11,1,0,0,0,0,0,0,0,1
3,-3,0,0,0,0,1,0,0,0,3
-6,-3,0,0,0,0,0,0,0,0,0
10,-1,0,0,0,0,0,0,0,0,0
-5,7,0,0,0,0,0,0,0,0,1
8,-5,0,0,0,0,0,0,0,0,0
7,-10,0,0,0,0,0,0,0,0,0
5,-12,0,0,0,0,0,0,0,0,0
1,3,0,0,0,0,0,0,0,0,1
-12,17,1,0,0,0,0,0,0,1,1
5,-6,0,0,0,0,0,0,1,0,0
-2,-2,0,0,0,0,0,0,0,0,0
26,0,0,0,0,0,0,0,0,0,3
-12,-18,0,1,0,0,0,0,0,0,0
4,-11,0,0,0,0,0,0,0,0,0
-20,5,0,0,0,0,0,0,0,0,1
10,5,0,0,0,0,0,1,0,1,0
8,10,0,0,0,0,0,0,0,0,1
8,11,0,0,0,0,0,0,0,0,1
-10,3,0,0,0,0,1,0,0,0,1
-5,-15,0,0,0,0,0,0,0,0,0
-15,1,0,0,0,0,0,0,1,0,1
2,0,0,0,0,0,0,1,0,0,3
-19,0,0,0,0,0,0,0,1,0,0
4,-14,0,0,0,0,0,0,0,1,0
-8,-3,0,0,0,0,0,0,0,0,0
-5,14,0,0,0,0,0,0,0,1,1
12,5,0,0,0,0,0,0,1,1,1
1,1,0,0,1,0,1,0,0,0,1
-24,11,0,0,0,0,0,0,0,0,1
15,11,0,0,0,0,0,0,1,0,1
-14,9,0,0,0,0,0,0,0,1,1
23,-4,0,0,0,0,0,0,0,0,0
-9,10,0,0,0,0,0,0,1,0,1
4,-12,0,0,0,0,0,0,0,0,0
-13,1,0,0,0,0,0,0,1,0,1
22,-5,0,0,1,0,0,0,0,0,0
2,16,0,0,0,0,0,0,1,0,1
5,12,0,0,0,0,1,0,0,1,1
4,-1,0,0,0,0,0,0,0,0,0
10,-2,0,0,0,0,0,0,0,1,0
11,8,1,0,0,0,1,0,0,0,1
-14,1,0,1,0,0,1,0,0,0,2
-23,-6,0,0,0,0,0,0,0,0,0
-21,-8,0,0,0,0,0,0,0,0,0
5,-1,0,0,0,0,0,0,0,1,0
-8,7,1,0,0,0,0,0,1,0,1
-14,13,0,0,0,0,0,0,0,0,1
17,3,0,0,0,0,0,0,0,1,1
-1,5,0,0,0,0,0,1,0,1,2
-5,3,0,0,0,0,0,0,0,0,1
22,1,0,0,0,0,0,0,0,0,1
-4,-2,0,0,0,0,0,0,0,1,0
-21,4,0,0,0,0,0,1,0,0,2
8,-2,0,0,0,0,0,0,0,0,0
-5,2,1,0,0,0,1,1,0,0,2
-3,-2,0,0,0,0,0,0,0,0,0
2,11,0,0,0,0,0,0,0,0,1
2,7,0,0,0,0,0,0,0,0,1
-9,-4,0,0,0,0,0,0,0,0,0
26,-13,0,0,0,0,0,0,0,0,0
9,-4,0,0,0,0,0,0,0,0,0
-18,9,0,0,0,0,0,0,0,0,1
-21,1,0,0,0,1,0,0,0,0,1
2,-13,0,0,0,0,0,1,0,0,0
-15,2,0,0,0,0,0,0,0,0,1
2,-11,0,0,0,0,0,0,0,0,0
-12,6,0,0,0,0,0,0,0,0,1
-10,-16,0,1,0,0,0,0,0,0,0
1,0,1,0,0,0,0,0,0,0,3
-12,7,0,0,0,0,0,0,0,0,1
14,-6,0,0,0,0,0,0,1,0,0
-23,-12,0,0,0,0,0,1,0,0,0
-17,11,0,0,0,0,0,0,1,0,1
11,-9,0,0,0,0,0,0,0,0,0
-4,16,0,0,0,0,0,0,0,0,1
-6,5,0,0,0,0,0,0,0,0,1
-4,8,0,0,0,0,0,0,0,0,1
1,-5,0,1,0,0,1,0,0,0,3
-14,-4,0,0,0,0,0,0,0,0,0
-10,9,0,0,0,0,0,0,0,0,1
0,-4,0,0,0,0,0,0,1,0,0
-9,0,0,0,0,0,0,0,0,0,2
-16,-6,0,0,0,1,0,0,1,0,0
11,-3,0,0,0,0,0,0,0,0,0
4,-8,0,0,0,0,0,0,0,0,0
-3,-1,0,0,0,0,0,0,0,1,0
15,1,0,0,0,0,0,0,0,0,1
1,-11,0,0,1,0,0,0,0,0,0
-1,-3,0,0,0,0,0,0,0,0,0
-5,8,0,0,0,0,1,1,0,0,2
-8,-6,0,0,0,0,0,0,0,0,0
-28,-2,0,0,0,1,1,0,0,0,2
13,3,0,0,1,0,0,0,0,0,1
16,3,0,0,0,0,1,1,1,0,3
-18,-2,0,0,0,0,0,0,0,0,0
10,7,0,0,0,0,0,0,0,0,1
-25,-4,0,0,0,0,0,0,0,0,0
-2,-3,0,0,0,0,1,0,0,0,2
8,-2,0,0,0,0,0,0,0,0,0
-2,-2,0,0,0,0,0,0,0,0,0
9,-11,0,0,0,0,0,0,0,0,0
6,5,1,0,1,0,0,0,0,1,1
2,0,0,0,0,0,0,0,1,0,3
18,-6,0,0,0,0,0,0,0,0,0
-22,-11,0,0,0,0,0,0,0,1,0
-12,-2,0,0,0,0,0,0,0,0,0
-14,-4,0,0,0,1,0,0,0,1,0
-8,8,0,0,0,1,0,0,0,0,1
-4,12,0,0,0,0,1,0,0,0,1
18,3,0,0,0,0,0,0,0,0,1
-18,2,0,0,0,1,0,0,0,0,1
6,-1,0,0,0,0,0,0,0,0,0
1,7,0,0,0,0,0,0,0,0,1
-8,1,0,0,0,0,0,0,0,0,1
15,7,0,0,0,0,0,0,0,0,1
9,13,0,0,0,0,0,0,0,0,1
-4,8,0,0,0,0,0,0,0,1,1
1,8,1,0,0,0,0,0,0,0,1
3,4,0,0,0,0,0,0,0,0,1
-8,15,0,0,0,0,0,0,0,0,1
13,14,1,0,0,0,0,0,0,0,1
1,-3,0,0,0,0,0,0,0,0,0
2,15,0,0,0,0,0,1,0,0,3
10,7,0,0,0,0,0,0,1,0,1
18,9,1,0,0,0,0,0,0,0,1
7,3,0,0,0,0,0,1,1,0,3
-26,-5,0,0,0,0,0,0,1,0,0
-11,-14,0,0,0,0,0,0,0,1,0
-3,-1,0,0,0,0,0,0,0,0,0
4,5,0,0,0,0,0,0,0,0,1
0,-6,0,0,0,0,0,0,0,0,0
-2,5,0,0,0,0,0,0,0,0,1
-20,-3,0,0,0,0,1,0,0,0,2
2,7,0,0,0,0,0,0,0,0,1
3,-10,0,0,0,0,0,0,0,0,0
1,-6,0,0,0,0,0,0,0,0,0
9,-4,0,0,0,0,0,0,0,0,0
-27,7,0,0,0,0,1,0,0,0,1
-11,-7,0,0,0,0,0,0,0,0,0
-5,0,0,0,0,0,0,0,1,0,0
-11,-1,0,0,0,0,0,0,0,0,0
-10,0,0,0,0,0,1,0,0,0,2
-4,2,0,0,0,0,0,0,0,0,1
-12,3,0,0,0,0,0,0,0,1,1
-15,9,0,0,0,0,0,0,0,0,1
1,4,1,0,0,0,0,0,0,0,1
-9,-13,0,0,0,0,0,0,0,0,0
15,15,0,0,0,0,0,0,0,1,1
2,-2,0,0,0,0,0,0,0,0,0
15,-1,0,1,0,0,0,0,0,0,0
-4,-1,0,0,0,0,0,0,0,0,0
0,-2,0,0,0,0,0,0,0,0,0
15,-14,0,0,0,0,0,0,0,0,0
0,-3,0,0,0,0,1,0,0,0,1
-7,9,0,0,0,0,0,0,0,0,1
-1,-5,0,0,0,0,1,0,0,0,2
-2,-2,0,1,0,0,0,0,0,1,0
-1,0,0,0,0,0,0,0,0,0,2
5,-4,0,0,0,0,0,0,0,0,0
16,5,0,0,0,0,0,1,0,0,3
13,3,0,0,0,0,0,1,0,0,3
12,9,0,0,1,0,0,0,0,0,1
-3,-13,0,1,0,0,1,0,0,0,2
21,-2,0,0,0,0,0,0,0,0,0
-17,-1,0,0,0,0,0,1,1,0,0
15,-5,0,0,0,0,0,0,0,0,0
2,4,0,0,0,0,0,0,0,0,1
10,6,0,0,0,0,0,0,0,1,1
-1,-6,0,0,0,0,0,0,1,0,0
-8,5,0,0,0,0,0,0,0,1,1
-15,-5,0,0,0,0,0,0,0,0,0
-9,4,0,0,0,0,0,0,0,0,1
13,11,0,0,0,0,1,0,0,0,1
-6,6,0,0,0,1,0,0,0,0,1
-18,-10,0,0,0,0,0,0,0,1,0
-7,11,0,0,0,0,1,0,0,0,1
-4,2,0,0,0,0,1,0,0,0,1
6,8,1,0,0,0,0,0,0,0,1
8,-13,0,0,0,0,0,0,0,0,0
-13,-3,0,0,0,0,0,0,0,1,0
-4,8,0,0,0,0,0,0,0,1,1
-4,-1,0,0,0,0,1,0,0,0,2
21,0,0,0,0,0,1,0,0,0,3
6,-2,0,0,0,0,0,0,0,0,0
-11,-1,0,0,0,0,1,0,0,0,2
21,-3,0,0,0,0,0,0,0,0,0
26,-1,0,0,0,0,0,0,0,0,0
-7,-2,0,1,0,1,0,0,0,0,0
-9,-7,0,1,0,0,0,0,0,0,0
-11,-9,0,0,0,0,0,0,0,0,0
-15,6,0,0,0,0,1,0,0,0,1
9,-3,0,0,0,0,0,0,0,1,0
9,6,0,0,0,0,0,0,0,0,1
1,10,0,0,0,0,1,0,0,0,1
11,-5,0,0,0,0,0,0,0,0,0
1,-7,0,0,0,0,0,0,0,0,0
-11,9,0,0,0,0,0,0,0,0,1
-15,5,0,0,0,0,0,0,0,0,1
1,14,0,0,0,0,0,0,0,0,1
-10,-7,0,0,0,0,0,0,0,0,0
-21,5,0,0,0,0,0,1,0,0,2
17,3,0,0,0,0,0,0,1,0,1
-2,-7,0,0,0,0,0,0,0,0,0
25,2,0,0,0,0,0,0,0,0,1
12,-10,0,0,0,0,0,0,1,0,0
-12,-8,0,0,0,1,0,0,0,1,0
10,10,0,0,0,0,0,0,0,1,1
-9,1,0,1,0,0,0,0,0,0,2
13,12,0,0,0,0,1,0,0,0,1
19,-6,0,0,0,0,0,0,0,1,0
12,-6,0,0,0,0,0,0,0,0,0
-15,12,0,0,0,0,0,0,0,0,1
7,-2,0,0,0,0,1,0,0,0,3
9,-9,0,0,0,0,0,0,1,1,0
-13,-6,0,0,0,0,0,1,0,0,0
4,-1,0,0,0,0,1,0,1,0,3
16,-7,0,0,0,0,0,0,0,0,0
-10,-4,0,0,0,0,0,0,0,0,0
-20,4,1,0,0,0,0,0,0,0,1
-4,-5,0,0,0,0,0,0,0,0,0
2,-3,0,0,0,0,0,0,0,0,0
-11,1,0,0,0,0,0,0,0,0,1
4,10,0,0,0,0,0,0,0,0,1
8,1,0,0,0,0,0,0,0,0,1
2,-2,0,0,0,0,0,0,0,0,0
12,-8,0,0,0,0,0,0,0,1,0
13,-4,0,0,0,0,0,0,0,0,0
14,-4,0,0,0,0,0,0,0,0,0
-13,10,0,0,0,0,0,0,0,0,1
20,-10,0,1,1,0,0,0,1,0,0
-8,5,0,0,0,0,0,1,0,0,2
-8,-5,0,0,0,0,0,0,1,0,0
9,-10,0,0,0,0,0,0,0,0,0
-21,5,0,0,0,0,0,0,0,0,1
-12,8,0,0,0,0,0,1,0,0,2
-5,-10,0,0,0,0,0,0,0,0,0
14,6,0,0,0,0,0,0,0,0,1
-2,-11,0,0,0,0,0,0,0,0,0
5,4,0,0,0,0,1,0,0,0,1
-4,3,1,0,0,1,0,0,0,0,1
0,-12,0,0,0,0,0,0,0,0,0
-6,-11,0,0,0,0,0,0,0,0,0
-1,-6,0,0,0,0,0,0,0,0,0
-4,-2,0,0,0,0,0,0,0,0,0
4,-4,0,0,0,0,0,1,0,0,0
4,7,0,0,0,0,0,0,0,0,1
-10,5,0,0,0,0,0,0,0,0,1
3,-4,0,0,0,0,0,0,1,0,0
-14,-4,0,0,0,1,0,0,0,0,0
15,-6,0,0,0,0,0,0,0,0,0
7,-5,0,0,0,0,0,1,0,0,0
-13,-9,0,0,0,0,0,0,0,0,0
-8,1,0,0,0,0,0,0,0,0,1
-22,5,0,0,0,0,0,0,0,0,1
6,-5,0,0,0,0,0,0,1,0,0
12,1,0,0,0,0,0,0,0,0,1
-9,-14,0,0,0,0,0,0,0,0,0
26,-6,0,0,0,0,0,0,0,0,0
-12,2,0,0,0,0,0,0,0,0,1
-12,14,1,0,0,0,0,1,0,0,2
-15,-3,0,0,0,0,1,0,0,0,2
8,1,0,0,0,0,0,0,0,0,1
13,1,0,0,0,0,0,0,0,0,1
10,-4,0,0,0,0,0,0,0,0,0
-19,-9,0,1,0,0,0,0,0,0,0
5,3,0,0,0,0,0,0,0,0,1
0,-3,0,0,0,0,0,0,0,0,0
3,-2,0,0,0,0,0,0,0,0,0
23,4,0,0,0,0,0,0,1,0,1
-8,15,0,0,0,0,1,0,0,1,1
-5,-4,0,0,0,0,0,0,0,0,0
4,0,0,0,0,0,0,0,0,0,3
14,-3,0,0,0,0,0,0,0,0,0
9,-2,0,0,0,0,1,0,0,0,3
6,4,0,0,0,0,0,0,0,0,1
4,-15,0,0,0,0,0,0,0,0,0
16,-12,0,0,0,0,0,0,1,0,0
-4,-1,0,0,0,0,0,0,0,0,0
6,9,0,0,0,0,1,0,0,1,1
4,-6,0,0,0,0,0,0,0,0,0
-7,-11,0,0,0,1,0,0,0,0,0
-1,-3,0,0,0,0,0,0,0,0,0
7,0,0,0,0,0,0,0,0,0,3
17,-4,0,0,0,0,0,0,0,0,0
-20,9,0,0,0,0,0,0,0,0,1
-3,-4,0,0,0,0,0,0,0,0,0
13,-9,0,1,0,0,0,0,0,0,0
-19,11,0,0,0,0,0,0,0,0,1
6,11,0,0,0,0,0,0,0,0,1
-14,4,0,0,0,0,0,0,0,0,1
1,9,0,0,0,0,0,1,0,0,3
24,-8,0,1,0,0,0,1,0,0,0
-18,-3,0,1,0,0,0,0,0,0,0
13,3,0,0,0,0,0,0,0,0,1
-7,8,0,0,0,0,0,0,0,1,1
8,-3,0,0,0,0,0,0,1,0,0
16,1,0,1,0,0,0,0,1,0,3
-18,-2,0,1,0,0,0,0,0,0,0
12,3,0,0,0,0,1,0,0,0,1
18,4,1,0,1,0,1,0,0,0,1
-13,13,0,0,0,0,0,0,0,0,1
13,-11,0,1,0,0,1,0,0,1,2
7,-7,0,0,0,0,0,0,0,0,0
12,-9,0,0,0,0,0,0,0,0,0
-26,-4,0,1,0,0,0,0,0,0,0
2,-8,0,0,0,0,0,0,1,0,0
10,3,0,0,0,0,0,0,0,0,1
11,13,0,0,1,0,0,0,0,0,1
1,6,0,0,0,0,0,0,0,0,1
-22,0,0,0,0,0,0,0,0,0,2
-8,1,0,0,0,0,0,0,0,0,1
3,9,0,0,1,0,0,1,0,0,3
10,-3,0,0,0,0,0,0,0,1,0
6,0,0,0,0,0,0,0,0,0,3
11,2,0,0,0,0,1,1,1,0,3
16,-5,0,0,0,0,0,1,0,0,0
-13,-8,0,0,0,1,0,0,0,0,0
14,16,0,0,0,0,1,0,0,0,1
3,17,0,0,0,0,0,0,0,0,1
13,0,1,0,1,0,0,0,0,0,3
-27,-1,0,0,0,1,0,0,0,0,0
3,2,0,0,0,0,0,0,1,1,1
-1,8,0,0,0,0,0,0,0,0,1
-7,3,0,0,0,0,0,0,0,1,1
-16,8,0,0,0,0,0,0,0,0,1
-15,-10,0,0,0,0,0,0,0,0,0
14,-11,0,0,0,0,0,0,0,0,0
5,-3,0,0,0,0,0,0,1,1,0
-1,10,0,0,0,0,0,0,0,0,1
-16,14,1,0,0,0,0,0,0,0,1
-6,-7,0,0,0,1,0,0,0,0,0
2,11,1,0,0,0,0,0,1,0,1
22,0,0,0,0,0,0,0,0,0,3
17,3,0,0,0,0,0,1,0,0,3
1,3,0,0,0,0,0,0,0,0,1
18,-8,0,0,0,0,0,0,0,0,0
-11,12,1,0,0,0,0,0,0,0,1
-8,0,0,0,0,0,0,0,0,1,2
-9,-11,0,0,0,0,0,0,1,0,0
-13,-1,0,0,0,0,0,0,0,1,0
-4,1,1,0,0,0,0,0,0,0,1
-5,0,0,0,0,0,0,0,0,0,2
20,4,0,0,0,0,0,1,0,0,3
23,4,0,0,0,0,0,0,0,0,1
-9,2,0,0,0,0,0,0,0,0,1
-6,-9,0,0,0,0,0,0,0,0,0
-15,-12,0,0,0,0,0,0,0,0,0
7,-8,0,0,0,0,0,1,0,0,0
-26,-3,0,0,0,1,0,0,0,1,0
6,1,0,0,0,0,0,0,0,1,1
6,-8,0,0,1,0,0,0,0,0,0
-5,-8,0,0,0,0,0,0,0,0,0
4,1,0,0,0,0,0,0,0,0,1
-6,-5,0,0,0,0,0,0,0,0,0
-13,-8,0,0,0,0,0,0,0,0,0
13,6,0,0,0,0,0,0,0,0,1
-4,15,0,0,0,0,0,0,0,0,1
20,-3,0,0,0,0,0,1,0,0,0
3,-10,0,0,0,0,0,1,0,0,0
10,-8,0,0,0,0,0,0,0,0,0
0,0,0,0,0,0,0,0,0,1,0
-2,0,0,0,0,0,0,0,0,0,2
13,-1,0,0,0,0,0,0,0,0,0
-14,0,0,0,0,0,0,0,0,0,2
15,-7,0,0,0,0,0,0,0,0,0
-21,8,0,0,0,0,0,0,0,0,1
14,-2,0,0,0,0,0,0,0,0,0
25,1,0,0,1,0,1,0,1,1,1
5,-1,0,0,0,0,0,0,0,0,0
-21,-5,0,0,0,0,0,0,0,0,0
1,-15,0,1,0,0,0,0,0,0,0
13,0,0,0,0,0,0,0,0,0,3
-6,2,0,0,0,0,0,0,0,0,1
-12,6,0,0,0,0,0,0,0,0,1
-22,-2,0,0,0,0,0,1,0,0,0
23,1,0,0,0,0,0,0,0,0,1
-19,-2,0,0,0,0,0,0,0,0,0
16,16,1,0,0,0,0,0,0,0,1
9,0,0,0,0,0,0,0,0,0,3
-4,-2,0,0,0,0,0,0,0,0,0
10,-7,0,0,0,0,0,1,0,1,0
-1,7,0,0,0,0,0,0,0,0,1
22,-6,0,0,0,0,0,1,0,0,0
7,10,0,0,0,0,0,0,0,0,1
-23,-9,0,0,0,0,0,0,0,1,0
-14,-11,0,0,0,0,0,0,0,0,0
-12,4,0,0,0,0,0,0,0,0,1
24,8,0,0,0,0,0,0,0,0,1
-23,0,0,0,0,0,0,0,0,0,2
3,-7,0,1,0,0,0,0,0,0,0
-22,-14,0,1,0,0,0,0,0,0,0
0,-1,0,0,0,0,0,0,1,0,0
12,-14,0,0,0,0,0,1,0,1,0
13,2,0,0,0,0,0,0,0,1,1
-20,6,0,0,0,0,0,0,0,0,1
-8,-5,0,0,0,0,0,0,1,0,0
-3,-7,0,1,0,0,0,0,0,0,0
9,12,0,0,0,0,0,1,0,1,0
2,1,0,1,0,0,0,0,0,0,3
-13,10,0,0,0,0,0,0,0,1,1
3,11,0,0,0,0,0,0,0,0,1
-14,5,0,0,0,0,0,0,0,0,1
16,-6,0,0,0,0,0,0,0,0,0
-2,9,0,0,0,0,0,0,0,0,1
-12,-2,0,0,0,0,0,0,0,0,0
0,-6,0,0,0,0,0,0,1,0,0
-4,6,0,0,0,0,0,0,0,0,1
4,-1,0,1,0,0,0,0,0,0,0
21,-13,0,0,1,0,0,0,0,1,0
21,4,0,0,0,0,0,0,0,0,1
6,18,1,0,0,0,0,0,0,0,1
0,8,0,0,0,0,0,0,0,0,1
6,-8,0,0,0,0,0,0,0,0,0
-6,-7,0,0,0,0,0,0,0,0,0
0,-9,0,0,0,0,0,0,0,1,0
-16,4,0,0,0,0,1,0,0,0,1
-21,4,0,0,0,0,0,0,0,0,1
2,-2,0,0,0,0,1,0,0,0,3
4,-4,0,0,0,0,0,0,0,0,0
8,-3,0,1,0,0,0,0,0,0,0
-19,9,0,0,0,0,0,0,0,0,1
-2,-6,0,0,0,0,0,0,0,0,0
-3,-15,0,0,0,0,0,0,0,0,0
-4,2,0,0,0,0,0,0,0,0,1
3,10,0,0,0,0,0,0,0,0,1
10,5,0,0,0,0,0,0,0,0,1
-13,-10,0,0,0,0,0,0,1,0,0
15,-12,0,0,0,0,0,0,0,0,0
0,10,0,0,0,0,0,0,0,1,1
-15,10,0,0,0,0,0,0,0,0,1
-5,-8,0,0,0,0,0,0,0,0,0
-15,5,0,0,0,0,0,0,0,0,1
-2,2,0,0,0,0,0,0,0,1,1
-13,1,0,1,0,0,0,0,0,0,2
-5,-5,0,0,0,0,0,0,0,0,0
6,-1,0,0,0,0,0,0,0,0,0
19,-3,0,0,0,0,0,0,0,0,0
-25,-6,0,0,0,0,0,0,0,0,0
-5,-4,0,0,0,0,0,1,0,0,0
25,4,0,0,1,0,0,0,0,0,1
0,10,1,0,0,0,0,0,0,0,1
25,12,0,0,0,0,0,0,0,0,1
1,2,0,0,0,0,0,0,0,0,1
8,-10,0,0,0,0,0,0,0,0,0
5,-2,0,0,0,0,0,0,0,0,0
1,-1,0,0,0,0,0,0,0,0,0
3,3,0,0,0,0,0,0,0,0,1
0,4,0,0,0,0,0,0,0,0,1
21,9,0,0,0,0,0,0,0,0,1
2,2,0,0,0,0,0,1,0,1,0
8,1,0,1,0,0,0,0,0,0,3
13,1,0,0,0,0,0,0,0,0,1
11,-7,0,0,0,0,0,0,0,0,0
-17,9,0,0,0,0,0,1,0,0,2
-16,-4,0,1,0,0,0,0,0,0,0
-15,4,1,0,0,0,0,0,0,0,1
-4,8,0,0,0,0,0,0,0,0,1
3,10,1,0,0,0,0,0,0,0,1
-22,0,0,0,0,0,0,0,1,0,0
18,2,1,0,0,0,0,0,0,0,1
9,-4,0,0,0,0,1,0,0,0,3
7,-2,0,0,0,0,0,0,0,0,0
-12,4,0,0,0,0,0,0,0,0,1
-3,3,0,0,0,0,0,0,0,1,1
-5,-2,0,0,0,0,0,0,0,0,0
-7,12,0,0,0,1,0,0,0,0,1
8,-6,0,0,0,0,0,0,0,0,0
17,10,0,0,0,0,0,0,1,0,1
4,2,0,0,0,0,1,0,0,0,1
-13,4,0,0,0,0,0,0,1,0,1
-13,0,0,0,0,1,0,0,0,0,2
18,0,0,0,0,0,0,1,0,0,3
16,4,0,0,0,0,0,1,0,0,3
-1,-15,0,0,0,0,1,0,1,0,1
-4,11,0,0,0,0,0,0,0,0,1
-12,-17,0,1,0,0,0,0,1,1,0
5,-5,0,0,0,0,0,0,0,0,0
3,-11,0,0,0,0,1,0,0,0,3
-9,2,0,0,0,0,0,0,0,0,1
-4,-3,0,0,0,0,0,0,0,0,0
23,16,0,0,0,0,0,0,0,0,1
-10,-5,0,0,0,0,0,1,0,0,0
25,-4,0,0,0,0,0,0,0,0,0
13,-6,0,0,0,0,0,1,0,0,0
-18,-1,0,0,0,0,0,0,0,0,0
-1,-1,0,0,0,0,0,0,0,1,0
3,11,0,0,0,0,0,0,0,0,1
3,10,0,0,0,0,0,0,0,0,1
5,-3,0,0,0,0,0,0,0,1,0
-20,-7,0,0,0,1,0,0,0,0,0
0,-3,0,1,0,0,0,0,0,0,0
-5,1,0,0,0,0,0,0,0,0,1
-4,-2,0,0,0,0,0,0,0,0,0
-4,1,0,0,0,0,0,0,0,0,1
4,11,0,0,0,0,0,0,1,0,1
5,9,0,0,0,0,0,1,0,0,3
-16,-2,0,0,0,0,0,0,0,0,0
15,11,0,0,0,0,0,0,0,0,1
-19,-10,0,0,0,0,0,0,0,0,0
2,6,0,0,0,0,1,0,0,0,1
-4,9,1,0,0,0,0,0,0,0,1
-8,-7,0,0,0,0,0,0,0,0,0
4,9,0,0,0,0,0,0,0,0,1
-8,8,0,0,0,0,0,0,0,0,1
-22,-4,0,0,0,0,0,0,0,0,0
7,-5,0,0,0,0,0,0,0,0,0
-19,-8,0,0,0,0,0,0,0,0,0
-3,0,0,0,0,0,0,0,0,0,2
1,-11,0,1,0,0,0,0,1,0,0
-8,12,0,0,0,0,0,0,0,0,1
-9,5,0,0,0,0,1,0,0,0,1
0,7,0,0,0,0,0,0,0,0,1
-17,1,0,0,0,0,0,1,0,0,2
-2,5,0,0,0,0,0,0,0,0,1
4,6,0,0,0,0,0,0,1,0,1
8,-4,0,0,0,0,0,0,0,0,0
-10,3,0,0,0,0,0,0,0,0,1
2,0,0,0,0,0,0,0,0,0,3
-2,7,0,0,0,0,0,0,0,0,1
-13,8,0,0,0,0,1,0,0,0,1
-11,2,0,0,0,0,0,0,0,0,1
11,5,0,0,0,0,0,1,0,0,3
2,3,0,0,0,0,0,0,0,0,1
15,2,0,0,1,0,0,0,0,0,1
21,3,1,0,0,0,0,0,0,0,1
-4,-12,0,1,0,0,0,0,0,0,0
19,-7,0,0,0,0,0,0,0,0,0
18,5,0,0,0,0,0,0,0,0,1
-18,-2,0,0,0,0,0,0,0,0,0
17,-3,0,0,0,0,0,0,0,0,0
-24,0,0,0,0,0,0,1,0,0,2
20,2,0,0,0,0,0,0,1,0,1
-7,2,0,0,0,0,0,1,0,0,2
-7,10,0,0,0,1,0,0,0,0,1
-18,-6,0,0,0,0,0,0,0,1,0
-5,15,0,0,0,0,0,1,0,0,2
-12,3,0,0,0,0,0,0,0,0,1
-10,-7,0,0,0,0,0,0,1,0,0
-2,-3,0,1,0,0,0,0,0,0,0
5,-2,0,0,0,0,0,0,0,1,0
-4,0,0,0,0,0,0,0,0,0,2
16,-1,0,0,0,0,1,0,0,0,3
13,8,0,0,0,0,0,0,0,1,1
7,2,0,0,0,0,1,0,0,0,1
17,-1,0,0,0,0,1,0,0,0,3
-11,1,0,0,0,0,0,0,1,1,1
14,10,0,0,0,0,0,0,0,0,1
22,-2,0,0,0,0,0,0,0,0,0
-17,6,0,0,0,0,1,0,0,1,1
-17,3,1,0,0,0,0,0,1,0,1
5,14,0,0,0,0,0,0,0,1,1
2,-11,0,0,0,0,0,1,0,0,0
-5,-3,0,0,0,0,0,0,0,0,0
16,-2,0,1,0,0,0,0,0,0,0
6,-12,0,0,1,0,0,0,1,0,0
-14,14,0,0,0,0,0,0,0,0,1
7,-10,0,0,0,0,1,1,1,0,3
2,-16,0,0,0,0,0,0,0,0,0
2,11,0,0,0,0,0,0,1,0,1
26,-8,0,0,0,0,0,0,0,0,0
-11,-6,0,0,0,0,0,0,0,0,0
4,1,0,0,0,0,0,0,0,0,1
0,-12,0,0,0,0,0,0,0,0,0
12,-1,0,0,0,0,0,0,0,0,0
1,-3,0,0,0,0,0,0,1,0,0
-10,-2,0,0,0,0,0,0,0,1,0
22,-5,0,0,0,0,0,0,0,0,0
-8,11,0,0,0,0,0,0,0,0,1
1,-6,0,1,1,0,0,0,0,0,0
1,10,0,0,0,0,0,0,0,0,1
-10,9,0,0,0,0,0,0,0,0,1
-2,-4,0,0,0,0,0,0,0,0,0
-4,8,0,0,0,0,0,0,1,0,1
-16,-9,0,0,0,0,0,0,0,0,0
-3,-10,0,0,0,0,0,0,0,0,0
6,15,0,0,1,0,0,0,0,0,1
-9,8,0,0,0,0,0,0,0,0,1
-11,9,0,0,0,0,1,0,0,0,1
-1,-4,0,0,0,0,0,0,0,0,0
-5,13,0,0,0,0,0,0,0,0,1
13,-4,0,0,0,0,1,0,0,0,3
-3,-2,0,0,0,0,0,0,0,0,0
7,1,0,0,0,0,0,0,0,0,1
-3,-6,0,0,0,0,1,0,0,0,2
-20,-3,0,0,0,0,0,0,0,0,0
-6,-1,0,0,0,0,0,0,0,0,0
11,0,0,0,0,0,1,0,0,0,3
4,-1,0,0,0,0,1,0,0,1,1
16,-1,0,0,0,0,0,0,0,0,0
2,-5,0,0,0,0,0,0,0,0,0
-6,-8,0,0,0,0,0,0,0,0,0
-11,10,0,0,0,1,0,0,0,0,1
-15,2,0,0,0,0,0,0,0,0,1
-11,13,0,0,0,0,0,0,0,0,1
13,-5,0,0,0,0,0,0,0,0,0
-13,2,0,0,0,0,0,0,0,0,1
6,-10,0,0,0,0,0,0,0,0,0
17,-7,0,0,0,0,0,0,0,0,0
-17,-3,0,0,0,0,0,0,0,0,0
12,-5,0,0,0,0,0,0,0,0,0
5,-10,0,0,0,0,0,0,0,0,0
-13,13,0,0,0,0,0,0,0,0,1
9,3,0,0,0,0,0,0,0,0,1
-21,14,0,0,0,0,0,0,0,1,1
15,4,0,0,0,0,0,0,0,1,1
-1,-5,0,0,0,0,0,0,0,0,0
-20,-3,0,0,0,0,0,0,0,1,0
0,-1,0,0,0,0,0,0,0,0,0
-3,5,0,0,0,0,1,0,0,0,1
27,5,0,0,1,0,0,1,0,0,3
-26,-9,0,0,0,0,0,0,0,0,0
-1,4,0,0,0,0,1,0,1,0,1
10,7,0,0,0,0,0,0,0,0,1
-17,4,0,0,0,0,0,0,0,0,1
14,0,0,0,0,0,0,0,0,0,3
-9,-12,0,0,0,0,0,0,0,0,0
2,2,0,0,0,0,0,0,0,0,1
-2,13,0,0,0,0,0,0,0,0,1
2,-1,0,0,0,0,0,0,0,0,0
13,1,1,0,0,0,0,0,0,1,1
0,-4,0,0,0,0,0,0,1,0,0
-21,10,0,0,0,0,0,0,0,0,1
11,-6,0,0,0,0,0,0,0,0,0
-4,-2,0,0,0,0,0,0,0,0,0
-8,7,0,0,0,0,0,0,1,0,1
4,-2,0,0,0,0,0,0,0,0,0
-13,0,0,0,0,0,0,0,0,0,2
2,6,0,0,0,0,0,0,0,0,1
20,11,0,0,0,0,0,0,1,0,1
3,1,0,0,0,0,0,0,0,0,1
-12,0,0,0,0,0,0,0,0,0,2
5,7,0,0,0,0,0,0,0,0,1
19,17,0,0,0,0,0,0,0,0,1
-9,5,0,0,0,0,0,0,0,0,1
-4,-3,0,0,0,0,0,0,0,0,0
1,-15,0,0,0,1,0,0,0,0,0
-11,-16,0,0,0,0,0,0,0,1,0
21,0,0,0,0,0,0,1,0,0,3
-17,-1,0,0,0,0,0,0,0,0,0
19,1,0,0,0,0,0,0,0,0,1
-14,-16,0,0,0,0,0,0,0,0,0
5,12,0,0,0,0,0,0,0,0,1
-4,9,0,0,0,0,0,0,0,0,1
-9,-4,0,0,0,1,0,1,0,0,0
17,0,0,0,0,0,0,0,0,0,3
-3,11,0,0,0,0,0,1,0,0,2
-24,-13,0,0,0,0,0,0,1,0,0
-8,6,0,0,0,0,0,0,0,0,1
-1,11,0,0,0,0,0,0,0,0,1
10,8,0,0,0,0,0,0,0,0,1
8,-2,0,0,0,0,1,0,0,0,3
2,-2,0,0,0,0,0,0,0,0,0
-18,0,0,0,0,0,0,0,0,0,2
6,12,0,0,0,0,0,0,0,0,1
-14,3,0,0,0,0,0,0,0,0,1
14,16,0,0,0,0,1,0,0,0,1
-1,-6,0,0,0,0,0,0,0,0,0
4,-3,0,0,0,0,0,0,0,0,0
-3,-1,0,0,0,0,0,0,0,0,0
-2,6,0,0,0,0,0,0,0,1,1
-23,-2,0,0,0,0,0,0,0,0,0
-22,1,0,0,0,1,0,0,0,0,1
2,-2,0,0,0,0,0,0,0,0,0
-14,7,0,0,0,0,0,0,0,0,1
-3,-4,0,0,0,0,0,0,0,0,0
-8,-2,0,0,0,0,0,0,0,1,0
5,11,0,0,0,0,0,0,0,0,1
-4,10,0,0,0,0,0,0,0,0,1
5,-8,0,0,0,0,0,0,0,0,0
-3,7,0,0,0,0,1,0,0,0,1
-8,10,0,0,0,1,0,0,0,0,1
2,-11,0,0,0,0,0,0,1,0,0
-13,-15,0,0,0,0,0,0,0,0,0
-11,8,0,0,0,0,0,0,0,0,1
8,8,0,0,0,0,0,0,0,0,1
4,-5,0,0,0,0,0,0,0,0,0
27,12,0,0,0,0,0,0,0,0,1
-15,6,1,0,0,0,0,0,0,0,1
-16,4,0,0,0,0,0,0,1,0,1
11,-11,0,0,0,0,0,0,0,0,0
1,-1,0,1,0,0,0,1,0,0,0
-1,14,0,0,0,0,0,1,0,0,2
19,-15,0,1,0,0,0,0,0,0,0
2,2,0,0,0,0,0,0,0,0,1
4,9,0,0,0,0,0,0,0,0,1
-24,17,0,0,0,0,0,0,0,0,1
-5,-18,0,1,0,0,0,0,0,0,0
-12,-10,0,0,0,0,0,0,0,0,0
-22,5,0,0,0,0,0,0,0,0,1
26,-7,0,0,0,0,1,0,0,0,3
1,6,0,0,0,0,0,1,0,0,3
-9,3,1,0,0,0,0,0,0,0,1
-10,-5,0,0,0,0,1,0,0,0,2
-20,3,0,0,0,0,0,0,1,0,1
0,-2,0,0,0,0,0,0,0,0,0
-9,-2,0,0,0,0,0,0,0,0,0
4,11,0,0,0,0,0,0,0,0,1
-12,9,0,0,0,0,0,0,0,0,1
-12,0,0,0,0,0,0,0,0,0,2
-17,9,0,0,0,0,0,0,0,0,1
1,-1,0,0,0,0,0,0,0,0,0
-8,8,0,0,0,0,0,0,0,0,1
-6,7,0,0,0,1,0,0,0,0,1
19,-11,0,1,0,0,0,0,0,0,0
-10,1,0,0,0,0,1,0,0,0,1
-1,2,0,0,0,0,0,0,0,0,1
-3,6,0,0,0,0,0,0,0,0,1
-18,-17,0,0,0,1,0,0,0,1,0
0,3,0,0,0,0,0,0,1,1,1
-4,-14,0,0,0,0,1,1,0,0,2
11,2,0,0,0,0,0,0,0,0,1
-11,-2,0,0,0,0,1,0,0,0,2
-7,-9,0,0,0,0,0,0,0,0,0
-3,-5,0,0,0,0,0,0,0,0,0
4,8,1,0,0,0,0,0,0,0,1
-3,-3,0,0,0,0,0,0,0,0,0
7,-2,0,0,0,0,0,0,0,0,0
6,0,0,0,0,0,0,0,0,0,3
-8,-8,0,0,0,0,0,0,0,0,0
1,4,0,0,0,0,0,0,0,0,1
-6,-13,0,0,0,0,0,0,0,0,0
-10,15,0,0,0,0,0,0,0,0,1
-2,5,0,0,0,0,0,1,0,0,2
-1,-10,0,0,0,0,0,0,0,0,0
-7,12,0,0,0,0,0,0,0,0,1
-11,-16,0,0,0,1,0,0,0,0,0
-25,6,0,0,0,0,0,0,0,0,1
-20,-1,0,0,0,0,0,0,0,0,0
-17,-11,0,0,0,0,0,0,0,0,0
4,10,0,0,0,0,0,0,0,0,1
5,5,0,0,0,0,0,0,1,0,1
-10,-5,0,1,0,0,0,0,0,1,0
7,1,0,0,0,0,0,0,0,0,1
21,-15,0,1,0,0,0,1,0,0,0
-10,-4,0,0,0,0,0,0,0,1,0
-13,16,1,0,0,0,0,0,0,0,1
-1,-5,0,0,0,0,0,0,0,1,0
-1,8,0,0,0,0,0,0,0,0,1
-3,-4,0,0,0,0,0,0,0,0,0
-3,-7,0,0,0,0,0,0,0,0,0
14,-1,0,0,0,0,0,0,0,0,0
14,-1,0,0,0,0,0,0,0,0,0
9,-2,0,0,0,0,0,0,1,1,0
-11,2,0,0,0,0,0,0,0,0,1
1,2,0,0,0,0,0,0,0,0,1
-14,-2,0,0,0,0,0,0,0,0,0
0,-11,0,1,0,1,0,0,0,0,0
3,-15,0,0,0,0,0,0,0,0,0
-1,-11,0,0,0,0,1,0,0,0,2
7,-10,0,0,0,0,0,0,0,0,0
1,-3,0,0,1,0,1,0,0,1,1
-6,5,0,0,0,0,0,0,0,0,1
8,3,0,0,0,0,0,0,0,0,1
-12,7,0,0,0,0,0,0,0,0,1
-8,0,0,0,0,0,1,0,0,0,2
-20,-6,0,0,0,0,0,0,0,0,0
5,2,0,0,0,0,0,0,0,1,1
-9,3,0,0,0,0,0,0,0,0,1
3,-11,0,0,0,0,0,0,0,0,0
22,2,0,0,0,0,0,0,0,0,1
0,2,0,0,0,0,0,0,0,0,1
-1,4,0,0,0,0,0,0,0,0,1
-7,4,1,0,0,0,0,0,0,0,1
10,-1,0,0,0,0,0,1,0,0,0
15,0,0,0,0,0,0,0,0,1,0
8,-4,0,1,0,0,0,0,0,0,0
-23,2,0,0,0,1,0,0,0,0,1
0,1,0,0,0,0,0,0,0,0,1
16,7,0,0,0,0,1,0,0,0,1
2,-4,0,0,0,0,1,0,0,0,3
4,-5,0,1,0,0,1,0,0,0,3
-12,5,0,0,0,0,0,0,0,0,1
9,2,0,0,0,0,0,0,0,0,1
-16,-10,0,1,0,0,0,0,0,0,0
6,4,0,0,0,0,0,0,0,0,1
20,-6,0,0,0,0,0,0,0,0,0
4,-9,0,0,0,0,0,0,0,0,0
-2,-9,0,0,0,0,0,0,0,0,0
-1,8,0,0,0,0,0,0,0,0,1
7,9,0,0,0,0,0,0,0,0,1
15,-7,0,1,0,0,0,0,0,0,0
6,2,0,0,0,0,0,1,0,0,3
13,3,0,0,0,0,0,0,1,0,1
5,2,0,0,0,0,0,0,0,1,1
-7,-8,0,0,0,0,0,1,0,0,0
2,1,0,0,0,0,0,0,0,0,1
-7,-4,0,0,0,0,0,0,0,0,0
-5,4,1,0,0,0,1,0,0,0,1
-5,-3,0,0,0,0,0,0,0,0,0
1,17,0,0,0,1,0,0,0,0,1
-17,12,0,0,0,0,0,1,0,1,2
2,6,0,0,0,0,0,0,0,0,1
-9,6,0,0,0,0,0,0,0,0,1
0,2,0,0,0,1,1,0,0,0,1
13,-10,0,0,0,0,0,0,0,0,0
14,-2,0,0,0,0,0,0,0,0,0
24,-3,0,0,1,0,0,1,0,0,0
17,7,0,0,0,0,0,0,0,0,1
-1,-1,0,1,0,0,0,0,0,0,0
6,0,0,0,0,0,0,0,0,0,3
-6,12,0,0,0,0,0,0,0,0,1
4,-1,0,0,0,0,0,0,0,0,0
12,8,0,0,0,0,0,0,0,0,1
-13,-6,0,0,0,0,0,0,0,0,0
-28,18,1,0,0,1,0,0,1,0,1
9,15,0,0,0,0,0,0,0,0,1
-26,2,0,0,0,0,1,0,0,0,1
8,16,1,0,0,0,0,1,1,0,3
24,-1,0,0,1,0,0,1,0,0,0
-12,5,0,0,0,0,0,0,0,0,1
13,5,0,0,0,0,0,0,0,0,1
15,9,0,0,0,0,0,0,0,0,1
15,1,0,0,0,0,0,0,0,0,1
2,-4,0,0,0,0,0,0,0,0,0
-20,7,0,0,0,0,0,0,0,0,1
-6,8,0,0,0,0,0,0,0,0,1
-19,-2,0,0,0,1,0,0,0,0,0
-4,0,0,0,0,0,0,0,1,0,0
-20,-8,0,0,0,0,0,0,0,0,0
7,4,0,0,0,0,0,0,0,0,1
-3,14,0,0,0,0,0,0,0,1,1
-7,0,0,0,0,0,0,0,0,0,2
-16,-3,0,1,0,0,0,0,1,0,0
-3,1,0,0,0,0,0,0,0,0,1
16,7,0,0,1,0,0,0,1,0,1
25,3,1,0,0,0,0,0,0,0,1
-2,-12,0,0,0,0,0,0,1,0,0
8,-14,0,1,0,0,0,0,0,0,0
0,-7,0,0,0,0,0,0,0,0,0
-6,6,0,0,0,0,0,0,1,0,1
4,-9,0,0,0,0,0,0,0,0,0
7,-10,0,0,0,0,0,0,0,0,0
-1,0,0,0,0,0,0,0,0,0,2
0,-2,0,0,0,0,0,1,1,0,0
-12,-10,0,0,0,0,0,0,1,0,0
-2,8,0,0,0,0,1,0,0,0,1
6,9,0,0,0,0,0,1,0,0,3
-14,4,0,0,0,0,0,0,0,0,1
-4,1,0,0,0,0,1,0,0,1,1
-5,-8,0,0,0,0,0,0,1,0,0
5,-3,0,0,0,0,0,1,0,0,0
8,12,0,0,1,0,0,0,1,0,1
-9,1,0,0,0,0,0,0,0,0,1
-15,-8,0,0,0,0,0,0,0,0,0
6,5,0,0,0,0,0,0,0,0,1
-9,6,0,0,0,0,0,0,0,0,1
11,-5,0,0,0,0,0,0,0,0,0
6,12,0,0,1,0,0,0,0,0,1
5,-5,0,0,0,0,1,0,0,0,3
1,6,0,0,1,0,0,0,0,1,1
1,2,0,0,0,0,0,0,0,0,1
-22,12,0,0,0,0,1,0,0,0,1
-12,1,0,0,0,0,0,0,0,0,1
-7,6,0,0,0,0,1,0,0,0,1
5,5,0,0,0,0,0,0,0,1,1
1,0,0,0,0,0,0,0,0,0,3
7,3,0,0,0,0,0,0,1,0,1
19,6,0,0,0,0,0,0,1,0,1
1,-10,0,0,0,0,0,0,0,0,0
17,4,0,0,0,0,0,0,0,1,1
-4,-2,0,0,0,0,1,0,0,0,2
14,1,0,0,0,0,0,0,0,0,1
2,3,0,0,0,0,0,0,0,0,1
-14,-2,0,0,0,0,0,0,0,1,0
4,-11,0,0,0,0,0,0,0,0,0
21,-1,0,1,0,0,0,0,1,0,0
7,-1,0,0,0,0,0,0,0,0,0
10,3,0,0,0,0,0,0,0,1,1
-2,7,0,0,0,0,0,0,0,0,1
7,-2,0,0,0,0,0,0,0,0,0
-9,14,1,0,0,0,0,0,1,0,1
13,0,0,0,0,0,0,0,0,1,0
22,10,0,0,0,0,0,1,1,0,3
12,-2,0,0,0,0,0,0,0,0,0
-6,6,0,0,0,0,0,0,0,0,1
-11,14,0,0,0,0,0,1,0,0,2
10,6,0,0,0,0,0,0,0,0,1
-8,-4,0,0,0,0,0,0,0,0,0
-16,-6,0,1,0,0,1,0,0,0,2
-5,3,0,0,0,0,0,0,0,0,1
24,-9,0,0,0,0,0,0,1,0,0
-15,-5,0,0,0,0,0,1,0,0,0
8,-11,0,0,0,0,0,0,0,0,0
-20,7,0,0,0,0,0,0,0,0,1
10,1,0,0,0,0,1,0,0,0,1
-9,-7,0,0,0,0,1,0,0,1,2
-1,5,0,0,0,0,0,0,0,0,1
-14,-7,0,0,0,0,0,0,0,0,0
10,8,0,0,0,0,0,0,0,0,1
-5,6,0,0,0,0,0,0,0,0,1
-10,6,0,0,0,0,0,0,0,0,1
3,8,0,0,0,0,0,0,0,0,1
0,-9,0,0,0,0,0,0,0,0,0
6,10,0,0,0,0,0,0,0,0,1
12,-2,0,0,0,0,0,0,1,0,0
-20,-5,0,1,0,0,0,0,0,0,0
14,2,0,0,1,0,0,0,1,1,1
-14,0,0,0,0,1,0,0,0,0,2
-15,-11,0,0,0,0,0,0,0,0,0
12,4,0,0,0,0,0,0,1,1,1
-2,8,0,0,0,0,1,0,0,1,1
5,-2,0,0,0,0,1,0,1,0,3
3,0,0,0,0,0,0,0,0,0,3
-1,3,0,0,0,0,0,0,0,0,1
2,1,0,0,0,0,0,0,0,0,1
9,5,0,0,0,0,0,0,0,0,1
1,3,1,0,0,0,0,0,1,0,1
15,-4,0,0,0,0,0,0,0,0,0
20,-4,0,0,0,0,0,0,0,0,0
-8,-6,0,1,0,0,0,0,0,0,0
8,-5,0,0,0,0,0,0,1,0,0
-1,-12,0,0,0,0,0,0,0,0,0
17,12,0,0,0,0,0,1,0,0,3
4,0,0,0,0,0,0,0,0,0,3
-18,5,0,0,0,0,0,0,0,0,1
0,-13,0,0,0,0,0,0,0,0,0
-7,1,0,0,0,0,0,0,0,0,1
-8,11,0,0,0,0,0,0,0,0,1
-7,-1,0,0,0,0,0,0,0,0,0
-17,-5,0,0,0,0,0,0,0,0,0
-2,13,1,0,0,0,0,0,0,0,1
-11,5,0,0,0,1,0,1,1,0,0
4,-1,1,0,0,0,0,0,0,0,3
11,10,1,0,0,0,0,0,0,0,1
14,8,0,0,0,0,0,0,0,0,1
-2,-10,0,0,0,0,0,0,1,0,0
-7,-15,0,1,0,0,0,0,0,0,0
10,-12,0,0,0,0,0,0,1,1,0
16,-8,0,0,0,0,0,0,0,0,0
12,-8,0,1,0,0,0,0,1,0,0
25,5,0,0,0,0,0,0,0,1,1
7,-8,0,0,0,0,0,0,0,0,0
11,-6,0,0,0,0,0,0,0,0,0
3,13,0,0,0,0,1,0,0,0,1
12,0,1,0,0,0,0,0,1,0,3
-7,7,0,0,0,0,0,0,0,0,1
12,-6,0,0,0,0,0,0,0,0,0
-15,2,0,0,0,0,0,0,0,0,1
14,-2,0,0,0,0,0,0,0,0,0
1,6,0,0,0,0,0,0,0,0,1
7,0,0,0,0,0,0,0,0,0,3
17,13,0,0,0,0,0,0,0,1,1
-7,1,0,0,0,0,0,0,0,0,1
8,-1,0,0,0,0,0,0,0,0,0
-1,2,0,0,0,0,0,0,1,0,1
-6,-5,0,0,0,0,0,0,0,0,0
-27,-3,0,0,0,1,0,0,0,0,0
13,-4,0,0,0,0,0,1,0,0,0
-13,6,0,0,0,0,0,0,0,0,1
7,1,0,0,0,0,0,0,1,0,1
-16,5,0,0,0,0,0,0,1,0,1
12,11,0,0,0,0,0,0,0,0,1
-14,9,0,0,0,0,0,0,0,1,1
-1,4,0,0,0,0,0,0,0,0,1
17,0,0,0,0,0,0,0,0,0,3
2,4,0,0,0,0,0,0,0,0,1
-4,8,0,0,0,0,0,0,0,0,1
-1,1,0,0,0,0,0,0,0,0,1
6,6,1,0,0,0,0,1,0,0,3
18,4,0,0,1,0,0,0,1,1,1
17,2,0,0,0,0,0,0,0,0,1
-10,12,1,0,0,0,0,0,0,0,1
10,1,0,0,0,0,0,0,0,0,1
-19,-5,0,0,0,0,0,0,0,0,0
11,-1,0,0,0,0,0,0,0,0,0
-12,18,1,0,0,0,0,0,0,0,1
0,-10,0,0,0,1,0,0,0,0,0
9,4,0,0,0,0,0,0,0,0,1
-3,2,0,0,0,0,0,0,0,0,1
11,-10,0,1,0,0,0,0,0,0,0
-15,1,0,0,0,0,0,0,0,0,1
-9,4,0,0,0,0,0,0,1,1,1
8,10,0,0,0,0,0,1,0,0,3
-4,13,0,0,0,0,0,0,1,0,1
10,9,0,0,0,0,0,0,0,0,1
-14,13,0,0,0,0,0,0,1,0,1
6,-1,0,0,0,0,0,0,0,0,0
-7,-1,0,0,0,0,0,0,0,0,0
3,-9,0,1,0,0,0,0,0,0,0
4,-9,0,1,0,0,0,0,0,0,0
-5,-16,0,0,0,0,0,0,0,0,0
2,0,0,0,0,0,0,0,1,1,0
-9,-5,0,0,0,0,0,0,0,0,0
15,-10,0,0,1,0,0,0,0,1,0
-1,-8,0,1,0,0,0,0,0,0,0
-5,-2,0,0,0,0,0,0,0,0,0
12,5,0,0,0,0,0,0,0,1,1
1,3,0,0,0,0,0,0,0,0,1
5,-1,0,0,0,0,0,0,0,0,0
-4,-12,0,0,0,0,0,1,0,0,0
-9,-4,0,1,0,0,1,0,0,0,2
-17,-3,0,1,0,0,0,0,0,0,0
-16,-14,0,0,0,0,0,0,0,0,0
1,3,0,0,0,0,0,0,0,0,1
3,10,0,0,0,0,0,0,0,1,1
-26,6,1,0,0,0,1,0,0,0,1
13,0,0,0,0,0,0,0,0,0,3
22,-1,0,0,0,0,0,0,1,0,0
-10,-5,0,0,0,0,0,0,0,0,0
-7,-10,0,0,0,0,0,0,0,0,0
-13,-16,0,1,0,0,1,0,1,0,3
-20,-14,0,0,0,0,0,0,0,0,0
3,4,0,0,0,0,0,0,0,0,1
16,11,0,0,0,0,0,0,0,0,1
-21,-10,0,0,0,0,0,0,0,0,0
9,-5,0,0,0,0,0,0,0,0,0
1,15,1,0,0,1,0,0,0,0,1
14,-4,0,0,0,0,1,0,0,0,3
14,6,0,0,0,0,0,0,0,0,1
8,-2,0,0,0,0,0,1,0,0,0
-6,-4,0,0,0,1,0,1,0,1,0
15,0,0,1,1,0,0,0,0,1,0
-13,0,0,0,0,0,0,0,0,0,2
18,10,1,0,0,0,0,0,1,1,1
19,-6,0,0,0,0,0,1,0,0,0
12,10,0,0,0,0,0,0,1,0,1
27,-2,0,0,0,0,0,0,0,1,0
7,-7,0,0,0,0,0,0,0,0,0
11,-5,0,0,0,0,0,0,1,1,0
-15,-10,0,0,0,0,0,0,0,1,0
5,1,0,0,0,0,1,1,0,0,3
13,2,0,0,0,0,0,1,0,0,3
11,9,0,0,0,0,0,0,0,0,1
-19,3,0,0,0,0,0,0,0,0,1
-21,5,0,0,0,0,0,0,0,0,1
15,-5,0,0,0,0,0,0,0,0,0
6,8,0,0,0,0,0,0,0,0,1
27,-1,0,0,0,0,0,0,0,0,0
-7,-4,0,0,0,0,0,0,0,0,0
-9,-10,0,0,0,0,0,0,0,0,0
18,7,0,0,0,0,1,0,0,0,1
-8,-10,0,0,0,0,1,0,0,0,2
4,2,0,0,1,0,0,0,0,0,1
15,7,0,0,0,0,0,0,1,0,1
1,-4,0,0,0,0,0,1,0,0,0
-1,12,0,0,0,0,0,0,0,0,1
-5,1,0,0,0,0,0,0,0,0,1
-10,7,1,0,0,0,0,0,0,0,1
2,-3,0,0,0,0,1,0,0,0,3
13,0,0,0,0,0,0,0,1,0,3
-5,9,0,0,0,0,0,0,0,0,1
-17,-4,0,0,0,0,0,0,0,0,0
3,-9,0,0,0,0,0,0,0,0,0
22,-6,0,1,0,0,0,0,0,0,0
0,4,1,0,0,0,0,0,0,0,1
13,4,0,0,0,0,0,0,1,0,1
-2,8,0,0,0,0,0,0,0,0,1
13,7,0,0,0,0,0,0,0,0,1
9,-4,0,0,0,0,0,0,0,0,0
0,2,0,0,0,0,0,0,0,1,1
-17,-2,0,0,0,0,0,0,0,0,0
16,-2,0,0,0,0,0,0,1,1,0
-4,11,0,0,0,0,0,0,0,0,1
-3,7,0,0,0,0,0,1,0,0,2
4,0,0,0,0,0,0,0,0,0,3
12,1,0,0,1,0,0,0,0,0,1
-16,4,0,0,0,0,0,0,0,0,1
5,-3,0,0,0,0,0,0,0,0,0
-12,7,0,0,0,0,0,0,0,0,1
14,7,0,0,0,0,0,0,1,0,1
17,-1,0,0,0,0,0,0,0,0,0
-6,-7,0,0,0,0,0,0,0,1,0
-7,-3,0,0,0,0,0,1,0,0,0
-10,7,0,0,0,0,0,0,0,0,1
-10,-2,0,0,0,0,0,0,0,0,0
10,8,0,0,0,0,0,1,0,0,3
-15,-5,0,0,0,0,0,0,0,0,0
0,1,0,0,0,0,0,0,0,0,1
1,14,0,0,0,0,0,0,0,0,1
2,-3,0,0,0,0,0,0,0,0,0
-25,1,0,0,0,0,0,0,0,0,1
-4,7,0,0,0,0,1,1,0,0,2
-4,-5,0,1,0,0,1,0,0,0,2
-24,5,0,0,0,0,0,0,0,0,1
0,-10,0,0,0,0,0,0,0,0,0
3,-14,0,0,0,0,0,0,0,0,0
11,7,0,0,0,0,0,0,0,0,1
0,-6,0,0,0,0,0,0,0,0,0
-4,-4,0,0,0,0,0,0,0,0,0
8,-11,0,0,1,0,0,0,0,0,0
4,1,0,0,0,0,0,0,0,0,1
-14,7,0,0,0,0,0,0,0,0,1
-13,-1,0,1,0,0,0,0,0,0,0
-2,0,0,0,0,0,0,0,0,0,2
-3,3,0,0,0,0,0,1,1,0,0
-4,-15,0,0,0,0,0,0,0,1,0
14,10,0,0,0,0,0,0,0,0,1
7,2,0,0,0,0,0,0,0,0,1
-16,-13,0,0,0,0,1,0,0,0,2
-8,-4,0,0,0,0,0,0,0,0,0
-17,7,1,0,0,0,1,0,0,0,1
7,5,0,0,0,0,0,0,0,0,1
-14,-6,0,0,0,0,0,0,0,0,0
-26,-9,0,0,0,1,0,0,0,0,0
11,-6,0,0,0,0,0,0,1,0,0
-26,-5,0,0,0,0,0,0,1,0,0
4,-5,0,0,0,0,0,0,0,1,0
-5,-2,0,0,0,0,0,0,0,0,0
18,-14,0,0,0,0,0,0,0,0,0
-2,-5,0,0,0,1,1,0,0,0,2
11,-9,0,0,0,0,0,0,0,1,0
-7,-16,0,1,0,0,0,0,0,0,0
2,-8,0,0,0,0,0,0,0,0,0
-2,4,0,0,0,0,0,0,0,0,1
14,-5,0,0,0,0,0,0,0,0,0
3,13,1,0,0,0,0,0,0,0,1
2,2,1,0,0,0,0,0,1,0,1
3,14,0,0,0,0,1,0,0,0,1
6,0,0,0,0,0,0,1,0,1,0
-3,5,0,0,0,0,0,0,0,0,1
-21,6,0,0,0,0,0,0,0,0,1
-20,-13,0,0,0,0,0,1,1,0,0
-2,-7,0,0,0,0,1,0,0,0,2
-4,10,0,0,0,0,0,0,0,0,1
12,-6,0,0,0,0,0,0,0,0,0
0,-12,0,0,0,0,0,0,0,0,0
8,-8,0,0,0,0,0,0,0,0,0
7,-4,0,0,0,0,0,0,0,0,0
17,6,0,0,0,0,0,0,0,0,1
-17,-3,0,0,0,0,0,0,0,0,0
7,-10,0,0,0,0,0,0,1,0,0
6,0,0,0,0,0,0,0,0,0,3
-4,-5,0,0,0,1,0,0,0,0,0
7,7,0,0,0,0,0,0,0,0,1
9,12,0,0,0,0,0,0,0,1,1
16,-8,0,0,0,0,0,0,0,0,0
-17,-1,0,0,0,0,0,0,0,0,0
0,-1,0,0,0,0,0,0,0,0,0
-5,-1,0,0,0,0,0,0,0,0,0
1,4,0,0,0,0,0,0,1,0,1
-12,-9,0,0,0,0,0,0,0,0,0
5,4,0,0,0,0,0,1,0,0,3
-5,0,0,0,0,0,0,0,0,0,2
-26,6,0,0,0,1,1,0,0,0,1
5,-5,0,0,0,0,0,0,0,0,0
-12,9,0,0,0,0,0,0,0,0,1
23,9,0,0,0,0,0,0,0,0,1
-8,-5,0,0,0,0,0,0,0,1,0
-20,1,0,0,0,0,0,0,0,0,1
-8,11,0,0,0,0,0,1,0,1,2
-12,11,0,0,0,0,0,0,0,1,1
1,-16,0,0,0,0,1,0,0,1,1
-3,-5,0,0,0,0,0,0,1,0,0
23,1,0,0,1,0,0,0,0,0,1
3,-17,0,0,0,0,0,0,0,0,0
19,-8,0,0,0,0,0,0,0,0,0
-12,-9,0,0,0,1,0,0,0,0,0
-5,-2,0,0,0,0,0,0,0,0,0
9,13,0,0,0,0,0,0,0,0,1
2,2,0,0,0,0,0,0,0,0,1
16,1,1,0,0,0,0,0,1,0,1
1,11,1,0,0,0,1,0,0,0,1
26,-2,0,0,0,0,0,0,0,0,0
6,3,0,0,0,0,0,1,0,0,3
-7,-1,0,0,0,0,0,0,0,0,0
-16,5,0,0,0,0,0,0,0,0,1
-1,-2,0,0,0,0,0,0,0,0,0
15,3,1,0,0,0,0,0,0,0,1
-11,-14,0,0,0,0,0,0,1,0,0
8,-6,0,0,0,0,0,0,0,0,0
-3,6,0,0,0,0,1,1,0,1,2
-12,3,0,0,0,0,0,0,0,0,1
10,-1,1,0,0,0,0,0,0,0,3
-6,1,0,1,0,0,0,0,1,1,0
-6,-5,0,0,0,0,0,0,1,1,0
-2,6,0,0,0,0,0,0,0,0,1
25,9,0,0,0,0,0,0,1,1,1
-2,9,0,0,0,0,0,1,0,0,2
0,-5,0,0,1,0,1,0,0,0,1
22,-6,0,0,0,0,0,0,0,0,0
-9,-15,0,0,0,1,0,0,0,0,0
-24,-2,0,0,0,0,0,0,0,0,0
20,6,0,0,0,0,1,0,0,0,1
-1,4,0,0,0,0,0,0,0,0,1
0,-3,0,0,0,0,0,0,0,0,0
-5,1,0,0,0,0,0,1,0,0,2
3,16,1,0,0,0,0,0,0,0,1
-18,-1,0,0,0,0,0,0,0,0,0
5,7,0,0,0,0,0,0,0,0,1
25,-16,0,0,0,0,0,0,0,0,0
4,-2,0,0,0,0,0,0,0,0,0
22,-12,0,0,0,0,0,0,0,0,0
-8,-10,0,0,0,0,0,0,1,1,0
9,7,0,0,0,0,0,0,0,0,1
11,-13,0,0,1,0,0,0,0,1,0
3,-11,0,0,0,0,0,0,0,0,0
-3,0,0,0,0,0,0,1,0,0,2
-18,0,0,0,0,0,0,0,0,0,2
-6,7,0,0,0,0,0,0,0,0,1
-1,-5,0,0,0,0,0,0,0,0,0
1,1,0,0,0,0,0,0,0,1,1
-26,-7,0,0,0,0,1,0,0,0,2
-3,1,0,0,0,0,0,0,0,0,1
-15,5,0,0,0,0,0,0,0,0,1
-11,10,1,0,0,0,0,0,0,0,1
11,6,0,0,0,0,0,0,0,0,1
-4,-15,0,1,0,0,0,0,0,0,0
16,-15,0,0,1,0,0,0,0,0,0
7,0,0,0,0,0,0,0,0,1,0
20,7,0,0,0,0,0,0,0,0,1
0,10,0,0,0,0,0,0,0,0,1
15,12,0,0,0,0,0,0,0,1,1
-23,-3,0,0,0,0,0,1,0,0,0
-2,-16,0,0,0,0,0,0,0,0,0
-6,-18,0,1,0,0,0,0,0,0,0
-14,-7,0,0,0,0,0,0,0,0,0
-5,-6,0,0,0,1,0,0,0,0,0
2,10,0,0,0,0,0,0,0,0,1
12,-11,0,0,0,0,0,0,0,0,0
-1,5,0,0,0,0,0,0,0,0,1
10,-1,0,0,0,0,0,0,0,0,0
5,6,0,0,0,0,0,0,0,0,1
5,-5,0,0,0,0,0,0,0,0,0
3,10,0,0,0,0,0,0,0,1,1
8,-2,0,0,0,0,0,0,0,0,0
-10,1,0,0,0,0,0,0,0,0,1
10,-5,0,0,0,0,0,0,0,0,0
-10,0,0,0,0,0,0,0,0,0,2
-5,-9,0,0,0,0,1,0,0,0,2
7,-1,0,0,0,0,0,0,0,0,0
-1,-4,0,0,0,0,0,0,0,0,0
4,14,0,0,0,0,0,0,0,0,1
7,1,0,0,0,0,0,1,0,1,0
-7,12,0,0,0,0,0,1,0,0,2
8,-18,0,1,0,0,0,0,1,0,0
9,10,1,0,1,0,0,1,0,0,3
25,-18,0,1,1,0,0,0,0,0,0
-5,-3,0,0,0,1,0,0,1,0,0
-15,-9,0,0,0,0,0,0,0,0,0
-15,2,0,0,0,0,0,0,0,0,1
-12,-5,0,0,0,0,1,0,0,0,2
-6,1,0,0,0,0,0,0,0,0,1
3,5,0,0,0,0,1,0,0,0,1
-1,-4,0,0,0,0,0,0,0,0,0
18,-3,0,0,0,0,0,0,0,0,0
7,6,0,0,0,0,0,0,0,0,1
2,-13,0,0,0,0,0,0,0,0,0
3,-1,0,0,0,0,1,0,0,0,3
-8,-13,0,0,0,0,0,0,0,0,0
14,2,1,0,0,0,0,0,0,0,1
13,-2,0,0,0,0,0,0,0,0,0
0,-9,0,0,0,0,0,0,0,0,0
7,-1,0,0,0,0,0,0,0,0,0
1,11,0,0,0,0,0,0,1,0,1
11,11,1,0,0,0,0,0,0,0,1
-6,7,0,0,0,0,0,0,0,0,1
-2,-10,0,0,0,0,0,0,0,1,0
23,1,0,0,0,0,0,0,0,0,1
-3,14,0,0,0,0,0,0,0,0,1
7,4,0,0,0,0,0,0,0,1,1
6,11,0,0,0,0,0,0,0,0,1
5,-7,0,0,0,0,0,0,0,0,0
6,6,0,0,0,0,0,0,0,0,1
2,12,1,0,0,0,0,0,0,0,1
12,-2,0,0,0,0,0,0,0,0,0
4,6,0,0,1,0,0,0,0,1,1
1,11,0,0,0,0,0,0,0,0,1
20,-5,0,0,0,0,0,0,0,0,0
-4,8,0,0,0,0,0,0,0,0,1
3,2,0,0,0,0,0,0,0,0,1
-20,-15,0,0,0,0,0,0,1,0,0
13,-3,0,1,0,0,0,0,0,0,0
4,-5,0,0,0,0,0,0,0,0,0
9,-12,0,0,0,0,0,0,0,0,0
-1,-10,0,0,0,0,0,0,0,0,0
-10,9,0,0,0,0,0,0,0,1,1
11,3,0,0,0,0,0,1,0,0,3
7,-4,0,0,0,0,0,0,0,0,0
12,5,0,0,0,0,0,0,0,0,1
25,-9,0,0,0,0,0,0,1,0,0
-9,10,0,0,0,0,1,0,0,1,1
0,-5,0,0,0,0,0,0,0,0,0
16,10,0,0,1,0,0,0,0,0,1
7,10,0,0,0,0,0,0,0,0,1
2,1,0,0,0,0,0,0,0,0,1
-8,3,0,0,0,0,0,0,0,0,1
-1,-6,0,0,0,0,0,0,0,0,0
11,8,1,0,0,0,0,0,0,1,1
2,1,0,0,0,0,0,0,0,0,1
-27,9,0,0,0,0,1,1,0,0,2
-23,7,0,0,0,0,0,0,0,0,1
-12,-11,0,0,0,0,0,0,0,0,0
-2,8,0,0,0,0,0,0,0,0,1
-21,-1,0,0,0,0,0,0,1,0,0
-23,-8,0,0,0,0,1,0,0,1,2
-16,-14,0,0,0,0,1,0,0,0,2
-2,11,0,0,0,0,0,0,0,0,1
-5,-8,0,0,0,0,0,0,0,0,0
-5,-11,0,0,0,0,0,1,1,0,0
2,15,0,0,0,0,0,0,0,1,1
-14,-6,0,0,0,0,0,0,1,0,0
2,-18,0,1,0,0,0,0,0,0,0
4,2,0,0,0,0,0,0,0,1,1
13,-8,0,0,0,0,0,0,0,0,0
3,5,0,0,0,0,0,0,1,0,1
-20,8,0,0,0,0,0,0,0,0,1
-4,-14,0,0,0,0,1,1,0,0,2
-7,-1,0,0,0,0,0,0,0,0,0
13,-12,0,1,0,0,0,1,0,0,0
-16,-7,0,0,0,0,0,1,0,0,0
-19,-3,0,0,0,0,0,0,0,0,0
20,-10,0,0,0,0,0,0,0,0,0
-14,-9,0,1,0,0,0,0,0,0,0
4,-4,0,0,0,0,0,0,1,0,0
11,-8,0,0,0,0,0,0,0,1,0
-13,2,0,0,0,0,1,0,0,0,1
-8,6,0,0,0,0,0,0,0,0,1
8,18,1,0,0,0,0,0,0,0,1
12,1,0,0,0,0,0,1,1,0,3
9,17,0,0,0,0,0,0,0,0,1
16,5,0,0,0,0,0,0,0,0,1
-4,4,0,0,0,0,0,0,1,0,1
-9,7,0,0,0,1,0,0,0,0,1
6,8,0,0,1,0,0,0,0,0,1
2,4,0,0,0,0,0,1,0,0,3
-10,9,0,0,0,0,0,0,0,1,1
-6,-6,0,0,0,0,0,0,0,0,0
11,-2,0,0,0,0,0,0,0,1,0
-10,5,0,0,0,0,0,0,0,0,1
11,-6,0,0,0,0,0,0,1,1,0
6,5,0,0,0,0,0,0,0,0,1
3,4,0,0,0,0,0,0,0,0,1
20,-2,0,0,0,0,0,0,0,0,0
-14,-2,0,0,0,0,0,0,0,1,0
23,-1,0,0,0,0,0,0,1,0,0
5,9,0,0,1,0,0,0,0,0,1
-10,6,0,0,0,0,1,0,1,0,1
-15,0,0,0,0,0,0,0,0,0,2
-5,12,1,0,0,0,0,0,0,0,1
17,-14,0,1,0,0,0,0,0,1,0
25,-2,0,0,0,0,1,1,0,0,3
12,8,0,0,0,0,0,0,0,0,1
-5,-1,0,0,0,0,0,0,0,0,0
-3,3,0,0,0,0,1,0,0,0,1
-12,-2,0,0,0,0,1,0,0,0,2
2,-8,0,0,0,0,0,1,0,0,0
15,-1,0,0,0,0,0,0,0,0,0
26,-12,0,1,1,0,0,0,0,0,0
6,-5,0,0,0,0,0,1,0,0,0
3,10,0,0,0,0,0,0,0,1,1
1,-4,0,0,0,0,0,0,0,0,0
5,3,0,0,0,0,0,1,0,0,3
12,-1,0,0,0,0,0,0,0,0,0
10,-1,0,0,1,0,0,1,0,0,0
-17,3,0,0,0,0,0,0,1,0,1
-24,-2,0,0,0,0,0,0,0,1,0
-11,-10,0,0,0,0,0,0,1,0,0
3,-1,0,1,0,0,1,0,0,0,3
7,-13,0,0,0,0,0,0,0,1,0
-15,0,0,0,0,0,1,0,0,1,2
7,4,0,0,0,0,0,0,0,0,1
13,1,0,0,0,0,0,0,0,0,1
9,-2,0,1,1,0,1,0,0,0,3
0,0,0,0,0,0,0,0,0,0,0
5,-3,0,0,0,0,0,0,0,0,0
9,1,0,0,0,0,0,0,0,0,1
9,15,0,0,0,0,0,0,0,0,1
2,-4,0,0,0,0,0,0,1,0,0
-7,10,0,0,0,0,0,0,0,0,1
13,-5,0,0,0,0,0,1,0,0,0
-10,6,0,0,0,0,0,0,0,1,1
-15,9,0,0,0,0,0,0,0,0,1
-10,-9,0,0,0,0,0,0,1,0,0
-6,-1,0,0,0,0,0,0,1,0,0
5,6,0,0,1,0,0,0,0,0,1
6,-17,0,1,0,0,0,0,0,0,0
9,6,0,0,0,0,0,0,0,0,1
-14,-5,0,0,0,0,1,0,0,0,2
2,16,0,0,0,0,0,0,0,0,1
2,14,0,0,0,0,0,0,0,0,1
-17,-10,0,0,0,0,1,0,0,1,2
5,-3,0,0,0,0,0,0,0,1,0
-9,3,0,0,0,0,0,0,1,0,1
-23,6,0,0,0,0,0,0,0,0,1
-4,-15,0,1,0,0,0,0,0,0,0
-8,-11,0,1,0,0,0,0,0,0,0
21,-8,0,0,0,0,0,0,0,0,0
4,1,0,0,0,0,1,0,0,1,1
-9,15,1,0,0,0,0,0,0,0,1
7,-3,0,0,0,0,0,0,0,0,0
-19,4,0,0,0,0,1,0,0,0,1
-17,-5,0,0,0,0,0,0,0,0,0
8,0,0,0,1,0,0,0,0,0,3
8,9,0,0,0,0,0,0,0,0,1
-8,0,0,0,0,0,0,1,0,0,2
7,-13,0,0,0,0,0,0,0,0,0
5,15,0,0,0,0,1,0,0,0,1
-7,-2,0,0,0,0,0,0,0,0,0
5,6,0,0,0,0,0,0,0,0,1
5,5,0,0,0,0,0,0,0,0,1
-5,1,1,0,0,0,1,0,0,1,1
-18,6,0,0,0,0,0,0,0,0,1
1,-3,0,0,0,0,0,0,0,0,0
-2,17,1,0,0,0,0,0,0,0,1
21,4,0,0,1,0,0,0,0,0,1
23,17,1,0,1,0,0,0,0,0,1
21,-8,0,1,0,0,0,0,0,0,0
1,8,0,0,0,0,0,0,0,0,1
2,10,0,0,0,0,0,1,0,0,3
7,1,0,0,0,0,0,0,1,0,1
-24,-17,0,1,0,0,0,0,0,0,0
-8,-1,0,0,0,0,1,0,0,0,2
-8,-8,0,0,0,0,0,0,0,0,0
-21,4,0,0,0,0,0,0,0,0,1
19,-3,0,0,0,0,0,0,0,0,0
3,7,0,0,0,0,0,1,0,0,3
18,16,0,0,1,0,0,0,1,0,1
2,-10,0,0,0,0,1,0,1,1,1
6,10,1,0,0,0,0,0,0,0,1
-2,11,1,0,0,0,0,1,0,0,2
8,9,0,0,0,0,0,0,0,0,1
-13,-13,0,0,0,0,0,0,0,0,0
0,-4,0,0,0,0,0,0,1,0,0
-10,1,0,0,0,0,0,0,0,0,1
18,3,0,0,0,0,0,0,1,0,1
-23,6,0,0,0,0,1,0,0,0,1
7,-2,0,0,0,0,0,0,0,1,0
-7,-1,0,0,0,0,1,0,0,0,2
12,3,0,0,0,0,0,0,0,0,1
-22,11,0,0,0,0,0,0,0,0,1
10,-15,0,0,0,0,0,1,0,0,0
2,-9,0,0,0,0,0,0,0,0,0
12,-6,0,0,0,0,0,0,0,0,0
-2,13,0,0,0,0,0,0,0,0,1
-2,4,1,0,0,0,0,0,0,0,1
-4,-6,0,0,0,0,0,0,0,0,0
9,8,0,0,0,0,0,1,0,1,0
-2,-6,0,0,0,0,0,0,0,0,0
2,14,1,0,0,0,0,0,0,0,1
10,6,0,0,0,0,1,0,0,0,1
-2,11,0,0,0,0,0,0,0,0,1
-4,6,0,0,0,0,0,0,1,1,1
-20,1,0,0,0,0,0,0,0,0,1
0,3,0,0,0,0,0,0,0,0,1
7,-4,0,0,0,0,0,0,0,0,0
-8,-9,0,0,0,0,0,0,0,0,0
17,-5,0,0,0,0,0,0,0,0,0
0,-11,0,0,0,0,0,0,0,0,0
25,1,0,0,0,0,1,0,0,0,1
-6,5,0,0,0,0,0,0,0,0,1
14,-2,0,0,0,0,1,0,0,0,3
-11,8,0,0,0,0,1,0,0,0,1
11,3,0,0,0,0,0,0,0,0,1
8,-1,0,0,0,0,0,0,1,0,0
16,0,0,0,0,0,0,0,0,0,3
15,-10,0,0,0,0,1,0,0,0,3
16,-11,0,0,0,0,0,0,0,1,0
0,-1,0,0,0,0,0,0,0,0,0
8,-2,0,0,0,0,0,1,0,0,0
-22,4,0,0,0,0,0,0,1,0,1
4,-1,0,0,0,0,1,1,0,0,3
-8,-4,0,0,0,0,0,0,0,0,0
16,-5,0,0,0,0,0,1,0,0,0
-2,11,0,0,0,0,0,0,0,0,1
7,-9,0,0,0,0,0,0,0,0,0
26,9,0,0,1,0,0,0,0,1,1
-10,12,0,0,0,0,0,0,0,0,1
-9,-1,0,0,0,0,1,0,1,0,1
-13,7,0,0,0,0,1,0,0,0,1
-22,-14,0,0,0,0,0,1,0,1,0
-8,4,0,0,0,0,0,0,0,0,1
2,-13,0,0,0,0,0,0,0,0,0
-16,-11,0,0,0,0,0,0,0,0,0
23,-7,0,0,0,0,0,0,0,0,0
-5,-11,0,0,0,0,0,0,0,0,0
-7,-9,0,0,0,0,0,0,0,0,0
-7,-14,0,0,0,0,0,0,0,0,0
-20,4,0,0,0,0,0,1,0,0,2
3,-9,0,0,0,0,0,0,0,0,0
5,13,0,0,0,0,0,0,0,0,1
3,9,0,0,0,0,0,0,0,1,1
-3,-1,0,0,0,0,0,0,0,0,0
11,-3,0,0,0,0,0,0,0,1,0
-3,1,0,1,0,0,0,0,0,0,2
9,1,0,0,0,0,0,0,0,0,1
-22,0,0,0,0,0,0,0,0,1,2
-8,-12,0,0,0,0,0,0,0,0,0
16,4,0,0,0,0,0,0,0,0,1
-11,7,0,0,0,0,0,0,0,0,1
0,2,0,0,0,0,1,0,1,0,1
7,-3,0,0,0,0,0,1,0,0,0
9,-5,0,0,0,0,0,0,0,0,0
-20,6,1,0,0,0,0,0,0,0,1
-16,15,0,0,0,0,0,0,0,0,1
3,0,0,0,0,0,0,0,0,0,3
-18,-3,0,0,0,0,1,0,0,0,2
-7,10,0,0,0,0,0,0,0,1,1
8,-8,0,0,0,0,0,0,0,0,0
12,0,0,0,0,0,0,0,0,0,3
-16,0,0,0,0,0,1,0,0,0,2
2,9,0,0,0,0,1,0,1,0,1
-20,5,0,0,0,0,0,1,0,0,2
-14,-6,0,0,0,0,0,0,0,0,0
5,-8,0,0,0,0,0,0,0,0,0
-8,-5,0,1,0,0,0,0,0,0,0
1,-6,0,0,0,0,0,0,0,1,0
14,-5,0,0,0,0,0,0,0,0,0
-9,6,0,0,0,1,0,0,0,0,1
-17,-12,0,0,0,0,0,0,0,0,0
-6,3,0,0,0,0,0,0,0,0,1
-14,1,0,0,0,0,0,0,0,0,1
-15,-1,0,0,0,1,0,0,0,1,0
9,3,0,0,0,0,0,0,0,0,1
-11,7,1,0,0,0,0,0,0,0,1
-20,11,0,0,0,1,0,0,0,0,1
-11,-18,0,1,0,0,0,1,0,0,0
-11,1,0,0,0,0,0,0,0,0,1
9,-4,0,0,0,0,0,0,0,0,0
-8,-5,0,0,0,0,0,0,0,0,0
0,5,0,0,0,0,0,0,1,0,1
26,6,0,0,0,0,0,0,0,0,1
-11,0,0,0,0,0,0,0,0,0,2
-23,-11,0,0,0,0,0,1,0,0,0
8,-7,0,0,0,0,0,0,0,0,0
25,-5,0,0,0,0,0,0,0,0,0
-3,-2,0,0,0,0,0,0,0,0,0
-1,3,0,0,1,0,0,0,0,1,1
-14,-3,0,0,0,0,0,0,0,0,0
-19,7,0,0,0,0,0,0,0,1,1
-4,-8,0,0,0,0,0,0,0,1,0
-14,18,1,0,0,0,0,0,0,1,1
5,-2,0,0,0,0,1,0,0,0,3
2,10,0,0,0,0,0,0,0,0,1
-20,-13,0,1,0,0,0,0,0,0,0
-1,-8,0,0,0,0,0,0,0,0,0
12,-11,0,0,0,0,0,0,0,0,0
-4,-2,0,0,0,0,0,0,0,0,0
-3,9,0,0,0,0,0,0,0,1,1
4,-6,0,0,0,0,1,0,0,0,3
-16,-12,0,0,0,0,0,1,1,0,0
5,1,0,0,0,0,0,0,0,1,1
28,-18,0,1,1,0,0,0,0,0,0
-7,9,0,0,0,0,0,0,0,0,1
20,-12,0,0,0,0,0,0,0,0,0
4,-5,0,0,0,0,0,0,0,1,0
16,-1,0,0,0,0,0,0,1,0,0
13,-17,0,0,0,0,0,0,0,0,0
-3,8,0,0,0,0,1,0,0,1,1
-6,15,1,0,0,0,0,0,0,0,1
-6,1,0,0,0,0,0,0,0,0,1
1,7,0,0,0,0,0,1,0,0,3
0,1,0,1,0,0,1,0,0,0,2
5,-9,0,0,0,0,0,0,0,0,0
9,12,0,0,0,0,0,0,0,1,1
-2,-11,0,0,0,0,0,0,0,0,0
-14,5,0,0,0,0,0,0,0,0,1
-12,10,0,0,0,0,0,0,0,0,1
15,10,0,0,0,0,0,0,0,0,1
-7,-7,0,0,0,0,0,0,0,1,0
11,-3,0,0,0,0,1,0,0,0,3
4,2,1,0,0,0,1,0,0,0,1
-12,-6,0,0,0,0,0,0,0,0,0
-17,-1,0,0,0,0,0,0,0,0,0
-2,-8,0,0,0,0,0,0,0,0,0
4,-17,0,0,0,0,1,0,0,0,3
-1,-6,0,0,0,0,0,0,0,1,0
-9,-1,0,0,0,0,0,0,0,0,0
8,-1,0,0,0,0,0,1,0,0,0
-14,3,0,0,0,1,0,1,0,0,2
8,6,1,0,0,0,0,0,0,0,1
3,-4,0,0,0,0,0,0,0,0,0
18,14,1,0,0,0,0,0,0,0,1
10,-9,0,0,0,0,0,0,0,1,0
-3,-2,0,0,0,0,1,0,1,0,1
17,-6,0,0,0,0,0,0,1,0,0
7,-9,0,0,0,0,0,1,0,0,0
2,-2,0,0,0,0,0,0,0,0,0
4,-10,0,0,1,0,0,0,0,1,0
-15,-4,0,0,0,0,0,0,0,0,0
4,-15,0,0,0,0,0,0,0,0,0
22,6,0,0,0,0,0,0,0,0,1
-20,7,0,0,0,0,1,0,1,1,1
4,0,0,0,1,0,0,0,1,1,0
-7,-5,0,0,0,0,0,0,0,0,0
3,3,0,0,0,0,0,0,0,0,1
-21,-7,0,0,0,1,0,0,1,0,0
1,-4,0,0,0,0,0,1,0,0,0
-4,9,0,0,0,0,0,0,0,1,1
25,9,1,0,0,0,0,1,0,0,3
-3,-6,0,0,0,0,0,0,0,0,0
-23,-12,0,0,0,0,0,0,0,0,0
-9,0,0,0,0,0,0,0,1,0,0
-3,3,0,0,0,0,0,0,0,0,1
24,16,0,0,1,0,1,0,0,0,1
-14,-4,0,0,0,0,0,0,0,0,0
-1,12,0,0,0,0,0,0,0,0,1
22,7,0,0,1,0,0,0,0,0,1
-12,4,0,0,0,0,0,0,1,1,1
8,11,0,0,0,0,0,0,0,0,1
9,-10,0,0,0,0,0,0,0,0,0
-1,-14,0,0,0,0,0,0,0,0,0
-1,-3,0,0,0,0,0,0,0,1,0
17,-1,0,0,0,0,0,0,0,0,0
-10,-5,0,0,0,0,0,0,0,0,0
-3,12,0,0,0,0,0,0,1,0,1
6,-6,0,0,0,0,0,0,0,0,0
-5,-5,0,1,0,0,0,0,0,0,0
-21,9,0,0,0,0,0,0,1,0,1
-15,12,0,0,0,0,0,0,0,0,1
7,17,1,0,0,0,0,0,0,0,1
27,0,0,0,1,0,0,0,0,0,3
1,8,0,0,0,0,0,0,0,0,1
0,3,0,0,0,0,1,0,0,0,1
3,-15,0,0,0,0,0,0,1,1,0
18,-5,0,0,0,0,0,0,0,0,0
4,-2,0,0,0,0,1,0,0,0,3
18,-6,0,0,0,0,0,0,0,0,0
16,-4,0,0,0,0,1,1,0,0,3
-24,6,0,0,0,1,0,0,0,0,1
-3,12,0,0,0,0,0,1,0,0,2
3,1,0,0,1,0,0,0,0,0,1
-2,-1,0,0,0,0,0,0,0,0,0
-8,7,0,0,0,0,0,0,0,0,1
-14,-16,0,1,0,0,0,0,0,0,0
-21,-1,0,0,0,1,0,0,0,0,0
-10,5,0,0,0,0,0,0,0,0,1
15,-7,0,1,0,0,0,0,0,0,0
-8,5,0,0,0,0,0,1,1,0,0
-4,-2,0,0,0,0,1,0,0,0,2
4,-17,0,0,0,0,0,0,0,0,0
11,2,0,0,0,0,0,0,0,0,1
0,-6,0,0,0,0,0,0,0,0,0
10,2,0,0,0,0,0,0,1,0,1
9,-5,0,0,0,0,0,0,0,0,0
5,-14,0,0,0,0,0,0,0,0,0
-6,7,0,0,0,0,1,0,0,0,1
-17,-9,0,0,0,0,0,0,0,0,0
-5,4,0,0,0,0,0,0,0,0,1
4,1,0,0,0,0,0,0,0,1,1
14,-8,0,0,1,0,0,0,0,0,0
-17,8,0,0,0,0,0,0,0,0,1
-16,3,0,0,0,0,0,0,0,0,1
18,1,0,0,0,0,0,0,0,0,1
13,-2,0,0,0,0,0,0,0,0,0
13,7,0,0,0,0,0,0,0,0,1
-23,-13,0,1,0,0,0,0,0,0,0
8,9,0,0,0,0,0,0,0,0,1
-17,-11,0,0,0,0,0,0,0,0,0
-5,2,0,0,0,0,0,0,0,0,1
1,-8,0,0,0,0,0,0,0,0,0
-4,-14,0,0,0,0,0,0,0,0,0
-12,-11,0,0,0,1,1,0,1,0,1
-6,2,0,0,0,0,0,0,0,0,1
-14,3,0,0,0,1,0,0,1,0,1
17,-8,0,0,1,0,0,0,1,0,0
6,11,0,0,0,0,0,0,0,0,1
15,2,0,0,0,0,0,0,0,1,1
18,3,0,0,0,0,1,0,0,0,1
0,2,0,0,0,0,0,0,0,1,1
6,-2,0,0,0,0,0,0,1,0,0
14,5,0,0,0,0,0,0,0,0,1
0,8,0,0,0,0,0,0,0,0,1
5,-7,0,0,0,0,0,0,0,0,0
5,5,0,0,0,0,0,0,0,0,1
-19,-14,0,1,0,0,0,0,0,0,0
-16,-10,0,0,0,0,0,0,0,0,0
-20,-6,0,0,0,0,0,0,1,1,0
-7,0,0,0,0,0,0,0,0,0,2
15,-14,0,1,0,0,1,0,0,0,3
-5,1,0,0,0,0,0,0,0,0,1
5,-10,0,0,0,0,0,0,0,0,0
15,10,0,0,0,0,0,0,0,0,1
17,-7,0,0,0,0,0,0,0,1,0
4,5,0,0,0,0,1,0,0,0,1
12,2,0,0,0,0,0,1,0,0,3
19,-2,0,0,0,0,0,0,0,0,0
-6,6,0,0,0,0,0,0,0,0,1
-13,-9,0,0,0,0,0,0,0,0,0
7,0,0,0,0,0,0,0,0,1,0
11,5,0,0,0,0,0,0,0,0,1
-14,0,0,0,0,0,0,0,0,0,2
-6,-14,0,1,0,0,1,0,0,0,2
14,-2,0,0,0,0,0,0,1,0,0
12,11,0,0,0,0,0,0,0,0,1
12,13,0,0,0,0,0,1,1,0,3
0,3,0,0,0,0,0,1,0,0,0
15,5,0,0,0,0,0,0,0,0,1
-5,5,0,0,0,0,0,0,0,0,1
8,12,0,0,0,0,0,0,0,0,1
0,-7,0,0,0,0,0,1,0,0,0
-4,14,1,0,0,0,0,1,0,0,2
0,-2,0,0,0,0,0,0,0,0,0
6,8,0,0,0,0,0,0,0,0,1
-24,9,0,0,0,1,0,0,0,0,1
-15,-10,0,0,0,0,0,0,0,0,0
8,5,1,0,0,0,0,1,0,0,3
-7,-8,0,0,0,0,0,0,0,0,0
0,6,0,0,0,0,0,0,0,0,1
-2,-10,0,0,0,0,0,0,0,0,0
-6,8,0,0,0,0,0,0,0,0,1
8,9,0,0,0,0,0,0,0,0,1
-5,-6,0,0,0,0,0,0,0,0,0
15,-5,0,0,0,0,0,0,0,0,0
-1,0,0,0,0,0,0,0,0,0,2
-2,7,0,0,0,0,0,1,0,0,2
-16,5,0,0,0,0,0,0,1,0,1
-2,5,0,0,0,0,0,0,0,0,1
3,2,0,0,0,0,0,0,0,0,1
16,-18,0,1,0,0,0,0,0,0,0
8,-7,0,1,0,0,0,1,0,0,0
9,-2,0,0,0,0,0,0,0,1,0
2,-4,0,0,0,0,0,0,0,0,0
11,-5,0,0,0,0,0,0,0,0,0
-7,-7,0,0,0,0,0,0,1,0,0
-14,-4,0,0,0,0,0,0,0,0,0
3,-9,0,0,0,0,0,0,0,0,0
-15,10,0,0,0,0,0,0,0,0,1
11,5,0,0,1,0,1,0,1,0,1
-13,11,0,0,0,0,0,0,0,0,1
-3,9,0,0,0,0,0,0,0,0,1
-20,6,0,0,0,0,0,0,0,0,1
-11,-5,0,0,0,0,0,0,0,0,0
-4,12,0,0,0,0,0,0,0,0,1
11,15,1,0,0,0,0,0,0,0,1
5,-3,0,0,0,0,0,0,0,0,0
-1,-8,0,0,0,0,0,0,0,0,0
6,0,0,1,0,0,0,0,0,0,3
5,14,0,0,0,0,0,0,0,0,1
0,13,0,0,0,0,0,0,0,0,1
13,-4,0,0,0,0,0,1,0,0,0
-1,0,0,0,0,0,0,0,0,0,2
12,6,0,0,0,0,0,0,0,0,1
25,6,0,0,0,0,0,0,0,0,1
-21,-5,0,1,0,0,0,0,0,0,0
-13,-14,0,0,0,0,0,0,0,0,0
14,5,0,0,0,0,0,0,0,0,1
-1,-18,0,1,0,0,1,0,0,0,2
6,5,0,0,0,0,0,0,0,0,1
-1,-4,0,0,0,0,0,0,0,0,0
-20,-7,0,0,0,0,0,1,0,0,0
-3,4,0,0,0,0,0,0,0,0,1
-3,17,1,0,0,0,0,0,0,0,1
-18,9,0,0,0,0,0,0,0,0,1
3,0,0,0,0,0,1,0,0,0,3
1,-1,0,0,0,0,0,0,0,0,0
9,9,0,0,0,0,0,0,0,0,1
-17,7,0,0,0,1,0,0,0,0,1
10,3,1,0,0,0,0,0,0,0,1
-13,10,1,0,0,0,0,0,0,0,1
0,-4,0,0,0,0,0,0,0,0,0
0,-17,0,1,0,0,0,0,0,1,0
-1,4,0,0,0,0,0,1,0,0,2
-1,-2,0,0,0,0,0,0,0,0,0
2,12,0,0,0,0,0,0,0,0,1
0,-3,0,0,0,0,0,0,0,0,0
18,-13,0,0,0,0,0,0,0,0,0
-12,0,0,0,0,0,0,0,0,0,2
-11,1,0,0,0,0,0,0,0,0,1
-16,-3,0,0,0,0,0,0,0,0,0
10,-2,0,0,0,0,0,0,0,0,0
2,-12,0,0,0,0,0,0,1,0,0
-4,-1,0,0,0,0,1,0,0,0,2
9,-12,0,0,0,0,0,0,0,0,0
-13,3,0,0,0,0,0,0,0,0,1
-11,3,0,0,0,0,0,0,0,1,1
19,7,0,0,0,0,0,0,0,0,1
2,-3,0,0,0,0,0,0,0,0,0
-8,-10,0,0,0,0,0,0,0,0,0
8,-1,0,0,0,0,0,0,0,0,0
-10,10,0,0,0,0,0,0,0,0,1
-5,-9,0,0,0,0,0,0,1,0,0
-6,4,0,0,0,0,0,0,0,0,1
6,5,0,0,0,0,0,1,0,0,3
-9,-9,0,1,0,0,0,0,0,0,0
25,-14,0,0,0,0,0,0,0,1,0
-23,-6,0,0,0,0,0,0,0,0,0
8,-9,0,0,0,0,0,0,0,0,0
-14,-8,0,0,0,0,0,0,0,0,0
17,12,1,0,0,0,0,1,0,0,3
13,2,0,0,0,0,0,0,0,0,1
-1,-6,0,0,0,0,0,0,0,0,0
-11,-9,0,0,0,0,0,0,0,0,0
-15,0,0,1,0,0,0,0,0,0,2
9,1,0,0,0,0,1,0,0,0,1
-3,10,0,0,0,0,0,0,0,0,1
4,-5,0,0,0,0,0,0,0,0,0
20,-10,0,0,0,0,0,0,0,0,0
-13,2,0,0,0,0,0,0,0,0,1
0,-6,0,0,0,0,0,0,0,0,0
-25,3,0,0,0,0,0,0,1,0,1
26,8,0,0,0,0,0,0,0,0,1
12,-2,0,0,0,0,0,0,0,0,0
1,-3,0,0,0,0,0,0,0,0,0
-9,-12,0,0,0,0,0,1,0,0,0
25,-11,0,0,0,0,0,0,0,0,0
9,-1,0,0,0,0,0,0,0,0,0
-20,13,0,0,0,1,0,0,0,0,1
8,8,0,0,1,0,0,0,0,0,1
-24,5,0,0,0,0,0,0,0,0,1
-14,1,0,0,0,0,0,0,0,0,1
-2,9,0,0,0,0,0,0,1,0,1
-3,-5,0,0,0,0,0,0,0,0,0
5,-4,0,0,0,0,0,0,0,1,0
-3,13,0,0,0,0,0,0,1,0,1
-16,-3,0,0,0,0,0,1,0,0,0
22,7,0,0,0,0,0,0,0,0,1
-24,0,0,0,0,0,0,0,0,1,2
-26,-1,0,0,0,0,0,0,0,0,0
23,-6,0,1,0,0,1,0,0,0,3
-4,1,0,0,0,0,0,0,0,0,1
0,-11,0,0,0,0,0,0,0,0,0
-4,4,1,0,0,0,0,0,0,0,1
-4,-3,0,0,0,0,0,0,0,0,0
-16,5,0,0,0,0,0,0,0,0,1
1,-3,0,0,0,0,1,0,0,0,3
16,9,0,0,0,0,0,0,0,0,1
3,8,0,0,0,0,0,0,1,0,1
2,-13,0,0,0,0,0,0,0,0,0
18,9,0,0,0,0,0,0,0,0,1
15,7,0,0,0,0,0,0,0,0,1
1,8,0,0,0,0,0,0,0,0,1
15,5,0,0,0,0,0,0,0,0,1
-4,-9,0,0,0,0,0,0,1,0,0
-6,4,1,0,0,0,0,0,1,0,1
24,-10,0,0,0,0,0,0,0,0,0
-3,-11,0,0,0,0,0,0,0,0,0
-16,2,1,0,0,0,0,0,0,1,1
5,8,0,0,0,0,0,0,0,0,1
2,-4,0,0,1,0,0,0,0,0,0
-12,2,0,0,0,0,0,0,0,0,1
-5,-5,0,0,0,0,0,1,0,1,0
-10,-7,0,0,0,0,0,0,1,1,0
3,-5,0,0,0,0,0,1,1,0,0
-15,-6,0,0,0,0,0,0,0,0,0
-3,6,0,0,0,0,0,1,0,0,2
3,-1,0,0,0,0,0,0,0,0,0
2,-11,0,0,0,0,0,0,0,0,0
25,1,1,0,0,0,1,0,0,0,1
-5,-7,0,0,0,0,0,0,1,0,0
-4,-3,0,0,0,0,0,0,0,0,0
15,18,1,0,0,0,0,0,0,0,1
7,-7,0,0,0,0,0,0,0,0,0
21,-11,0,0,0,0,0,0,0,0,0
4,-1,1,0,0,0,0,0,0,0,3
-1,4,1,0,0,0,0,0,0,0,1
8,-4,0,0,0,0,0,0,1,0,0
-25,-6,0,0,0,0,0,0,1,0,0
7,-7,0,0,0,0,0,0,0,1,0
-5,-9,0,0,0,0,0,1,0,0,0
20,8,1,0,0,0,0,0,0,0,1
4,-12,0,1,0,0,0,0,0,0,0
-2,-3,0,0,0,0,0,0,0,0,0
-3,-5,0,0,0,0,0,0,0,0,0
2,3,0,0,0,0,0,0,0,0,1
-1,-2,0,0,0,0,0,0,0,0,0
-21,8,0,0,0,0,0,0,0,1,1
-23,-6,0,0,0,1,0,0,0,0,0
-8,5,0,0,0,0,0,0,0,0,1
-3,2,0,0,0,0,0,0,0,0,1
1,-15,0,0,1,0,0,0,0,1,0
4,4,0,0,0,0,0,0,0,0,1
19,3,0,0,0,0,0,0,0,0,1
24,-12,0,0,0,0,1,0,0,0,3
-19,9,0,0,0,0,0,0,0,0,1
7,1,0,0,0,0,0,0,0,0,1
3,11,0,0,0,0,0,1,1,0,3
14,3,0,0,0,0,0,0,0,0,1
-12,5,0,0,0,0,0,0,1,0,1
1,16,0,0,0,0,0,0,0,0,1
6,7,0,0,0,0,0,0,0,0,1
10,-3,0,0,0,0,0,0,0,0,0
7,13,0,0,0,0,0,0,1,0,1
7,3,0,0,0,0,0,1,0,0,3
-10,-1,0,0,0,0,0,0,0,0,0
-6,6,0,0,0,0,0,0,0,0,1
1,4,0,0,0,0,0,0,0,1,1
3,0,0,0,0,0,0,0,0,0,3
-11,-6,0,0,0,0,1,0,0,0,2
20,-13,0,0,0,0,0,1,0,0,0
-5,-4,0,0,0,0,0,0,0,0,0
6,1,0,0,0,0,0,0,0,0,1
-15,-5,0,0,0,0,0,0,0,0,0
9,-6,0,0,0,0,0,1,0,0,0
3,-5,0,0,0,0,0,0,0,0,0
-1,-8,0,0,0,0,1,0,0,0,2
-11,10,0,0,0,0,0,0,0,0,1
17,6,0,0,0,0,0,0,0,0,1
1,-3,0,0,0,0,0,0,0,0,0
11,5,0,0,0,0,0,0,0,0,1
3,9,0,0,0,0,0,0,0,1,1
14,-10,0,0,0,0,0,0,0,0,0
13,-7,0,0,1,0,0,0,1,0,0
-13,10,0,0,0,0,0,0,0,0,1
1,-7,0,0,0,0,0,0,0,0,0
-9,5,0,0,0,0,0,1,0,0,2
-3,7,0,0,0,0,0,0,0,0,1
15,5,0,0,0,0,0,0,1,0,1
-10,0,0,0,0,0,1,0,1,0,1
14,17,1,0,0,0,0,0,0,0,1
6,6,0,0,0,0,0,0,0,0,1
-7,16,0,0,0,0,0,0,0,1,1
3,-1,0,0,0,0,0,0,0,0,0
16,-2,0,0,1,0,0,1,0,0,0
14,6,0,0,0,0,0,0,0,0,1
-15,5,0,0,0,0,0,0,0,0,1
-7,-4,0,0,0,0,0,0,0,0,0
-14,1,0,0,0,0,0,0,0,0,1
-2,-12,0,0,0,0,1,0,0,0,2
9,0,0,0,0,0,0,0,1,0,3
-1,-1,0,0,0,0,0,0,0,0,0
-1,1,0,0,0,0,0,0,0,0,1
-3,3,0,0,0,0,0,0,0,0,1
-5,-1,0,0,0,0,0,0,0,0,0
12,1,0,0,0,0,0,0,0,0,1
12,-2,0,0,1,0,0,0,0,0,0
7,-5,0,0,0,0,0,0,0,0,0
-2,-14,0,0,0,0,0,0,0,0,0
-17,7,0,0,0,0,0,0,0,0,1
8,-2,0,0,0,0,0,1,0,1,0
-9,-7,0,0,0,0,0,0,0,0,0
18,3,0,0,0,0,0,0,0,0,1
3,-13,0,0,0,0,0,0,0,0,0
-6,-1,0,0,0,0,0,0,0,0,0
22,-11,0,0,0,0,0,0,0,0,0
-15,4,0,0,0,0,1,0,0,1,1
-20,-4,0,0,0,0,0,0,0,0,0
5,-4,0,1,0,0,0,0,0,0,0
-7,-7,0,0,0,0,0,0,0,0,0
18,1,0,0,0,0,0,0,0,1,1
-7,3,0,0,0,0,1,0,0,0,1
22,6,0,0,0,0,0,0,0,0,1
-15,13,0,0,0,0,0,0,0,0,1
-6,-15,0,1,0,0,0,0,0,0,0
3,-4,0,0,0,0,0,0,1,0,0
-17,11,0,0,0,0,0,0,0,0,1
13,1,0,0,0,0,0,0,0,0,1
19,-6,0,0,0,0,0,0,0,0,0
-19,-5,0,0,0,0,0,1,0,0,0
-4,2,0,0,0,0,0,0,0,0,1
-11,5,0,0,0,0,0,0,0,0,1
-6,2,0,0,0,0,1,0,0,0,1
15,13,0,0,0,0,0,0,0,0,1
9,-13,0,0,0,0,0,0,0,0,0
-12,4,0,0,0,0,0,0,0,0,1
15,0,0,0,0,0,0,0,0,0,3
-1,6,0,0,0,0,0,1,0,0,2
-2,9,0,0,0,0,0,0,0,0,1
-8,15,0,0,0,0,0,0,0,0,1
-19,5,0,0,0,0,0,0,0,0,1
-2,-11,0,0,0,0,0,1,0,0,0
-11,-14,0,0,0,0,0,0,0,0,0
8,3,0,0,0,0,0,0,0,1,1
-12,16,0,0,0,0,0,1,0,0,2
2,-14,0,0,0,0,0,0,1,0,0
20,-4,0,0,0,0,0,1,0,0,0
25,-7,0,0,0,0,0,0,0,0,0
14,5,0,0,0,0,0,0,0,0,1
6,-2,0,0,0,0,0,0,0,0,0
-9,9,0,0,0,0,1,1,0,0,2
-18,-5,0,0,0,0,0,0,0,0,0
14,0,0,0,0,0,0,0,1,0,3
-25,5,0,0,0,1,0,0,0,0,1
-23,2,0,0,0,0,0,0,0,0,1
20,0,0,0,0,0,0,0,0,1,0
-28,-1,0,0,0,1,0,0,1,0,0
2,11,1,0,0,0,1,0,0,0,1
-14,6,0,0,0,0,0,0,1,0,1
-23,6,0,0,0,0,0,0,0,0,1
5,-12,0,0,0,0,0,0,0,0,0
1,6,0,0,0,0,0,0,0,0,1
-6,-15,0,0,0,0,0,0,0,0,0
10,-8,0,0,0,0,0,0,0,0,0
13,-13,0,0,0,0,0,0,0,0,0
1,5,0,0,0,0,0,0,0,0,1
5,-16,0,0,0,0,0,0,1,0,0
1,6,0,0,0,0,0,0,0,0,1
-3,-7,0,0,0,0,1,0,0,0,2
13,3,0,0,0,0,0,0,0,0,1
17,11,1,0,0,0,0,0,0,0,1
-4,-4,0,0,0,1,0,0,0,1,0
18,-13,0,0,0,0,0,0,0,0,0
-7,7,0,0,0,0,0,0,0,0,1
-25,-1,0,0,0,0,0,1,0,0,0
-2,8,0,0,0,1,0,0,1,0,1
-21,-12,0,0,0,0,0,1,0,1,0
-5,13,1,0,0,0,0,0,0,0,1
1,-2,0,0,0,0,0,0,0,0,0
-10,-5,0,0,0,0,0,0,0,0,0
1,-5,0,0,0,0,0,1,0,1,0
5,-4,0,0,0,0,0,0,0,0,0
-15,2,0,0,0,0,0,1,0,0,2
-11,9,0,0,0,0,0,0,0,1,1
3,8,0,0,0,0,0,0,0,0,1
-6,1,0,0,0,0,0,0,0,0,1
6,8,0,0,0,0,0,0,0,0,1
8,15,0,0,0,0,0,0,0,0,1
-1,-7,0,0,0,0,0,0,1,0,0
7,9,1,0,0,0,0,0,0,0,1
16,12,0,0,0,0,1,0,0,0,1
4,7,0,0,0,0,0,1,0,0,3
13,-10,0,0,0,0,0,0,0,0,0
20,15,0,0,0,0,0,0,0,0,1
3,-1,0,0,0,0,0,0,0,0,0
15,8,0,0,0,0,0,0,0,0,1
-4,13,0,0,0,0,0,0,1,0,1
-1,-9,0,0,0,0,0,0,0,0,0
12,14,0,0,0,0,0,0,0,0,1
-4,-6,0,0,0,0,0,0,0,0,0
21,3,0,0,0,0,0,0,0,0,1
-24,-3,0,0,0,1,0,0,0,1,0
6,1,0,0,0,0,0,0,0,0,1
-10,-2,0,0,0,0,0,0,0,0,0
-24,-2,0,0,0,1,0,0,1,0,0
12,2,0,0,0,0,0,1,0,0,3
-13,6,0,0,0,0,0,0,0,0,1
18,2,0,0,0,0,0,0,1,0,1
-10,-4,0,0,0,0,0,0,0,0,0
1,7,0,0,0,0,0,0,0,0,1
11,-9,0,0,0,0,0,0,0,0,0
-14,-7,0,0,0,0,0,0,1,0,0
0,7,0,0,0,0,0,0,0,0,1
0,-7,0,0,0,0,0,0,1,0,0
7,3,0,0,0,0,0,0,1,0,1
22,4,0,0,0,0,0,0,0,0,1
1,3,0,0,0,0,0,0,0,0,1
13,9,0,0,0,0,0,0,0,0,1
-15,13,0,0,0,0,0,0,0,0,1
-4,10,0,0,0,0,0,1,0,0,2
8,-12,0,0,0,0,0,0,1,1,0
-8,4,0,0,0,0,0,0,0,0,1
-6,-7,0,0,0,0,1,0,0,0,2
-20,-4,0,0,0,0,0,0,0,0,0
12,-11,0,0,0,0,0,0,0,0,0
2,0,0,0,0,0,0,0,1,0,3
2,11,0,0,0,0,0,0,0,0,1
-16,-7,0,0,0,0,0,0,0,0,0
1,-7,0,0,1,0,0,0,0,0,0
-12,-3,0,1,0,0,0,0,0,0,0
2,-8,0,0,0,0,0,0,1,0,0
-12,9,0,0,0,0,0,0,0,0,1
-5,7,0,0,0,0,0,0,0,0,1
9,-6,0,0,0,0,0,0,0,0,0
-8,1,0,0,0,0,0,0,0,1,1
-18,0,0,0,0,0,0,0,1,0,0
-1,7,0,0,0,0,0,0,0,0,1
-7,7,0,0,0,0,0,1,0,0,2
-1,6,0,0,0,0,1,0,0,0,1
13,-5,0,0,0,0,0,0,1,0,0
11,14,0,0,0,0,0,0,0,0,1
19,-1,0,0,0,0,0,0,0,0,0
9,-1,0,0,0,0,0,0,0,0,0
3,1,1,0,0,0,0,0,0,0,1
6,11,0,0,0,0,0,0,0,0,1
20,2,0,0,0,0,1,0,0,0,1
26,-5,0,0,0,0,1,0,0,0,3
-10,3,0,0,0,0,0,0,0,0,1
14,-12,0,0,0,0,0,0,0,0,0
3,2,0,0,0,0,0,0,0,1,1
-19,7,0,0,0,0,0,0,0,0,1
14,4,0,0,0,0,0,0,0,0,1
-24,12,0,0,0,0,0,0,0,0,1
13,-2,0,0,0,0,0,0,0,0,0
19,10,0,0,0,0,0,0,0,0,1
3,8,0,0,0,0,0,0,0,0,1
-8,-1,0,0,0,0,0,0,0,0,0
-3,10,0,0,0,1,0,0,0,0,1
-10,-8,0,0,0,0,1,0,1,0,1
-16,0,0,0,0,0,0,0,0,0,2
0,-7,0,0,0,0,0,0,0,0,0
9,4,0,0,0,0,0,1,0,0,3
-2,-13,0,0,0,0,0,0,0,0,0
-3,4,0,0,0,0,0,0,0,0,1
-13,0,0,0,0,0,1,0,0,0,2
18,-10,0,0,0,0,0,0,0,0,0
1,-7,0,1,0,0,0,0,0,0,0
-7,9,0,0,0,0,0,0,0,0,1
5,-7,0,0,1,0,0,0,0,1,0
0,15,0,0,0,0,0,0,0,0,1
0,10,0,0,0,0,0,0,1,0,1
1,-12,0,0,0,0,0,0,0,0,0
1,15,0,0,0,0,0,0,0,0,1
-21,6,0,0,0,0,0,0,0,0,1
2,-8,0,0,1,0,0,0,0,0,0
17,-2,0,0,0,0,0,0,0,0,0
-2,2,0,0,0,0,0,0,0,0,1
2,-16,0,1,0,0,0,0,0,0,0
-6,11,0,0,0,0,0,0,0,1,1
3,-9,0,0,0,0,0,0,1,0,0
14,2,1,0,1,0,0,0,0,0,1
1,2,0,0,0,0,0,0,0,0,1
12,7,0,0,0,0,0,0,0,0,1
4,3,0,0,0,0,1,0,0,0,1
7,5,0,0,0,0,0,0,0,0,1
23,8,0,0,0,0,1,0,1,0,1
-27,-1,0,0,0,0,0,0,0,0,0
14,11,0,0,0,0,1,0,0,0,1
-2,9,0,0,0,0,0,0,0,1,1
6,-4,0,0,0,0,0,0,0,0,0
5,3,0,0,0,0,0,0,0,0,1
-1,10,0,0,0,0,0,0,0,0,1
3,16,0,0,0,0,0,0,1,1,1
5,-5,0,1,0,0,0,0,0,1,0
12,18,1,0,0,0,0,0,0,0,1
2,-4,0,0,0,0,0,0,0,0,0
-3,10,1,0,0,0,0,0,0,0,1
-7,6,0,0,0,0,0,0,0,0,1
26,-7,0,0,0,0,0,0,0,0,0
-16,12,0,0,0,0,0,0,0,0,1
2,-2,0,0,0,0,0,0,0,0,0
12,3,0,0,0,0,0,0,1,0,1
13,-4,0,0,0,0,0,0,0,1,0
-3,-6,0,0,0,0,0,0,1,1,0
18,-2,0,0,0,0,0,0,1,1,0
0,-1,0,0,0,0,0,0,0,1,0
-3,-5,0,0,0,0,0,0,0,0,0
19,7,0,0,1,0,0,0,0,0,1
1,-1,0,0,0,0,0,0,0,0,0
-11,1,0,0,0,0,1,0,0,0,1
5,3,0,0,0,0,0,0,0,0,1
-4,1,0,0,0,0,0,1,0,0,2
22,-1,0,0,0,0,1,0,0,0,3
2,2,0,0,0,0,0,0,0,0,1
4,-2,0,1,0,0,0,0,0,0,0
-4,1,0,0,0,0,0,0,0,0,1
12,-16,0,0,0,0,1,0,0,0,3
-1,14,0,0,0,0,0,0,0,0,1
-13,-11,0,0,0,0,1,0,0,1,2
28,-2,0,0,1,0,0,0,0,0,0
-6,-14,0,0,0,0,1,0,1,0,1
-5,1,0,0,0,1,0,0,0,0,1
16,-1,0,0,0,0,0,0,0,0,0
-6,3,0,0,0,0,0,0,0,0,1
-4,-3,0,0,0,0,0,0,0,0,0
12,-3,0,0,0,0,0,0,0,0,0
8,-2,0,0,0,0,0,0,0,1,0
-11,-7,0,0,0,1,0,0,0,0,0
5,-11,0,0,0,0,0,0,0,0,0
-8,-2,0,0,0,0,0,0,0,0,0
13,14,0,0,0,0,0,1,0,0,3
-20,5,0,0,0,0,0,0,0,1,1
-17,11,0,0,0,0,0,0,1,0,1
-4,8,0,0,0,0,0,0,0,0,1
-25,8,0,0,0,1,0,0,0,0,1
-12,7,0,0,0,0,0,0,0,1,1
-14,-10,0,0,0,1,0,0,0,0,0
21,1,0,0,0,0,0,0,0,0,1
12,-7,0,0,0,0,0,0,0,0,0
-5,-10,0,0,0,0,0,0,1,0,0
4,-2,0,0,0,0,0,0,0,0,0
-12,13,0,0,0,0,0,1,0,0,2
-9,-7,0,0,0,0,0,1,0,0,0
14,12,0,0,0,0,0,0,0,0,1
25,-3,0,0,0,0,0,0,0,1,0
-15,5,0,0,0,0,0,0,0,0,1
-2,-9,0,0,0,0,0,0,0,0,0
-2,-5,0,0,0,0,0,0,0,0,0
3,10,0,0,0,0,0,0,0,0,1
-14,-6,0,0,0,0,0,0,0,0,0
-7,-15,0,0,0,0,0,0,0,0,0
13,-2,0,0,0,0,0,0,0,0,0
0,1,0,0,0,0,0,0,0,0,1
18,-5,0,0,1,0,1,0,0,0,3
-7,18,1,0,0,0,0,0,0,0,1
-5,6,0,0,0,0,1,0,0,0,1
-8,14,0,0,0,0,0,0,0,0,1
11,0,0,0,0,0,1,0,0,0,3
2,4,0,0,0,0,0,0,0,0,1
4,16,0,0,0,0,0,0,0,0,1
-17,-6,0,0,0,0,0,0,0,0,0
-3,-3,0,0,0,0,0,0,0,0,0
-24,1,0,0,0,0,0,0,0,0,1
19,4,0,0,0,0,1,0,0,0,1
8,5,0,0,0,0,0,0,0,0,1
-17,-1,1,0,0,0,0,0,0,0,2
7,-1,0,1,0,0,0,0,0,0,0
17,-13,0,1,0,0,0,1,0,0,0
6,12,0,0,0,0,0,0,0,1,1
-26,-18,0,1,0,0,0,0,0,1,0
-19,10,0,0,0,0,0,0,0,0,1
14,-12,0,0,0,0,0,0,0,0,0
24,3,0,0,0,0,1,0,0,0,1
15,5,0,0,0,0,0,0,1,0,1
-2,1,0,0,0,0,0,0,0,0,1
-12,-2,0,0,0,0,0,0,0,0,0
4,10,0,0,0,0,0,0,0,0,1
-24,-7,0,1,0,0,0,0,0,0,0
-1,3,0,0,1,0,0,0,1,0,1
10,-10,0,0,0,0,0,0,1,0,0
-2,-11,0,0,0,0,0,0,0,0,0
14,12,0,0,0,0,0,0,1,0,1
10,-9,0,1,0,0,0,1,1,0,0
-5,-4,0,0,0,0,0,0,0,0,0
15,14,0,0,0,0,0,0,1,0,1
-12,-12,0,0,0,0,0,1,0,0,0
-10,1,0,0,0,0,0,0,0,1,1
7,0,0,0,0,0,0,0,0,0,3
-18,-8,0,0,0,0,0,0,0,0,0
-24,11,1,0,0,1,1,0,0,0,1
-7,-3,0,0,0,0,0,0,0,0,0
10,12,1,0,0,0,0,0,0,0,1
24,1,0,0,1,0,0,0,1,0,1
1,-6,0,0,0,0,0,0,0,0,0
1,8,0,0,0,0,0,0,0,0,1
5,-15,0,0,0,0,0,0,0,0,0
-25,-11,0,1,0,1,0,1,0,0,0
0,2,0,0,0,1,0,0,0,0,1
3,-5,0,0,0,0,0,0,0,0,0
-22,5,0,0,0,1,1,0,1,0,1
6,0,1,0,0,0,0,0,0,0,3
-6,-11,0,0,0,0,0,0,0,0,0
16,4,0,0,0,0,0,0,0,0,1
-11,-2,0,1,0,0,0,0,0,1,0
10,-13,0,0,0,0,0,0,0,0,0
-11,-11,0,0,0,0,0,0,0,1,0
5,-10,0,0,0,0,0,1,0,0,0
15,6,0,0,0,0,0,0,0,0,1
-7,8,0,0,0,0,0,0,0,0,1
-10,8,0,0,0,0,0,0,0,1,1
2,1,0,0,0,0,0,1,0,0,3
-2,9,0,0,0,0,0,0,1,0,1
13,-2,0,0,0,0,0,0,0,0,0
-9,-4,0,0,0,0,1,0,1,0,1
-17,5,0,0,0,1,0,0,1,0,1
-8,-2,0,0,0,0,1,0,0,0,2
1,12,0,0,0,0,0,0,0,0,1
-13,-2,0,1,0,0,0,1,0,0,0
10,-2,0,0,0,0,0,0,0,1,0
-9,-12,0,0,0,0,0,0,0,0,0
-14,0,1,0,0,0,0,0,0,1,2
-9,-3,0,0,0,0,0,0,0,0,0
7,16,1,0,0,0,0,0,0,1,1
-4,1,0,0,0,0,0,0,0,0,1
-5,8,0,0,0,0,0,0,0,0,1
15,-2,0,0,0,0,0,0,0,1,0
-16,-7,0,0,0,0,0,1,0,0,0
-20,-3,0,0,0,0,0,0,0,0,0
-6,5,0,0,0,0,0,0,0,0,1
-3,5,0,0,0,0,0,0,0,0,1
-3,-7,0,0,0,1,0,0,1,0,0
-6,-1,0,0,0,0,0,0,0,0,0
-5,4,0,0,0,0,0,0,0,0,1
-26,11,0,0,0,0,0,0,0,0,1
12,-1,0,0,0,0,0,0,0,0,0
-11,-1,0,0,0,0,0,0,0,0,0
-4,-13,0,0,0,0,0,0,1,0,0
1,-17,0,0,0,0,0,0,1,0,0
19,13,0,0,0,0,0,0,0,0,1
5,2,0,0,0,0,0,0,0,0,1
-6,1,0,0,0,1,0,0,0,0,1
6,-14,0,0,0,0,0,0,0,1,0
-9,-10,0,0,0,0,0,0,0,0,0
-7,6,0,0,0,0,0,0,0,0,1
6,-16,0,1,0,0,0,0,0,0,0
-3,12,0,0,0,0,0,0,0,0,1
24,17,0,0,1,0,0,1,1,0,3
11,-2,0,0,0,0,1,1,0,0,3
16,0,0,0,0,0,0,0,0,0,3
5,3,0,0,0,0,0,0,0,0,1
-3,4,0,0,0,0,0,0,0,0,1
15,-4,0,0,0,0,0,0,0,0,0
8,4,0,0,0,0,0,0,0,0,1
7,2,0,0,0,0,0,0,0,0,1
-5,-13,0,0,0,0,0,0,0,0,0
12,2,0,0,0,0,0,0,0,0,1
3,-7,0,0,1,0,0,0,0,0,0
-1,-6,0,0,0,0,0,0,0,0,0
-21,5,0,0,0,0,0,0,0,0,1
-5,-8,0,1,0,0,0,0,1,0,0
12,-13,0,0,0,0,0,0,0,0,0
19,18,1,0,0,0,0,1,0,0,3
4,-4,0,0,0,0,1,0,0,0,3
8,6,1,0,0,0,0,0,0,0,1
8,-5,0,0,0,0,0,0,0,0,0
8,3,0,0,0,0,0,0,0,0,1
-1,6,0,0,0,0,0,1,0,0,2
-2,15,1,0,0,0,0,0,1,0,1
-10,12,0,0,0,0,1,0,0,0,1
-18,4,0,0,0,0,0,0,0,0,1
-1,3,0,0,0,0,0,0,0,0,1
-2,-9,0,0,0,0,0,0,0,0,0
7,-5,0,0,0,0,0,0,0,0,0
-12,0,0,0,0,0,0,0,0,0,2
-8,4,0,0,0,1,0,0,0,0,1
3,-11,0,0,0,0,0,0,0,0,0
-2,11,1,0,0,0,0,0,0,0,1
12,-8,0,0,0,0,0,0,0,1,0
9,7,0,0,0,0,0,0,1,0,1
-19,2,0,0,0,0,0,0,0,0,1
10,11,0,0,0,0,0,0,0,0,1
-8,-15,0,0,0,0,0,0,0,0,0
-14,-15,0,0,0,1,1,0,0,0,2
-1,-9,0,0,0,0,0,0,0,0,0
23,-12,0,0,0,0,0,0,0,0,0
-17,-5,0,0,0,0,1,0,0,0,2
-10,-4,0,0,0,0,0,0,0,0,0
-17,-10,0,0,0,0,0,0,0,0,0
-16,-4,0,0,0,0,0,0,0,0,0
2,3,0,0,0,0,0,0,0,0,1
-1,3,0,0,0,0,0,0,0,0,1
-16,-14,0,0,0,0,0,0,0,0,0
6,7,0,0,0,0,0,0,0,0,1
7,-5,0,0,0,0,0,0,0,0,0
1,-9,0,0,0,0,1,0,0,0,3
-4,-4,0,0,0,0,0,0,0,0,0
-5,10,0,0,0,0,0,0,0,0,1
-2,-9,0,0,0,0,0,0,0,0,0
-21,-2,0,0,0,0,0,0,1,0,0
-2,2,0,0,0,0,0,0,0,0,1
-2,13,0,0,0,0,0,0,1,0,1
-17,12,0,0,0,0,0,0,0,0,1
3,-13,0,0,0,0,0,0,1,0,0
20,-7,0,0,0,0,0,0,0,0,0
15,9,0,0,0,0,0,0,0,0,1
10,-10,0,0,0,0,1,0,0,0,3
21,6,0,0,0,0,0,0,0,0,1
-1,4,0,0,0,0,0,0,1,0,1
22,1,0,0,0,0,0,0,0,0,1
2,4,0,0,0,0,0,0,0,0,1
-12,0,0,0,0,0,1,0,0,0,2
-27,4,0,0,0,1,0,0,0,0,1
-14,-1,0,0,0,0,0,0,0,0,0
-17,1,0,0,0,0,0,0,0,0,1
3,8,0,0,0,0,0,0,0,0,1
1,3,0,0,0,0,0,0,0,0,1
7,-5,0,0,0,0,0,0,0,0,0
15,-3,0,0,0,0,0,0,0,1,0
7,2,0,0,0,0,1,0,0,1,1
3,-5,0,0,0,0,0,0,0,0,0
-7,-6,0,0,0,0,0,0,0,0,0
6,-5,0,0,0,0,0,0,1,0,0
14,-4,0,0,0,0,1,0,0,0,3
-13,-2,0,1,0,1,0,0,0,0,0
25,5,0,0,0,0,0,0,0,0,1
11,-10,0,0,0,0,0,0,0,0,0
-6,-9,0,1,0,0,0,0,0,0,0
-2,4,1,0,0,0,0,0,0,0,1
-10,-4,0,0,0,0,1,0,0,0,2
4,-6,0,0,0,0,0,0,0,1,0
-6,5,0,0,0,0,0,0,0,0,1
-5,2,0,0,0,0,0,0,0,0,1
26,-10,0,0,0,0,0,0,0,1,0
-10,6,0,0,0,0,0,0,0,0,1
14,3,0,0,0,0,0,0,0,0,1
-20,12,1,0,0,0,0,0,1,0,1
20,-4,0,0,1,0,0,0,0,1,0
-5,-9,0,0,0,0,0,0,0,0,0
-4,9,0,0,0,0,0,0,0,0,1
0,1,0,0,0,0,0,0,0,0,1
-3,9,0,0,0,0,0,0,0,0,1
-11,-2,0,0,0,0,0,1,0,0,0
4,-12,0,0,0,0,1,0,0,0,3
13,-14,0,0,0,0,0,1,0,0,0
-21,6,0,0,0,0,0,0,0,1,1
12,2,0,0,0,0,0,0,0,0,1
-14,-3,0,0,0,0,0,0,0,0,0
-12,-9,0,0,0,0,0,1,1,0,0
0,7,0,0,0,0,0,0,0,0,1
-19,-2,0,0,0,0,0,0,0,0,0
18,-5,0,0,0,0,0,0,1,0,0
14,-6,0,0,0,0,0,0,0,0,0
-4,6,0,0,0,0,0,0,0,0,1
13,-7,0,0,0,0,0,0,1,0,0
-13,-6,0,0,0,0,0,0,0,0,0
-16,2,0,0,0,0,0,0,1,0,1
-11,-10,0,0,0,0,0,1,0,0,0
-16,14,0,0,0,0,0,0,0,1,1
2,11,0,0,0,0,0,0,0,0,1
-8,-2,0,0,0,0,0,0,0,1,0
-9,-8,0,0,0,0,0,0,0,0,0
-12,-4,0,1,0,0,0,0,0,0,0
5,-3,0,0,0,0,0,0,0,0,0
16,-4,0,0,0,0,0,0,0,0,0
-6,-7,0,0,0,0,0,0,0,0,0
-9,-6,0,1,0,0,0,1,0,0,0
16,-1,0,0,1,0,0,1,0,0,0
-23,12,0,0,0,0,0,0,0,0,1
28,-11,0,0,1,0,0,0,0,0,0
2,2,0,0,0,0,0,1,0,0,3
-22,-11,0,0,0,0,0,0,0,1,0
1,8,0,0,0,0,0,0,0,0,1
17,-5,0,0,0,0,0,0,1,0,0
-1,12,0,0,0,0,0,0,0,0,1
5,-9,0,0,0,0,1,0,0,0,3
-3,11,0,0,0,0,0,0,0,0,1
6,-14,0,0,0,0,0,0,0,0,0
5,-3,0,1,0,0,0,0,0,0,0
10,4,0,0,0,0,0,0,0,1,1
2,7,0,0,0,0,1,0,0,0,1
12,8,0,0,0,0,0,0,0,1,1
-3,3,0,0,0,0,0,0,0,0,1
8,7,0,0,0,0,1,0,0,0,1
-25,12,1,0,0,0,0,1,0,0,2
3,-9,0,0,0,0,0,0,0,0,0
0,-5,0,0,0,0,0,0,0,0,0
-12,11,0,0,0,0,1,0,0,0,1
18,-3,0,0,0,0,0,0,0,1,0
-19,1,0,0,0,0,0,0,0,0,1
11,3,0,0,0,0,0,0,0,0,1
-10,-6,0,0,0,0,0,0,0,0,0
17,-3,0,0,0,0,0,0,0,0,0
-4,2,1,0,0,0,0,0,0,0,1
-14,13,0,0,0,0,1,0,0,1,1
-18,-7,0,0,0,0,0,0,0,0,0
-24,-10,0,0,0,0,0,0,0,0,0
-11,1,0,0,0,0,0,0,0,1,1
4,0,0,0,0,0,0,0,0,0,3
-7,-1,0,0,0,0,0,0,0,0,0
-20,-4,0,0,0,0,0,0,0,0,0
-15,4,0,0,0,0,0,1,0,0,2
-8,13,1,0,0,0,0,0,0,0,1
13,10,0,0,0,0,0,0,0,0,1
18,13,0,0,0,0,0,0,0,0,1
-1,8,0,0,0,0,0,0,0,0,1
13,16,0,0,0,0,0,0,0,1,1
-13,-6,0,1,0,0,0,1,0,0,0
-3,5,0,0,0,0,0,0,0,0,1
21,-4,0,0,0,0,0,0,0,0,0
-14,4,0,0,0,0,0,0,0,0,1
9,3,0,0,0,0,0,0,0,0,1
-5,6,0,0,0,1,1,0,0,0,1
14,2,0,0,0,0,0,0,0,0,1
4,1,0,0,0,0,0,0,0,0,1
-3,-4,0,0,0,0,0,1,0,0,0
-4,2,0,0,0,0,0,0,0,1,1
-8,-9,0,0,0,0,0,0,0,0,0
-11,-2,0,0,0,0,0,0,0,0,0
15,-16,0,0,1,0,0,0,0,0,0
-3,3,0,0,0,0,0,0,0,0,1
1,-3,0,0,0,0,0,0,1,0,0
-21,-11,0,0,0,0,0,0,0,0,0
23,-1,0,0,0,0,0,0,0,0,0
14,12,1,0,0,0,0,0,0,0,1
-14,5,0,0,0,0,0,0,0,0,1
-4,7,0,0,0,0,0,0,0,0,1
-2,-2,0,0,0,0,0,0,0,0,0
-7,12,0,0,0,0,0,0,0,0,1
2,10,0,0,0,0,0,0,0,0,1
10,-13,0,0,0,0,1,0,0,0,3
-3,-9,0,0,0,0,0,0,0,0,0
5,-1,0,0,0,0,0,0,0,0,0
-13,-11,0,0,0,0,0,0,0,1,0
-5,-8,0,0,0,0,0,0,1,0,0
8,6,0,0,0,0,1,0,0,0,1
-15,0,0,0,0,0,0,0,0,0,2
0,-3,0,0,0,0,0,0,0,1,0
-22,2,0,0,0,0,0,0,0,0,1
4,-9,0,0,0,0,0,0,0,0,0
3,-5,0,0,0,0,0,0,0,0,0
1,16,0,0,0,0,0,0,0,0,1
17,13,0,0,0,0,0,0,0,0,1
-16,-3,0,0,0,0,0,0,0,0,0
3,-10,0,0,0,0,0,0,0,0,0
3,9,0,0,0,0,0,0,0,0,1
-5,-9,0,0,0,0,0,0,1,0,0
1,2,0,0,0,0,0,0,0,0,1
18,2,0,0,0,0,0,0,0,0,1
-12,12,0,0,0,0,0,0,0,0,1
-9,-8,0,0,0,0,0,1,0,0,0
-1,4,0,0,0,0,0,0,0,0,1
0,2,0,0,0,0,0,0,0,0,1
8,-4,0,0,0,0,1,0,0,0,3
-16,-3,0,0,0,0,0,0,0,0,0
-6,9,1,0,0,0,0,0,0,0,1
-1,2,0,0,0,0,0,0,0,0,1
20,-9,0,0,0,0,0,0,0,0,0
-4,8,0,0,0,0,0,0,0,0,1
19,-6,0,0,0,0,0,0,0,0,0
-6,-10,0,0,0,0,0,0,0,1,0
0,-9,0,0,1,0,0,0,0,0,0
-2,-8,0,0,0,0,0,1,1,0,0
-17,5,0,0,0,0,0,0,0,0,1
-11,-13,0,0,0,0,0,1,0,0,0
-1,-4,0,0,0,0,0,1,0,0,0
3,8,0,0,0,0,0,0,0,1,1
-12,0,0,0,0,0,0,0,0,0,2
-3,2,0,0,0,0,0,1,1,0,0
10,7,0,0,0,0,0,0,0,0,1
5,-3,0,1,0,0,1,0,0,0,3
11,-5,0,0,0,0,0,0,0,0,0
-15,6,0,0,0,0,0,0,0,0,1
-5,-7,0,0,0,0,1,0,0,0,2
-25,-13,0,0,0,0,0,1,0,0,0
-9,0,1,0,0,0,0,0,1,0,1
-1,10,0,0,0,0,0,0,0,0,1
-19,3,0,0,0,0,0,0,1,0,1
4,5,0,0,0,0,0,0,0,0,1
-19,-10,0,0,0,0,1,0,1,0,1
-4,-13,0,0,0,0,1,0,0,0,2
-22,9,0,0,0,0,0,1,0,0,2
-16,6,0,0,0,0,0,0,0,0,1
-16,-8,0,0,0,0,0,0,0,0,0
16,12,0,0,0,0,0,0,1,0,1
14,5,0,0,0,0,0,0,0,0,1
-6,7,0,0,0,0,0,0,1,0,1
-6,4,0,0,0,1,0,1,1,0,0
-10,3,0,0,0,0,0,0,0,0,1
5,8,0,0,0,0,0,0,0,0,1
15,5,0,0,0,0,0,0,0,0,1
4,0,0,0,0,0,0,0,0,0,3
19,-13,0,0,0,0,0,0,0,0,0
18,-1,0,0,0,0,0,0,0,0,0
-1,-1,0,0,0,0,0,0,0,0,0
6,11,0,0,0,0,0,0,0,0,1
5,8,0,0,0,0,0,0,0,0,1
17,-11,0,0,0,0,0,0,0,0,0
-15,5,0,0,0,0,0,0,0,0,1
9,2,0,0,0,0,0,0,0,0,1
21,10,1,0,0,0,0,0,0,0,1
10,2,0,0,0,0,0,0,0,0,1
4,6,1,0,0,0,0,0,0,0,1
-6,-9,0,0,0,0,0,0,0,0,0
-14,6,0,0,0,1,1,0,1,0,1
-11,-4,0,1,0,0,1,1,0,0,2
2,3,0,0,0,0,0,0,0,0,1
-16,-14,0,0,0,0,0,0,1,0,0
-1,12,0,0,0,0,0,0,0,0,1
6,4,0,0,0,0,0,0,0,0,1
13,9,0,0,0,0,0,0,0,0,1
2,2,0,0,0,0,0,0,0,0,1
8,11,0,0,0,0,0,0,0,0,1
-9,-2,0,0,0,0,0,1,0,0,0
2,3,0,0,0,0,0,0,0,0,1
-12,12,1,0,0,0,0,0,1,0,1
16,7,0,0,0,0,0,1,0,0,3
-16,6,0,0,0,0,0,0,0,0,1
3,6,0,0,0,0,0,0,0,0,1
-12,-6,0,0,0,0,0,0,0,0,0
-14,5,0,0,0,0,0,0,0,0,1
21,-4,0,0,0,0,0,0,0,0,0
-14,6,0,0,0,1,1,0,0,0,1
5,-2,0,0,0,0,1,0,0,0,3
-4,7,0,0,0,0,0,0,0,0,1
-11,7,0,0,0,0,0,0,0,0,1
1,-6,0,0,0,0,0,1,0,0,0
24,13,0,0,0,0,0,0,0,0,1
-14,-14,0,0,0,0,0,0,0,0,0
-28,-9,0,1,0,1,0,0,0,0,0
-12,2,0,0,0,0,0,0,0,0,1
-16,-13,0,0,0,0,0,0,0,0,0
5,2,0,0,0,0,0,0,0,0,1
19,14,1,0,0,0,0,0,0,0,1
10,11,0,0,0,0,0,0,0,0,1
-16,1,0,0,0,0,0,0,0,0,1
3,-12,0,0,0,0,0,0,0,0,0
-8,1,0,0,0,0,0,0,0,0,1
-11,-2,0,1,0,0,0,0,0,0,0
5,-11,0,0,0,0,0,0,0,0,0
2,-11,0,0,0,0,0,0,0,0,0
-7,7,0,0,0,0,0,0,0,0,1
-12,-16,0,0,0,0,0,0,0,0,0
7,-6,0,0,0,0,0,0,0,0,0
-12,-9,0,0,0,0,0,0,0,0,0
-7,16,0,0,0,0,0,0,0,0,1
0,11,0,0,0,0,1,0,0,0,1
7,-11,0,0,0,0,0,0,0,0,0
-5,-8,0,0,0,0,0,0,0,0,0
-8,8,0,0,0,0,1,0,0,0,1
-14,5,0,0,0,0,0,0,0,0,1
15,-8,0,0,0,0,0,0,0,0,0
-20,4,1,0,0,0,0,0,0,0,1
-19,9,0,0,0,0,0,0,0,0,1
4,-8,0,0,0,0,0,0,0,0,0
-2,9,0,0,0,0,1,0,0,0,1
-1,2,0,0,0,0,0,0,0,0,1
-22,5,0,0,0,1,0,0,1,0,1
2,-13,0,0,0,0,0,0,0,1,0
-4,5,0,0,0,0,0,0,0,0,1
-19,-15,0,1,0,0,0,1,0,0,0
-19,-3,0,0,0,0,0,0,0,1,0
5,0,0,0,0,0,0,0,0,0,3
11,1,0,0,0,0,0,0,0,0,1
25,-1,0,0,0,0,0,0,0,0,0
-2,-2,0,0,0,0,0,1,0,0,0
17,1,0,0,0,0,1,0,0,0,1
-24,-16,0,0,0,0,0,0,0,0,0
13,4,0,0,0,0,0,1,0,0,3
5,-1,0,0,0,0,0,0,0,0,0
-3,-5,0,0,0,0,0,0,0,0,0
-9,-11,0,0,0,0,0,0,0,0,0
4,-12,0,0,0,0,0,0,0,1,0
-8,16,0,0,0,0,0,0,0,0,1
-19,1,0,0,0,0,0,1,0,1,2
11,-6,0,1,1,0,1,1,1,0,3
1,0,0,0,0,0,0,0,0,0,3
-12,15,0,0,0,0,0,1,0,0,2
3,-4,0,0,0,0,0,0,0,0,0
-7,13,0,0,0,0,0,0,1,0,1
-12,-13,0,0,0,0,1,0,0,0,2
-2,-5,0,0,0,0,0,0,0,0,0
4,-3,0,0,0,0,0,0,0,0,0
12,14,1,0,0,0,0,0,0,0,1
-3,-4,0,0,0,0,0,0,0,0,0
-11,-9,0,0,0,0,0,0,0,1,0
-15,-4,0,0,0,1,0,0,0,0,0
-7,7,0,0,0,0,0,0,1,0,1
15,7,0,0,0,0,0,0,0,0,1
22,-5,0,1,0,0,1,1,0,0,3
10,2,0,0,0,0,0,0,0,0,1
-5,-3,0,0,0,0,0,0,0,0,0
3,3,0,0,0,0,0,0,0,1,1
3,-6,0,0,0,0,0,0,0,0,0
8,-7,0,1,0,0,0,0,0,0,0
7,-7,0,0,0,0,0,0,1,0,0
0,9,0,0,0,0,0,0,0,0,1
7,-5,0,0,0,0,0,0,0,0,0
18,-9,0,0,0,0,1,0,0,0,3
21,1,1,0,0,0,0,0,0,0,1
9,1,0,0,0,0,1,0,0,0,1
10,9,0,0,0,0,1,0,0,0,1
-6,-3,0,0,0,0,0,0,0,0,0
-19,-1,0,0,0,0,0,0,0,0,0
-8,-4,0,0,0,0,0,0,0,0,0
4,3,0,0,0,0,0,0,0,0,1
-13,-13,0,1,0,1,1,0,0,0,2
17,-3,0,0,1,0,0,0,0,0,0
-7,2,0,0,0,0,0,0,0,0,1
6,-7,0,1,0,0,0,0,0,0,0
-5,1,0,0,0,0,0,1,0,0,2
-12,0,0,0,0,0,0,1,0,0,2
-21,3,0,0,0,0,0,0,0,0,1
-8,15,0,0,0,0,0,1,0,0,2
9,-7,0,0,0,0,0,0,0,0,0
-20,3,0,0,0,0,0,0,0,0,1
3,8,0,0,0,0,0,0,0,0,1
-6,9,0,0,0,0,0,0,1,0,1
-8,13,0,0,0,0,0,0,0,0,1
20,-4,0,0,0,0,0,0,0,0,0
-24,-12,0,0,0,1,0,1,0,0,0
18,7,0,0,0,0,0,0,0,0,1
-4,9,0,0,0,0,0,0,0,0,1
22,-2,0,0,0,0,0,1,0,0,0
-12,-9,0,0,0,0,0,0,0,0,0
-18,-8,0,0,0,0,0,0,0,0,0
-7,-3,0,0,0,0,0,0,0,0,0
16,-4,0,0,0,0,0,0,0,1,0
2,-2,0,0,0,0,0,0,0,0,0
8,12,0,0,0,0,0,0,1,0,1
8,1,1,0,0,0,0,0,0,1,1
2,-1,0,0,0,0,0,0,0,0,0
-4,-17,0,0,0,0,0,0,1,0,0
-16,4,0,0,0,0,0,1,1,0,0
-9,-5,0,0,0,0,0,0,0,0,0
-12,-15,0,0,0,0,0,0,1,0,0
-3,6,0,0,0,0,0,0,0,0,1
18,-1,0,0,0,0,0,0,0,0,0
-2,12,0,0,0,0,0,0,0,0,1
3,-3,0,0,0,0,0,0,0,0,0
0,1,0,0,0,0,0,0,0,0,1
-6,-6,0,0,0,0,0,0,0,0,0
-15,6,0,0,0,0,0,0,0,0,1
-13,2,0,0,0,1,1,0,0,0,1
16,2,0,0,0,0,0,0,0,1,1
6,5,0,0,0,0,0,0,0,0,1
-14,-1,1,0,0,0,0,0,1,0,1
-10,-12,0,0,0,0,0,0,0,0,0
-22,-9,0,0,0,0,0,0,0,0,0
12,-4,0,0,0,0,0,0,0,0,0
-1,18,1,0,0,0,0,0,0,0,1
5,4,0,0,0,0,0,0,0,0,1
0,-8,0,0,0,0,0,0,0,0,0
-11,-12,0,0,0,0,0,0,0,0,0
-5,1,0,0,0,0,0,0,0,0,1
-12,7,0,0,0,0,0,0,0,0,1
-8,4,1,0,0,0,1,0,0,0,1
-17,-11,0,1,0,0,0,0,0,0,0
-5,-8,0,0,0,0,0,0,0,0,0
-2,15,0,0,0,0,0,0,0,0,1
-18,-9,0,0,0,1,0,0,0,1,0
5,-10,0,0,0,0,0,0,0,1,0
-9,-10,0,0,0,1,0,0,0,0,0
10,15,1,0,0,0,0,0,1,0,1
4,2,0,0,0,0,0,0,0,1,1
9,-7,0,0,0,0,0,0,0,0,0
15,2,0,0,0,0,0,0,0,0,1
-16,-6,0,0,0,0,0,0,0,0,0
7,5,0,0,0,0,0,0,0,0,1
9,5,0,0,0,0,0,0,0,0,1
7,3,0,0,0,0,0,0,0,0,1
-1,1,0,0,0,0,0,0,1,0,1
-6,6,0,0,0,0,0,0,0,0,1
-5,5,0,0,0,0,0,0,1,0,1
21,-2,0,0,0,0,0,0,0,0,0
-22,-3,0,0,0,0,0,0,1,0,0
7,2,0,0,0,0,1,0,1,0,1
-15,-6,0,0,0,0,0,0,0,0,0
11,-1,0,0,0,0,0,0,0,0,0
-1,-12,0,0,0,0,0,0,0,0,0
-9,-1,0,0,0,0,0,0,0,0,0
22,-1,0,0,0,0,0,0,0,0,0
-2,0,0,0,0,0,0,0,0,0,2
12,-5,0,1,0,0,0,0,0,0,0
-5,5,1,0,0,0,0,0,0,0,1
5,-10,0,0,0,0,0,0,0,0,0
23,1,0,0,0,0,1,1,0,0,3
-4,5,0,0,0,0,0,0,0,0,1
2,3,0,0,0,0,0,0,0,0,1
18,-12,0,0,0,0,0,0,0,0,0
4,13,0,0,0,0,1,0,0,0,1
7,-6,0,0,0,0,0,0,1,0,0
14,9,0,0,0,0,1,1,0,0,3
-22,2,0,0,0,0,1,0,0,0,1
11,3,0,0,0,0,0,0,0,0,1
1,5,0,0,0,0,0,0,0,0,1
-22,-7,0,0,0,0,0,0,0,0,0
16,7,0,0,0,0,0,0,0,0,1
-9,13,0,0,0,0,1,0,0,0,1
8,12,0,0,0,0,0,0,0,0,1
15,-14,0,1,0,0,0,0,1,0,0
-8,2,0,0,0,0,0,0,0,1,1
-1,10,1,0,0,1,0,0,0,0,1
-6,15,0,0,0,0,0,0,0,0,1
21,-7,0,0,0,0,0,0,0,1,0
3,1,0,0,0,0,0,0,0,0,1
-11,4,0,0,0,0,0,0,0,0,1
-2,-10,0,0,0,0,0,0,0,0,0
-18,5,0,0,0,0,0,0,0,0,1
-24,2,0,0,0,0,0,0,1,0,1
17,-1,0,0,0,0,0,0,0,0,0
11,-7,0,0,0,0,0,1,0,0,0
-18,15,0,0,0,0,0,0,1,0,1
7,-4,0,0,0,0,0,0,0,0,0
7,-8,0,0,0,0,0,0,0,0,0
15,1,0,0,0,0,0,0,0,0,1
4,13,0,0,0,0,0,0,0,0,1
0,-7,0,0,0,0,0,0,0,0,0
-5,12,0,0,0,0,0,0,0,0,1
-1,-5,0,0,0,0,0,0,0,0,0
-1,-5,0,0,0,0,0,0,0,0,0
23,-6,0,0,0,0,0,1,1,0,0
-8,-7,0,0,0,0,0,0,0,0,0
-5,4,0,0,0,0,0,0,0,0,1
2,-10,0,0,0,0,1,0,0,0,3
-16,-5,0,0,0,0,0,0,0,0,0
-14,16,0,0,0,0,0,0,0,0,1
6,1,0,0,0,0,0,0,0,0,1
-23,5,0,0,0,0,0,0,0,0,1
-13,-7,0,0,0,0,0,0,0,0,0
-26,4,0,0,0,0,0,0,0,0,1
-20,5,0,0,0,0,0,0,1,0,1
-6,-11,0,0,0,0,0,0,0,0,0
-2,-7,0,0,0,0,0,0,0,0,0
1,-9,0,0,0,0,0,0,0,0,0
-5,-5,0,0,0,0,0,0,0,0,0
4,4,0,0,0,0,0,0,0,0,1
9,-10,0,0,0,0,0,0,0,0,0
-14,-16,0,1,0,0,0,1,0,0,0
-2,9,0,0,0,1,1,1,0,0,2
6,-10,0,0,0,0,0,0,0,0,0
-1,-6,0,0,0,0,1,1,0,0,2
-8,1,0,0,0,0,0,0,0,0,1
17,-14,0,0,0,0,0,0,0,0,0
5,9,0,0,1,0,0,0,0,0,1
-5,-10,0,0,0,1,0,0,0,0,0
6,8,0,0,0,0,0,0,0,0,1
-14,4,0,0,0,0,0,0,0,0,1
16,6,1,0,0,0,0,0,0,0,1
-13,-7,0,0,0,0,0,0,0,1,0
1,7,0,0,0,0,0,0,0,0,1
5,-13,0,0,0,0,0,0,0,0,0
11,-10,0,0,0,0,0,0,0,0,0
-1,-6,0,0,0,0,0,0,0,0,0
-20,2,0,0,0,0,1,0,0,0,1
11,-7,0,0,0,0,0,0,0,0,0
8,-9,0,0,1,0,0,0,0,1,0
-10,1,0,0,0,0,0,1,1,0,0
-6,4,0,0,0,0,0,1,0,0,2
-8,-1,0,0,0,0,1,0,0,0,2
18,0,0,0,0,0,0,0,0,0,3
3,-8,0,0,0,0,0,0,0,0,0
16,9,0,0,0,0,0,0,0,1,1
-15,-9,0,0,0,0,0,1,1,0,0
-13,3,0,0,0,0,0,1,0,0,2
3,2,0,0,0,0,0,0,0,0,1
-5,11,0,0,0,0,0,0,0,0,1
-8,10,0,0,0,0,0,0,0,0,1
-13,-4,0,0,0,0,0,0,0,0,0
1,1,0,0,0,0,0,0,1,0,1
0,-6,0,0,1,0,0,0,0,0,0
-10,4,0,0,0,0,0,0,1,0,1
5,3,0,0,0,0,0,0,0,0,1
12,4,0,0,0,0,0,0,0,0,1
-8,-10,0,0,0,0,0,0,0,0,0
-10,5,0,0,0,0,0,1,0,0,2
-4,9,0,0,0,0,1,0,0,0,1
5,6,0,0,0,0,0,0,0,1,1
0,-11,0,1,0,0,1,0,0,0,2
3,-7,0,0,0,0,0,0,0,0,0
-20,13,0,0,0,0,0,0,0,0,1
0,-10,0,0,0,0,0,0,0,1,0
-2,-9,0,0,0,0,0,0,0,0,0
0,-14,0,0,0,0,1,0,0,0,1
3,12,0,0,0,0,0,0,0,0,1
9,-3,0,0,0,0,0,0,0,0,0
12,3,0,0,0,0,1,1,0,0,3
-14,-8,0,1,0,0,0,1,0,0,0
-22,-17,0,0,0,0,0,0,1,0,0
16,3,0,0,0,0,0,0,0,0,1
-3,-15,0,1,0,0,1,0,0,1,2
3,-15,0,0,0,0,0,0,0,0,0
21,7,0,0,0,0,0,0,0,0,1
7,5,0,0,0,0,0,0,1,0,1
13,10,0,0,0,0,0,0,0,0,1
-2,3,0,0,0,0,0,0,1,0,1
-20,-2,0,0,0,0,0,0,0,0,0
-13,-1,0,0,0,0,0,0,0,0,0
7,-1,0,0,0,0,0,0,0,0,0
-1,-3,0,1,0,0,0,0,0,0,0
11,7,0,0,0,0,0,0,0,0,1
-2,-9,0,0,0,0,0,0,0,0,0
16,2,0,0,0,0,0,0,0,0,1
4,-1,0,0,0,0,0,0,0,0,0
-16,8,0,0,0,0,0,0,0,0,1
-5,12,0,0,0,0,0,0,0,0,1
-13,7,0,0,0,0,1,0,0,0,1
11,-6,0,0,0,0,1,0,0,0,3
-3,-6,0,0,0,0,0,0,0,0,0
6,1,0,0,0,0,0,0,0,0,1
22,9,0,0,0,0,0,0,1,0,1
-12,6,1,0,0,0,0,0,0,0,1
-11,11,0,0,0,0,0,0,0,0,1
-10,0,0,0,0,0,0,0,0,1,2
11,-3,0,0,0,0,0,0,0,0,0
-4,6,0,0,0,0,0,0,0,0,1
10,-1,0,0,0,0,0,0,0,0,0
-14,1,0,0,0,1,0,0,0,0,1
-13,-14,0,0,0,0,0,0,0,0,0
17,-4,0,0,0,0,1,0,0,0,3
14,-11,0,0,0,0,0,0,0,0,0
-5,-1,0,0,0,0,0,0,1,0,0
0,0,0,0,0,0,0,0,0,1,0
9,-14,0,0,0,0,0,0,0,0,0
9,-4,0,0,1,0,0,0,0,0,0
-19,5,0,0,0,0,0,0,0,0,1
0,-6,0,0,0,0,0,0,0,0,0
-1,-8,0,0,1,0,0,1,0,0,0
7,11,1,0,0,0,0,0,1,0,1
15,14,1,0,0,0,0,1,0,0,3
8,8,0,0,0,0,0,0,1,0,1
1,5,0,0,0,0,0,0,1,1,1
9,10,0,0,0,0,0,0,0,0,1
-2,13,0,0,0,0,0,0,0,0,1
-4,-3,0,0,0,0,0,0,0,0,0
1,-10,0,0,0,0,0,0,0,0,0
13,-1,0,0,0,0,0,0,0,0,0
9,10,0,0,0,0,0,0,0,0,1
-17,-8,0,0,0,0,0,0,0,0,0
21,2,0,0,0,0,0,0,1,0,1
-19,7,0,0,0,0,0,0,1,0,1
16,-3,0,0,0,0,0,0,0,0,0
-11,-3,0,0,0,0,1,0,0,1,2
-3,7,0,0,0,0,0,0,0,0,1
3,-14,0,0,0,0,0,0,0,0,0
5,-9,0,0,0,0,0,1,0,0,0
-8,-1,0,0,0,0,0,1,0,1,0
0,10,0,0,0,0,0,0,0,0,1
0,-10,0,0,0,0,0,0,0,0,0
21,1,0,0,1,0,0,0,0,0,1
2,-1,0,0,0,0,0,0,0,0,0
-3,-4,0,0,0,0,0,0,0,0,0
10,0,0,0,0,0,0,0,0,0,3
15,-12,0,0,0,0,0,0,0,0,0
6,3,0,0,0,0,0,0,0,1,1
7,-4,0,0,0,0,1,0,0,0,3
8,-3,0,0,0,0,0,0,1,0,0
5,-9,0,1,0,0,0,0,0,0,0
-22,-1,0,0,0,0,0,0,0,0,0
9,-2,0,0,1,0,0,0,0,0,0
4,7,0,0,0,0,1,1,0,0,3
0,3,0,0,0,0,0,0,0,0,1
-2,-1,0,0,0,0,0,0,0,0,0
8,6,0,0,0,0,0,0,0,1,1
20,-1,0,0,0,0,0,0,0,0,0
-1,-6,0,0,0,0,1,0,0,0,2
5,1,1,0,0,0,0,0,0,0,1
9,11,0,0,0,0,0,1,0,0,3
-17,11,0,0,0,0,0,0,0,0,1
-12,2,0,0,0,0,0,0,0,0,1
2,7,0,0,1,0,0,0,0,0,1
26,15,0,0,0,0,0,0,0,0,1
-9,0,0,0,0,0,0,0,0,0,2
-14,-10,0,0,0,0,0,0,0,0,0
-2,6,1,0,0,0,1,0,0,0,1
-10,-12,0,0,0,0,0,0,0,0,0
-2,7,0,0,0,0,0,0,0,0,1
-7,-4,0,0,0,0,0,0,0,0,0
10,2,0,0,0,0,0,0,0,0,1
2,-15,0,0,0,0,0,0,0,0,0
8,2,0,0,0,0,0,0,0,0,1
10,0,0,0,0,0,0,0,0,0,3
16,0,0,0,0,0,0,0,1,0,3
-7,15,1,0,0,0,1,0,0,0,1
-13,-11,0,0,0,0,0,0,0,0,0
-17,15,0,0,0,0,0,0,0,0,1
17,-11,0,0,0,0,0,0,0,0,0
16,4,0,0,0,0,0,0,0,1,1
14,5,0,0,0,0,0,0,0,0,1
20,4,0,0,1,0,0,0,0,0,1
-26,1,0,0,0,0,0,0,0,0,1
-25,4,0,0,0,0,0,1,0,0,2
13,-14,0,0,0,0,1,0,0,0,3
14,7,1,0,0,0,0,0,0,0,1
25,8,1,0,0,0,0,0,1,0,1
10,-5,0,0,0,0,0,1,0,0,0
-16,-7,0,1,0,0,0,0,0,0,0
7,-4,0,0,0,0,1,0,1,0,3
10,2,0,0,0,0,0,0,0,1,1
-3,-2,0,0,0,1,0,0,0,0,0
9,14,1,0,0,0,1,0,0,0,1
9,-6,0,0,0,0,0,0,0,0,0
-3,9,1,0,0,0,0,0,0,0,1
-20,10,0,0,0,0,0,0,1,0,1
-7,-14,0,0,0,0,1,0,0,1,2
0,4,0,0,0,0,1,0,0,0,1
-12,-13,0,0,0,0,0,0,0,0,0
7,1,0,0,0,0,0,0,0,0,1
-5,10,0,0,0,0,0,0,0,0,1
17,-8,0,0,0,0,0,0,0,1,0
-8,-2,0,0,0,0,0,0,0,0,0
12,-5,0,0,0,0,0,0,0,0,0
2,0,0,0,0,0,0,1,1,0,3
-7,14,1,0,0,0,0,0,0,0,1
10,-9,0,0,0,0,0,0,0,0,0
-2,0,0,0,0,0,0,0,0,0,2
-2,-2,0,0,0,0,0,0,0,0,0
-3,0,0,0,0,0,0,1,0,0,2
4,5,0,0,0,0,0,0,0,0,1
-6,3,0,0,0,0,0,0,0,0,1
15,-3,0,0,0,0,0,0,0,0,0
4,-13,0,0,0,0,0,1,1,0,0
-24,4,0,0,0,0,0,0,0,0,1
22,13,1,0,0,0,0,0,0,0,1
-11,6,0,0,0,0,0,0,0,0,1
-6,-3,0,0,0,0,1,0,0,0,2
-6,6,0,0,0,0,0,0,0,0,1
18,-15,0,0,0,0,0,0,0,0,0
0,7,0,0,0,0,0,0,0,1,1
0,1,0,0,0,0,0,0,0,0,1
-11,5,0,0,0,0,1,0,0,1,1
7,-12,0,0,0,0,0,0,0,0,0
-1,6,0,0,0,0,0,0,0,1,1
-6,3,0,0,0,0,0,0,0,0,1
7,5,0,0,0,0,0,0,0,0,1
3,0,1,0,0,0,0,0,0,0,3
0,0,0,0,0,0,0,0,0,1,0
2,1,0,0,0,0,0,0,0,1,1
0,-13,0,0,0,0,0,0,0,0,0
-8,0,0,0,0,0,0,1,0,0,2
7,-3,0,0,0,0,0,0,0,0,0
16,-6,0,1,0,0,1,0,0,0,3
-18,-11,0,0,0,0,0,1,0,0,0
-10,14,0,0,0,0,0,1,0,0,2
-12,8,0,0,0,0,0,0,0,0,1
-5,7,0,0,0,0,0,0,0,0,1
19,-15,0,0,0,0,0,0,0,0,0
7,-3,0,1,0,0,0,0,0,0,0
0,11,0,0,0,0,0,0,0,0,1
19,1,0,0,0,0,0,0,0,0,1
22,4,1,0,1,0,0,0,1,0,1
-3,15,0,0,0,0,0,0,0,0,1
1,-9,0,0,0,0,0,0,0,0,0
7,0,0,0,0,0,0,0,0,0,3
-1,-4,0,0,0,0,0,0,0,0,0
16,1,0,0,0,0,0,1,0,1,0
13,11,1,0,0,0,0,1,0,0,3
22,9,0,0,0,0,0,0,0,0,1
9,2,0,0,0,0,0,0,0,0,1
2,2,0,0,0,0,0,0,0,0,1
-4,-8,0,1,0,0,0,0,0,0,0
-5,15,0,0,0,0,0,0,0,0,1
5,12,0,0,0,0,0,0,0,0,1
-2,-16,0,0,0,0,0,0,0,0,0
-9,-10,0,0,0,0,0,0,0,0,0
-3,-4,0,0,0,0,0,0,0,0,0
10,-13,0,0,0,0,0,0,0,0,0
-18,4,0,0,0,0,0,0,0,0,1
7,-7,0,0,0,0,0,0,0,0,0
-6,10,0,0,0,0,0,0,1,0,1
5,10,1,0,1,0,0,0,0,0,1
6,-2,0,0,0,0,0,1,0,0,0
9,9,0,0,0,0,0,0,0,0,1
21,-6,0,0,0,0,0,1,0,1,0
-3,5,0,0,0,0,0,0,0,0,1
2,0,0,0,0,0,0,0,1,0,3
6,1,0,0,0,0,0,0,0,0,1
-21,-9,0,0,0,0,0,0,1,0,0
-9,-7,0,0,0,0,0,0,0,0,0
2,-6,0,1,0,0,0,0,0,0,0
-16,-4,0,0,0,0,0,0,1,0,0
8,-1,0,0,0,0,1,0,0,0,3
-14,-3,0,0,0,0,0,0,0,0,0
5,5,0,0,0,0,0,0,0,0,1
7,6,1,0,1,0,0,0,0,0,1
-2,4,0,0,0,0,0,0,0,0,1
-6,8,0,0,0,0,0,0,0,1,1
-17,1,0,0,0,0,0,0,0,0,1
-15,15,0,0,0,0,0,0,0,0,1
-16,-8,0,0,0,0,0,0,0,0,0
-8,5,0,0,0,0,0,0,0,0,1
0,-6,0,0,0,0,0,0,0,0,0
1,2,0,0,0,0,0,0,0,0,1
1,-8,0,0,0,0,0,0,1,0,0
-13,-7,0,0,0,0,0,0,0,0,0
8,6,0,0,0,0,0,1,0,0,3
16,5,0,0,0,0,1,0,0,0,1
-4,-8,0,0,0,0,0,0,0,1,0
-11,2,0,0,0,0,1,0,0,0,1
-9,0,0,0,0,0,0,0,0,0,2
-4,5,0,0,0,0,0,0,0,0,1
17,0,0,0,0,0,0,0,0,0,3
21,-16,0,0,0,0,0,0,0,0,0
12,2,0,0,0,0,0,0,0,0,1
2,12,1,0,0,0,0,0,0,1,1
6,2,0,0,0,0,0,0,1,0,1
-9,11,0,0,0,0,0,0,0,0,1
-8,3,0,0,0,0,0,0,1,0,1
-3,-9,0,0,0,0,1,0,0,0,2
0,-14,0,0,0,0,0,0,0,0,0
16,-1,0,0,0,0,0,0,0,0,0
24,9,0,0,1,0,0,0,0,1,1
1,-13,0,0,0,0,0,0,0,0,0
-18,4,0,0,0,1,0,0,0,0,1
10,6,0,0,0,0,0,0,1,0,1
18,12,0,0,0,0,0,0,0,0,1
6,6,0,0,0,0,0,0,1,0,1
9,9,0,0,0,0,0,0,1,0,1
-15,-2,0,0,0,1,0,0,0,1,0
1,8,0,0,0,0,0,0,0,0,1
-8,11,0,0,0,0,0,0,1,0,1
18,1,0,0,0,0,0,0,0,0,1
3,3,0,0,0,0,1,0,0,0,1
1,4,0,0,0,0,0,0,0,1,1
6,3,0,0,0,0,0,0,0,0,1
0,10,0,0,0,0,0,0,0,0,1
-1,8,0,0,0,0,0,0,0,0,1
12,-1,0,0,0,0,0,0,1,0,0
5,-7,0,0,0,0,0,0,0,0,0
6,9,1,0,0,0,0,0,0,0,1
20,14,1,0,0,0,0,0,0,0,1
20,-13,0,1,1,0,0,0,0,0,0
2,13,1,0,0,0,0,0,0,0,1
12,0,1,0,0,0,0,0,0,0,3
8,-15,0,0,0,0,0,0,0,0,0
-14,0,0,0,0,0,0,0,1,1,0
11,-9,0,0,0,0,1,0,0,0,3
-6,0,0,0,0,0,0,1,0,0,2
4,13,0,0,0,0,0,0,0,0,1
-1,-10,0,1,0,0,0,0,1,0,0
-5,-5,0,1,0,0,0,0,0,0,0
26,-14,0,0,0,0,0,0,1,0,0
-15,-12,0,0,0,0,1,0,0,0,2
19,8,0,0,0,0,0,0,1,0,1
12,9,0,0,0,0,0,1,0,0,3
12,-1,0,0,0,0,0,0,0,0,0
-6,-8,0,0,0,0,0,0,0,0,0
-18,8,0,0,0,0,0,0,0,1,1
-15,13,1,0,0,0,0,0,0,0,1
6,13,0,0,0,0,0,0,0,1,1
0,8,0,0,0,0,1,0,0,0,1
18,-13,0,0,0,0,0,0,0,0,0
6,-2,0,0,0,0,0,0,0,0,0
9,13,0,0,0,0,0,0,0,0,1
-19,9,0,0,0,0,0,0,1,0,1
-5,-3,0,0,0,0,0,0,1,0,0
4,-1,0,0,0,0,0,1,0,0,0
5,-1,0,0,0,0,0,0,0,0,0
17,2,0,0,0,0,0,0,0,0,1
-2,-4,0,0,0,0,0,0,0,1,0
13,-11,0,1,0,0,0,0,0,0,0
-17,-1,0,0,0,0,1,0,0,0,2
-6,-16,0,0,0,0,0,0,0,0,0
-14,-7,0,0,0,0,0,0,0,0,0
-11,-6,0,0,0,0,0,0,0,0,0
7,6,0,0,0,0,0,0,0,0,1
-4,1,0,0,0,0,0,0,0,0,1
9,1,0,0,0,0,0,0,0,0,1
-19,0,0,0,0,0,0,0,0,0,2
-23,0,0,0,0,0,0,0,0,0,2
-12,-7,0,0,0,0,0,0,0,0,0
-25,-3,0,0,0,0,0,0,0,0,0
-5,-3,0,0,0,0,0,0,0,1,0
8,-15,0,0,0,0,0,0,0,0,0
-18,4,0,0,0,0,1,0,0,1,1
-8,16,1,0,0,0,0,0,0,0,1
-5,10,0,0,0,0,1,0,0,0,1
4,2,0,0,0,0,0,0,0,0,1
-9,-8,0,0,0,0,0,0,0,0,0
1,3,0,0,0,0,0,0,0,1,1
-14,-11,0,0,0,0,0,0,1,1,0
13,-9,0,0,0,0,0,0,0,0,0
-6,12,0,0,0,0,0,0,0,0,1
7,0,0,0,0,0,0,0,0,0,3
1,16,0,0,0,0,0,0,0,0,1
27,9,0,0,1,0,0,0,0,0,1
-1,2,0,0,0,0,0,0,0,0,1
-10,1,0,0,0,0,0,0,1,0,1
4,-4,0,0,0,0,0,0,1,0,0
-13,4,0,0,0,0,0,0,0,0,1
-12,3,1,0,0,0,0,0,0,0,1
3,4,0,0,0,0,0,1,0,0,3
10,1,0,0,1,0,0,0,0,0,1
-7,13,0,0,0,0,1,0,0,0,1
-14,13,0,0,0,0,0,0,0,1,1
1,6,0,0,0,0,1,0,0,1,1
8,1,0,0,0,0,1,0,0,0,1
-16,2,0,0,0,0,0,0,0,0,1
18,8,0,0,0,0,0,1,0,0,3
1,14,0,0,0,0,0,0,0,1,1
-5,7,0,0,0,0,0,0,0,0,1
17,-4,0,0,0,0,0,0,0,0,0
-1,-6,0,0,0,0,0,0,0,0,0
14,-12,0,0,0,0,1,0,1,0,3
-14,7,0,0,0,0,0,0,0,0,1
-23,-7,0,0,0,1,0,0,0,0,0
1,5,0,0,0,0,0,0,0,0,1
5,10,0,0,0,0,0,0,0,0,1
-18,4,0,0,0,0,0,1,0,0,2
1,-16,0,1,0,0,0,0,0,0,0
-4,5,0,0,0,0,0,1,1,0,0
-17,-2,0,0,0,0,0,1,0,0,0
-2,0,0,0,0,0,0,0,0,0,2
7,-1,0,0,0,0,0,0,0,0,0
-2,14,0,0,0,0,0,0,0,0,1
-19,11,0,0,0,0,0,0,0,0,1
10,-2,0,0,0,0,0,0,0,1,0
2,12,0,0,0,0,0,1,0,0,3
-1,-15,0,1,0,0,0,0,0,0,0
-3,1,0,0,0,0,0,0,0,0,1
24,1,0,0,0,0,0,1,0,0,3
-12,17,1,0,0,0,0,0,0,0,1
-5,0,0,0,0,0,0,0,0,0,2
-12,-9,0,0,0,0,0,0,0,0,0
0,-4,0,0,0,0,0,0,0,0,0
5,0,0,0,0,0,0,0,0,0,3
5,-2,0,0,0,0,0,0,0,0,0
-13,-11,0,0,0,0,0,0,0,0,0
19,-7,0,0,0,0,0,0,0,0,0
14,-9,0,0,0,0,0,0,0,1,0
-8,-14,0,0,0,0,0,1,0,0,0
-16,3,0,0,0,0,0,0,0,0,1
-1,-9,0,0,0,0,0,0,0,0,0
-15,-3,0,0,0,0,0,0,0,0,0
6,-3,0,0,0,0,0,0,0,0,0
5,-6,0,0,0,0,0,0,0,0,0
8,0,0,0,0,0,0,0,0,0,3
11,10,0,0,1,0,0,0,0,0,1
-2,14,1,0,0,0,0,0,0,0,1
-18,-12,0,0,0,1,0,0,0,0,0
-8,2,0,0,0,0,0,1,0,0,2
7,-14,0,0,0,0,1,0,0,0,3
10,-10,0,0,0,0,0,0,0,0,0
-9,11,0,0,0,0,0,0,0,0,1
1,2,0,0,0,0,0,0,0,0,1
-11,-6,0,0,0,0,0,0,1,0,0
20,6,0,0,0,0,0,0,0,0,1
23,2,0,0,0,0,0,1,0,0,3
-24,17,1,0,0,0,1,0,0,0,1
1,4,0,0,0,0,0,0,0,0,1
-11,-11,0,0,0,0,0,0,0,0,0
-7,-9,0,0,0,1,0,0,0,0,0
-6,13,0,0,0,0,0,0,0,0,1
3,-6,0,0,0,0,0,0,0,0,0
-1,4,0,0,0,0,0,0,0,0,1
-8,-4,0,0,0,0,0,0,1,0,0
-26,9,0,0,0,0,0,0,0,0,1
-3,10,0,0,0,1,1,1,0,0,2
-14,4,0,0,0,0,0,0,0,0,1
-10,-2,0,0,0,0,0,0,0,0,0
-16,-1,0,0,0,0,0,0,0,0,0
1,-15,0,0,0,0,0,0,0,0,0
-24,3,0,0,0,0,0,1,0,0,2
2,10,0,0,0,0,1,0,0,0,1
9,1,0,0,0,0,0,0,0,0,1
-8,-1,0,0,0,0,0,0,0,0,0
4,0,0,0,1,0,0,0,0,0,3
5,-1,0,0,0,0,0,0,0,0,0
-6,0,0,0,0,0,0,0,1,0,0
3,-6,0,0,0,0,0,0,0,0,0
-6,3,0,0,0,0,0,0,0,0,1
-19,-9,0,0,0,0,0,0,0,0,0
-7,1,0,0,0,0,1,0,0,0,1
-7,-16,0,1,0,0,0,1,0,0,0
-16,-1,0,0,0,0,0,0,0,0,0
-21,-6,0,0,0,0,0,0,0,0,0
-18,-9,0,1,0,0,0,0,0,0,0
24,-7,0,0,0,0,0,0,0,0,0
2,12,0,0,0,0,0,0,0,0,1
-12,7,0,0,0,0,0,0,0,0,1
2,5,0,0,0,0,0,0,0,0,1
7,-12,0,0,0,0,0,0,0,1,0
16,5,0,0,0,0,0,0,0,0,1
-4,3,0,0,0,1,0,0,1,1,1
10,2,0,0,0,0,0,0,0,0,1
5,-3,0,0,0,0,0,0,0,0,0
9,-7,0,0,0,0,0,0,0,0,0
-20,11,0,0,0,0,0,0,0,1,1
-20,-8,0,0,0,0,0,0,0,0,0
-19,11,0,0,0,0,0,0,0,0,1
0,11,0,0,0,0,0,0,1,0,1
-9,18,1,0,0,0,0,0,0,0,1
2,2,0,0,0,0,0,0,0,0,1
10,2,0,0,0,0,0,0,0,0,1
-2,-14,0,1,0,0,1,1,0,0,2
22,5,1,0,0,0,0,1,0,0,3
15,-16,0,0,0,0,0,0,0,0,0
-2,-9,0,0,0,0,0,0,0,0,0
-1,-2,0,0,0,0,0,0,0,0,0
-19,-6,0,0,0,0,0,0,0,0,0
-1,-1,0,0,0,0,0,0,0,0,0
2,5,0,0,0,0,0,0,0,0,1
-20,-7,0,0,0,0,0,1,0,0,0
-2,13,0,0,0,0,0,0,0,0,1
6,-7,0,0,0,0,0,0,0,0,0
-7,11,0,0,0,0,0,1,0,0,2
14,10,0,0,0,0,0,0,0,1,1
-11,3,0,0,0,0,0,1,0,0,2
3,-6,0,0,0,0,0,0,0,0,0
21,-10,0,0,0,0,0,0,0,0,0
17,4,0,0,0,0,0,0,0,0,1
12,-9,0,0,0,0,0,0,1,0,0
-2,-11,0,0,0,0,0,0,0,1,0
-2,9,0,0,0,0,0,0,0,0,1
-19,-1,0,0,0,0,0,0,0,0,0
8,15,1,0,0,0,0,0,0,0,1
-4,1,0,0,0,0,0,0,0,0,1
12,0,0,0,0,0,0,0,0,0,3
7,-5,0,0,0,0,0,0,0,0,0
-1,4,0,0,0,0,0,0,0,0,1
20,-6,0,0,0,0,1,0,0,0,3
5,-16,0,1,0,0,0,0,0,0,0
-13,-4,0,0,0,0,0,0,0,0,0
-5,16,0,0,0,0,0,0,1,0,1
-17,-18,0,1,0,1,0,0,0,0,0
-5,15,0,0,0,0,0,0,0,1,1
4,4,0,0,0,0,0,0,0,0,1
-11,10,0,0,0,0,0,0,0,0,1
3,11,0,0,0,0,0,0,0,1,1
-13,-2,0,0,0,0,0,0,1,0,0
24,-3,0,0,0,0,0,1,0,0,0
11,1,0,0,0,0,0,0,0,0,1
6,3,0,0,0,0,0,0,0,0,1
22,8,0,0,0,0,0,0,0,0,1
-15,6,0,0,0,0,0,0,0,0,1
-3,2,0,0,0,0,0,0,0,0,1
6,-1,0,0,0,0,0,0,0,0,0
7,-8,0,0,0,0,0,0,1,1,0
-16,-1,0,0,0,0,0,0,0,0,0
3,2,0,0,0,0,0,0,0,0,1
-5,4,0,0,0,0,0,0,0,1,1
8,2,0,0,0,0,0,0,0,0,1
6,9,0,0,0,0,0,0,1,0,1
-5,-15,0,0,0,0,0,0,0,0,0
7,-6,0,1,0,0,0,1,0,0,0
-2,-11,0,0,0,0,0,0,0,0,0
20,2,0,0,0,0,0,0,0,0,1
16,-3,0,0,0,0,0,0,0,0,0
-22,-10,0,0,0,0,0,0,1,1,0
4,-10,0,0,1,0,0,0,0,1,0
2,2,0,0,0,0,0,0,0,0,1
-13,10,0,0,0,0,0,0,0,0,1
-14,-4,0,0,0,0,0,0,0,0,0
-3,-14,0,1,0,0,0,0,1,0,0
8,-8,0,0,0,0,1,0,0,0,3
9,1,0,0,0,0,0,0,0,0,1
5,-4,0,0,0,0,0,0,0,0,0
4,12,0,0,0,0,0,0,0,0,1
-15,2,0,0,0,0,0,0,0,0,1
-2,2,0,0,0,0,0,0,0,0,1
19,9,0,0,0,0,0,0,0,0,1
9,-1,0,0,0,0,0,0,0,1,0
12,8,0,0,0,0,0,0,0,0,1
6,-3,0,0,0,0,0,0,0,0,0
-6,-5,0,0,0,0,0,0,0,0,0
-10,10,0,0,0,0,0,0,0,1,1
-3,1,0,0,0,1,0,0,0,0,1
-7,1,0,0,0,0,0,1,1,0,0
-5,9,0,0,0,0,1,0,0,0,1
-19,6,0,0,0,0,0,0,0,0,1
12,12,1,0,0,0,0,0,1,0,1
1,0,0,0,0,0,0,0,0,0,3
1,3,0,0,0,0,0,0,0,0,1
27,0,0,0,0,0,0,0,0,0,3
-18,-12,0,0,0,0,0,1,0,0,0
15,3,0,0,0,0,0,0,0,0,1
3,-6,0,0,0,0,0,0,0,0,0
-7,-9,0,0,0,0,0,0,0,0,0
-4,1,0,0,0,0,0,0,0,0,1
9,-13,0,0,0,0,0,0,0,0,0
12,5,0,0,0,0,0,0,0,0,1
9,-2,0,0,0,0,0,1,0,0,0
22,-14,0,0,0,0,0,0,0,0,0
14,-10,0,0,0,0,0,0,1,1,0
13,-1,1,0,0,0,0,1,0,0,3
10,-1,0,0,0,0,0,1,1,0,0
5,8,0,0,0,0,0,0,0,0,1
4,-5,0,0,0,0,0,0,0,0,0
-14,-7,0,1,0,0,0,0,0,0,0
20,12,0,0,0,0,0,0,0,0,1
4,-8,0,0,0,0,0,0,0,0,0
-2,-6,0,0,0,0,0,0,0,0,0
23,2,0,0,1,0,0,1,0,0,3
-1,4,0,0,0,0,0,0,0,0,1
9,-11,0,0,0,0,0,0,0,0,0
3,-12,0,1,0,0,0,0,0,0,0
-14,-3,0,0,0,0,0,0,1,0,0
-13,3,0,0,0,0,0,0,0,1,1
-8,9,0,0,0,0,0,1,0,0,2
9,9,0,0,0,0,0,0,1,0,1
18,4,0,0,0,0,0,1,0,0,3
-24,-6,0,0,0,0,0,0,0,0,0
5,2,0,0,0,0,0,1,0,0,3
-9,-4,0,1,0,0,0,0,0,0,0
3,-12,0,0,0,0,0,0,0,0,0
9,-2,0,0,0,0,1,0,0,0,3
0,8,0,0,0,0,0,0,0,0,1
9,-5,0,0,0,0,0,0,0,0,0
-1,3,0,0,0,0,0,0,0,0,1
10,-4,0,0,0,0,0,1,0,0,0
2,9,0,0,0,0,0,0,0,0,1
8,0,0,0,0,0,0,0,0,0,3
13,10,0,0,0,0,0,0,0,0,1
-16,1,0,0,0,0,0,0,0,0,1
8,5,0,0,0,0,0,0,0,0,1
1,18,1,0,0,0,1,0,0,0,1
18,-6,0,0,0,0,0,0,0,0,0
-2,-1,0,0,0,0,0,0,0,0,0
-17,-5,0,0,0,0,0,0,0,1,0
-21,-3,0,0,0,0,0,0,0,1,0
26,3,0,0,0,0,0,0,0,0,1
1,16,0,0,0,0,0,0,0,0,1
17,5,0,0,0,0,0,0,0,0,1
-4,-5,0,0,0,0,0,0,0,0,0
-1,-1,0,0,0,0,0,0,0,0,0
-8,8,0,0,0,0,0,0,0,0,1
17,-3,0,0,0,0,0,0,0,0,0
-1,-1,0,0,0,0,1,0,0,0,2
-6,10,1,0,0,0,0,1,0,0,2
5,8,0,0,0,0,0,0,1,0,1
17,-5,0,0,0,0,0,0,0,1,0
-5,14,0,0,0,0,0,0,0,0,1
-3,-1,0,0,0,0,0,0,0,0,0
-8,11,0,0,0,0,0,0,0,0,1
22,-4,0,0,0,0,0,0,0,0,0
10,8,0,0,0,0,0,0,0,0,1
1,9,0,0,0,0,0,0,0,0,1
-6,-12,0,0,0,0,1,0,0,0,2
0,5,0,0,0,0,0,0,1,0,1
3,5,0,0,0,0,0,0,0,1,1
-7,-11,0,1,0,0,0,0,0,1,0
11,-1,0,0,0,0,0,0,0,0,0
17,3,0,0,0,0,1,1,0,0,3
9,-14,0,0,0,0,0,0,0,0,0
7,-2,0,0,0,0,1,0,1,1,1
-1,-5,0,0,0,0,0,0,0,0,0
-6,-3,0,0,0,0,0,0,0,0,0
7,-13,0,0,0,0,0,1,0,0,0
4,13,1,0,0,0,0,1,0,0,3
-3,-9,0,1,0,1,0,0,1,0,0
-22,-2,0,0,0,0,0,0,0,0,0
4,0,0,0,0,0,0,0,0,0,3
-7,6,1,0,0,0,0,0,0,0,1
5,-5,0,0,0,0,0,1,0,0,0
-6,-2,0,0,0,0,0,0,0,1,0
14,0,0,0,0,0,0,0,0,0,3
-10,-16,0,1,0,0,0,0,1,0,0
1,5,0,0,0,0,0,0,0,0,1
-11,-8,0,0,0,0,0,0,0,0,0
-13,-7,0,0,0,0,0,1,0,1,0
-15,7,0,0,0,0,0,0,0,0,1
12,-2,0,0,0,0,1,0,0,1,1
15,-3,0,0,0,0,0,0,0,0,0
6,5,0,0,0,0,0,0,0,0,1
6,3,0,0,0,0,1,0,0,0,1
-11,-3,0,1,0,0,0,0,0,0,0
-6,-3,0,0,0,0,0,0,1,0,0
7,5,0,0,0,0,1,0,0,0,1
9,-8,0,0,0,0,0,0,0,0,0
9,-9,0,0,0,0,0,0,0,0,0
4,-2,0,0,0,0,0,0,0,0,0
-20,0,0,0,0,0,0,0,0,0,2
10,15,0,0,0,0,0,0,0,0,1
13,8,1,0,0,0,0,0,1,0,1
-10,-1,0,0,0,0,0,0,0,0,0
-17,-8,0,0,0,0,0,0,0,0,0
-19,5,0,0,0,1,0,0,1,0,1
-16,-1,0,0,0,0,0,0,0,0,0
4,2,1,0,0,0,0,0,1,0,1
-12,-10,0,0,0,0,0,0,0,0,0
13,-9,0,0,0,0,1,0,0,1,1
9,1,0,0,0,0,0,1,0,1,0
-12,-5,0,0,0,0,0,0,0,0,0
16,12,0,0,0,0,0,0,0,0,1
15,5,0,0,0,0,0,0,0,0,1
17,-16,0,1,0,0,0,0,0,0,0
-7,0,0,0,0,0,0,0,0,0,2
-8,12,1,0,0,0,0,1,0,0,2
-10,8,1,0,0,0,0,1,0,0,2
7,-1,0,0,0,0,0,0,0,0,0
7,-6,0,1,0,0,0,0,0,0,0
7,16,0,0,0,0,1,0,0,1,1
5,13,0,0,0,0,0,0,0,0,1
23,2,0,0,0,0,0,0,1,0,1
18,-8,0,0,0,0,0,0,0,0,0
19,-7,0,0,0,0,0,1,0,0,0
-8,-5,0,0,0,0,1,1,0,1,2
22,0,0,0,0,0,0,0,0,0,3
-21,14,0,0,0,0,0,0,0,1,1
17,11,0,0,0,0,0,0,0,0,1
24,3,0,0,0,0,0,0,0,0,1
-8,6,0,0,0,0,0,0,0,0,1
16,0,0,0,0,0,0,0,0,0,3
-10,-9,0,0,0,0,0,0,0,1,0
7,-3,0,0,0,0,0,0,0,0,0
2,-4,0,0,0,0,0,0,0,1,0
3,2,0,0,0,0,0,0,0,0,1
-9,-2,0,0,0,0,0,0,0,0,0
0,3,0,0,1,0,0,0,0,0,1
3,-6,0,0,0,0,1,0,0,0,3
1,3,0,0,0,0,0,0,1,0,1
9,-2,0,0,0,0,0,0,0,0,0
3,-11,0,1,0,0,0,0,0,1,0
4,14,0,0,1,0,0,0,0,0,1
-6,3,0,0,0,0,0,0,0,0,1
14,-1,0,0,0,0,0,0,0,1,0
-1,-2,0,0,0,0,0,1,0,0,0
-8,0,0,0,0,0,0,1,0,0,2
-16,-1,0,0,0,0,0,0,0,0,0
24,0,0,1,0,0,0,0,0,0,3
-6,10,0,0,0,0,0,0,0,0,1
9,8,0,0,0,0,0,0,0,1,1
-21,-5,0,0,0,0,0,0,0,0,0
5,0,0,0,0,0,0,1,0,0,3
10,-10,0,0,0,0,0,0,0,0,0
7,6,0,0,0,0,1,0,0,0,1
-8,7,1,0,0,0,1,1,1,0,3
-14,10,0,0,0,0,0,0,1,0,1
-2,12,0,0,0,0,0,0,0,0,1
15,2,0,0,0,0,1,0,0,1,1
3,1,0,0,0,0,0,0,0,0,1
3,-7,0,1,0,0,0,0,0,0,0
4,13,0,0,1,0,0,0,0,0,1
0,-10,0,1,0,1,0,0,0,0,0
-26,-13,0,1,0,1,0,0,0,0,0
-11,8,1,0,0,0,0,0,0,0,1
-1,-10,0,0,0,0,0,0,0,1,0
8,13,0,0,0,0,1,0,0,0,1
-10,0,0,0,0,0,0,0,0,0,2
10,2,0,0,0,0,0,0,0,0,1
6,5,0,0,0,0,0,0,0,0,1
25,2,1,0,0,0,0,1,0,0,3
13,4,0,0,0,0,0,1,0,0,3
6,-8,0,0,0,0,0,0,0,0,0
-19,-10,0,0,0,0,0,0,0,0,0
-2,-11,0,0,0,0,0,0,0,1,0
3,8,0,0,0,0,0,1,1,0,3
-2,17,1,0,0,0,0,0,0,0,1
10,3,0,0,0,0,0,0,0,0,1
11,-11,0,0,0,0,0,0,0,0,0
12,-2,0,0,0,0,0,0,0,0,0
16,12,0,0,1,0,0,0,0,0,1
1,-11,0,1,0,0,0,0,0,0,0
2,9,1,0,0,0,0,0,0,0,1
-16,-8,0,1,0,0,0,0,0,0,0
-19,1,0,0,0,0,1,0,0,0,1
-1,-9,0,0,0,0,0,0,0,0,0
7,-8,0,1,0,0,0,0,0,1,0
13,7,0,0,0,0,0,0,0,0,1
-3,2,1,0,0,0,0,0,0,0,1
-11,2,0,0,0,0,0,0,0,0,1
11,5,0,0,0,0,0,1,0,0,3
24,5,0,0,0,0,0,0,0,0,1
8,-10,0,0,0,0,0,0,0,0,0
-13,-2,0,0,0,0,0,0,0,0,0
4,-11,0,0,0,0,1,0,0,0,3
4,-9,0,0,0,0,0,0,0,0,0
-27,12,0,0,0,0,1,0,0,1,1
6,-2,0,0,0,0,0,0,0,0,0
8,13,0,0,0,0,1,1,0,0,3
-2,9,1,0,0,0,0,0,0,0,1
-6,8,0,0,0,0,1,0,0,0,1
1,3,0,0,0,0,0,0,0,0,1
6,9,0,0,0,0,0,0,0,0,1
-9,5,0,0,0,0,0,0,0,0,1
-9,-11,0,1,0,0,1,1,0,0,2
5,-8,0,0,0,0,0,0,0,0,0
-4,2,0,0,0,0,1,0,0,0,1
-13,-5,0,0,0,0,0,0,0,0,0
-3,3,0,0,0,0,0,0,0,0,1
10,-2,0,0,1,0,0,0,0,0,0
-3,6,0,0,0,0,1,0,1,0,1
-7,-8,0,0,0,0,0,0,0,0,0
12,18,1,0,0,0,0,0,0,0,1
-8,5,1,0,0,0,0,0,0,0,1
5,-4,0,0,0,0,0,0,0,0,0
8,-6,0,0,0,0,0,0,0,0,0
19,6,0,0,0,0,0,0,0,0,1
1,6,0,0,0,0,0,0,0,0,1
-2,10,0,0,0,0,0,0,0,0,1
-26,-1,0,0,0,0,0,0,0,0,0
-8,-11,0,0,0,0,0,0,0,0,0
-4,12,0,0,0,0,0,0,0,0,1
8,11,0,0,0,0,0,1,1,0,3
7,12,0,0,0,0,0,0,0,1,1
10,6,0,0,0,0,1,1,0,0,3
-9,-4,0,0,0,0,0,0,0,0,0
-2,0,0,0,0,0,0,0,1,0,0
5,-9,0,0,1,0,0,0,0,0,0
1,-6,0,0,0,0,0,0,0,0,0
-19,7,0,0,0,0,0,0,0,0,1
3,8,0,0,1,0,0,0,0,0,1
-3,3,0,0,0,0,0,0,0,0,1
-26,8,1,0,0,0,0,0,0,0,1
15,-9,0,1,0,0,0,1,0,0,0
17,11,0,0,0,0,0,0,0,1,1
19,8,0,0,0,0,0,0,0,0,1
-14,16,0,0,0,0,0,1,0,0,2
17,5,1,0,0,0,0,1,0,0,3
8,-1,0,0,0,0,0,0,0,0,0
23,16,1,0,0,0,0,0,0,0,1
-14,8,0,0,0,0,0,1,0,0,2
-13,-4,0,0,0,0,0,0,0,0,0
-19,-1,0,0,0,1,0,0,0,0,0
22,3,0,0,0,0,0,1,0,0,3
-5,3,0,0,0,1,0,0,0,0,1
-8,1,0,0,0,0,0,0,0,0,1
-16,-7,0,0,0,0,0,0,0,0,0
2,5,0,0,0,0,0,0,0,1,1
-11,13,0,0,0,0,0,0,0,0,1
13,-8,0,0,1,0,0,0,0,0,0
-20,8,0,0,0,0,0,0,1,0,1
18,-3,0,0,0,0,0,0,0,0,0
-6,11,0,0,0,0,0,0,0,0,1
6,-15,0,0,0,0,0,0,1,0,0
-7,15,1,0,0,0,0,0,0,0,1
2,13,0,0,0,0,0,0,0,0,1
-15,-12,0,0,0,0,0,0,0,0,0
-5,2,0,0,0,0,0,0,0,0,1
26,1,0,0,1,0,0,0,0,0,1
-10,4,0,0,0,0,0,0,0,0,1
3,0,0,0,0,0,0,0,0,0,3
-5,5,0,0,0,0,0,0,0,0,1
-14,-14,0,0,0,0,0,0,0,0,0
-2,-7,0,0,0,0,0,0,0,0,0
11,4,0,0,0,0,1,0,0,0,1
0,0,0,0,0,0,0,0,0,0,0
10,-2,0,0,0,0,0,0,0,0,0
21,6,0,0,0,0,0,0,1,0,1
10,-15,0,1,0,0,0,1,0,0,0
11,-11,0,0,0,0,0,0,0,0,0
2,-3,0,0,0,0,0,0,1,0,0
-12,6,0,0,0,0,0,0,0,0,1
14,-3,0,0,0,0,0,0,0,0,0
4,2,0,0,0,0,0,0,0,0,1
7,8,0,0,0,0,0,1,0,0,3
7,-2,0,0,0,0,0,0,0,1,0
-3,-1,0,0,0,0,0,0,0,0,0
-2,0,0,0,0,0,0,0,0,0,2
11,-8,0,0,0,0,1,1,0,0,3
11,-4,0,0,0,0,0,0,0,0,0
-24,4,0,0,0,0,0,0,0,0,1
10,2,0,0,0,0,0,0,0,0,1
-1,-5,0,0,0,0,0,0,0,0,0
10,8,0,0,0,0,0,0,1,0,1
3,2,0,0,0,0,1,0,0,0,1
-24,-1,0,0,0,0,0,0,1,0,0
-11,10,0,0,0,0,0,0,0,0,1
-2,4,0,0,0,1,0,0,0,0,1
-22,4,0,0,0,0,0,0,0,0,1
-11,14,0,0,0,0,0,0,0,1,1
-13,-6,0,0,0,0,0,0,0,0,0
-23,-3,0,0,0,0,1,0,1,0,1
-10,-6,0,0,0,0,1,0,0,0,2
15,-6,0,0,0,0,1,0,0,1,1
0,-7,0,0,0,0,0,0,0,0,0
-4,8,0,0,0,0,0,0,0,0,1
-4,5,0,0,0,0,0,0,0,0,1
-10,11,0,0,0,0,0,1,1,0,0
0,7,0,0,0,0,0,1,1,0,0
-1,-2,0,0,0,0,0,1,0,1,0
5,-3,0,0,0,0,0,0,0,0,0
9,0,0,0,0,0,0,0,0,0,3
-6,13,0,0,0,0,0,0,0,1,1
-23,7,0,0,0,0,0,0,0,0,1
4,1,0,0,0,0,0,0,0,1,1
17,5,0,0,0,0,0,0,0,0,1
10,2,0,0,0,0,0,0,0,1,1
-5,10,0,0,0,0,0,0,0,0,1
0,-4,0,0,0,0,0,0,0,1,0
-10,-9,0,0,0,0,0,0,0,0,0
-16,-1,0,0,0,0,0,0,0,0,0
25,0,0,0,0,0,0,1,0,0,3
-3,-12,0,0,0,0,0,0,0,0,0
0,-2,0,0,0,0,0,0,0,0,0
-4,10,0,0,0,0,0,0,0,0,1
14,3,0,0,0,0,0,0,0,1,1
-9,0,0,1,0,0,0,0,0,0,2
13,5,0,0,0,0,0,0,0,0,1
-7,17,1,0,0,0,0,1,0,0,2
-15,-5,0,0,0,0,0,0,0,0,0
-15,7,0,0,0,0,0,0,0,0,1
3,4,0,0,0,0,0,0,0,0,1
-18,-2,0,0,0,0,0,0,0,0,0
-27,8,0,0,0,0,0,1,0,0,2
-14,-6,0,0,0,0,0,0,0,0,0
0,-1,0,0,0,0,0,0,0,0,0
-8,8,0,0,0,0,0,1,0,0,2
-6,-3,0,0,0,0,0,0,0,1,0
18,3,0,0,0,0,0,0,0,0,1
6,9,0,0,0,0,1,0,0,0,1
-14,-3,0,0,0,0,0,0,0,0,0
-2,-3,0,0,0,0,1,0,1,0,1
-10,11,0,0,0,0,1,0,0,0,1
-21,-1,0,0,0,0,0,0,0,0,0
-9,-9,0,0,0,1,0,0,0,0,0
-10,-5,0,1,0,0,0,0,0,0,0
6,5,0,0,0,0,0,0,0,0,1
-21,-10,0,0,0,0,0,0,0,0,0
5,15,0,0,0,0,0,0,0,0,1
-12,-13,0,0,0,0,0,0,0,0,0
6,-12,0,1,0,0,0,0,0,0,0
15,5,0,0,0,0,0,0,0,0,1
-11,14,0,0,0,0,1,0,0,0,1
7,2,0,0,0,0,0,0,0,1,1
-14,-17,0,1,0,0,0,1,0,0,0
7,-5,0,0,0,0,0,0,0,0,0
3,-13,0,0,0,0,0,0,0,0,0
14,5,0,0,0,0,0,0,1,0,1
-5,-3,0,0,0,0,0,0,0,0,0
-13,-11,0,0,0,0,0,0,0,0,0
3,2,0,0,0,0,0,0,0,0,1
6,-3,0,0,0,0,0,0,0,0,0
-25,-7,0,0,0,1,0,0,0,0,0
2,8,0,0,0,0,1,0,1,0,1
13,-7,0,0,0,0,0,0,0,0,0
17,-10,0,0,0,0,0,0,0,0,0
1,-10,0,0,0,0,0,1,0,0,0
20,4,0,0,0,0,0,0,0,1,1
17,-12,0,0,0,0,0,0,0,0,0
-18,-8,0,0,0,0,0,0,0,0,0
-3,2,0,0,0,0,0,1,0,0,2
-14,1,0,0,0,0,0,0,0,0,1
-2,3,0,0,0,0,0,0,0,0,1
-16,-4,0,0,0,0,0,0,0,0,0
-8,7,0,0,0,0,0,0,0,0,1
-1,-2,0,0,0,0,0,0,0,0,0
1,-3,0,0,0,0,0,0,0,1,0
6,2,0,0,0,0,0,0,0,0,1
-1,-3,0,0,0,0,1,0,0,0,2
10,-2,0,1,0,0,0,0,0,0,0
4,-4,0,0,0,0,0,0,0,0,0
-15,8,0,0,0,0,0,0,1,0,1
0,0,0,0,1,0,0,0,1,0,0
2,-7,0,1,0,0,0,0,1,0,0
-11,-1,0,0,0,0,1,0,0,0,2
-5,18,1,0,0,0,0,0,0,0,1
8,0,1,0,0,0,0,0,0,0,3
-22,-2,0,1,0,0,0,0,0,0,0
1,-7,0,0,0,0,0,0,1,0,0
5,15,1,0,0,0,0,0,0,0,1
23,-5,0,0,0,0,0,0,0,1,0
10,3,0,0,0,0,0,0,0,0,1
-20,-15,0,0,0,0,0,0,0,0,0
12,-10,0,0,0,0,1,0,0,0,3
-2,-8,0,0,0,0,0,0,0,0,0
10,-11,0,0,0,0,1,0,0,0,3
5,0,0,0,0,0,0,1,0,0,3
5,5,0,0,0,0,0,0,0,0,1
-21,3,0,0,0,1,0,0,0,0,1
-25,-5,0,1,0,0,1,0,0,1,2
-19,12,1,0,0,0,0,0,0,0,1
-2,7,0,0,0,0,0,0,0,0,1
-13,10,0,0,0,0,0,0,0,1,1
3,10,0,0,0,0,1,0,1,0,1
20,8,1,0,0,0,0,0,0,0,1
-9,4,0,0,0,0,0,0,0,0,1
5,-10,0,0,0,0,0,0,0,0,0
-10,7,0,0,0,0,0,0,0,0,1
16,2,0,0,0,0,1,0,0,0,1
7,-8,0,0,0,0,0,0,0,0,0
-2,-7,0,0,0,0,0,0,0,0,0
-3,-17,0,0,0,0,0,0,0,0,0
6,-8,0,0,0,0,0,0,0,0,0
-18,-8,0,0,0,0,0,0,0,0,0
-19,2,0,0,0,0,0,1,0,0,2
-4,18,1,0,0,0,0,0,0,0,1
5,-4,0,0,0,0,0,0,0,0,0
2,2,0,0,0,0,0,0,1,0,1
2,4,0,0,0,0,0,0,1,0,1
6,-3,0,0,0,0,0,0,0,0,0
2,0,0,0,0,0,0,0,0,0,3
-15,-10,0,0,0,0,0,0,0,0,0
1,3,0,0,0,0,0,0,0,0,1
17,1,0,0,0,0,0,0,0,1,1
2,9,1,0,0,0,0,0,0,0,1
-7,-13,0,0,0,0,0,0,1,0,0
-19,-6,0,0,0,0,0,0,0,0,0
21,-6,0,1,0,0,1,0,0,0,3
-25,3,0,0,0,1,0,0,0,0,1
9,12,0,0,0,0,0,0,0,0,1
14,2,0,0,0,0,0,0,0,0,1
11,-1,0,0,0,0,0,0,0,0,0
13,-12,0,0,0,0,0,0,0,0,0
-7,-1,0,0,0,0,0,0,0,1,0
1,-8,0,1,0,0,0,0,0,0,0
13,-3,0,0,0,0,0,0,0,0,0
3,2,0,0,0,0,0,0,0,0,1
-2,1,0,0,0,0,0,0,0,0,1
-8,-2,0,0,0,0,0,0,0,1,0
6,-2,0,0,0,0,0,0,0,0,0
3,-7,0,0,0,0,0,0,0,0,0
23,15,0,0,0,0,0,0,0,0,1
10,-8,0,0,0,0,0,0,0,1,0
5,-7,0,0,0,0,0,0,0,0,0
13,-12,0,0,0,0,0,1,0,0,0
0,-3,0,0,0,0,0,0,0,0,0
9,8,0,0,0,0,0,0,0,0,1
25,1,0,0,0,0,0,0,0,0,1
-8,-6,0,0,0,0,1,0,0,0,2
-18,9,0,0,0,0,0,0,1,0,1
0,-3,0,0,0,0,0,0,0,0,0
-26,-12,0,0,0,0,0,0,0,0,0
17,2,0,0,0,0,0,0,1,0,1
-17,-11,0,0,0,1,0,0,0,0,0
-2,-1,0,0,0,0,0,0,0,0,0
-13,0,0,1,0,0,0,0,0,0,2
7,6,0,0,0,0,0,0,0,0,1
-7,-6,0,0,0,0,0,0,0,0,0
19,2,0,0,0,0,0,0,0,0,1
-25,10,0,0,0,0,0,0,0,0,1
0,2,0,0,0,0,0,0,0,0,1
-17,11,0,0,0,0,0,0,0,1,1
7,3,0,0,0,0,0,0,0,0,1
0,-6,0,0,0,0,0,0,0,0,0
-15,14,0,0,0,0,0,0,0,0,1
7,-1,1,0,0,0,0,0,0,0,3
-4,0,0,0,0,0,0,0,0,1,2
-9,12,0,0,0,0,0,0,0,1,1
10,-6,0,0,0,0,0,0,0,0,0
23,-4,0,0,0,0,1,0,0,0,3
-5,-9,0,0,0,0,0,0,0,0,0
-1,-4,0,0,0,0,0,0,0,0,0
-3,12,0,0,0,1,0,1,0,0,2
-13,5,0,0,0,0,0,0,1,0,1
-22,-8,0,0,0,0,0,0,0,0,0
14,-10,0,0,0,0,0,0,1,0,0
-6,14,0,0,0,0,1,0,0,0,1
4,-6,0,0,0,0,0,0,0,0,0
-14,-2,0,0,0,0,0,0,0,0,0
0,4,0,0,0,0,0,0,0,0,1
-5,6,0,0,0,0,0,0,0,0,1
8,14,0,0,0,0,0,0,0,0,1
-3,1,0,0,0,0,0,0,1,0,1
24,14,0,0,0,0,0,0,0,0,1
-3,-3,0,0,0,0,0,0,0,0,0
11,4,0,0,0,0,1,0,0,0,1
-14,-16,0,0,0,0,0,0,0,0,0
-13,-2,0,0,0,0,0,0,0,0,0
27,1,0,0,1,0,0,0,0,0,1
-8,-6,0,0,0,0,0,0,0,0,0
-6,5,0,0,0,0,0,0,0,0,1
-17,-14,0,1,0,0,1,0,0,1,2
2,1,0,0,0,0,0,0,0,0,1
20,1,0,0,0,0,0,0,0,0,1
19,-14,0,0,0,0,1,0,0,0,3
19,8,0,0,0,0,0,0,0,0,1
17,7,0,0,1,0,0,1,0,0,3
-25,-8,0,0,0,0,0,1,0,0,0
16,3,0,0,1,0,0,0,0,0,1
25,-16,0,0,0,0,0,0,0,0,0
-7,-4,0,0,0,0,0,0,1,0,0
-10,-1,0,0,0,0,0,0,0,0,0
0,8,0,0,0,0,0,0,0,0,1
-15,-13,0,0,0,0,0,0,0,0,0
9,12,0,0,0,0,0,0,0,0,1
13,-5,0,0,0,0,0,0,0,0,0
-1,-2,0,0,0,0,0,0,0,0,0
-8,-2,0,0,0,0,0,0,0,0,0
-2,3,0,0,0,0,0,0,0,0,1
-23,5,0,0,0,0,0,0,0,0,1
3,2,0,0,0,0,0,0,0,0,1
-4,-2,0,0,0,0,0,0,0,0,0
-1,-6,0,0,0,0,0,0,0,0,0
-11,-1,0,0,0,0,0,0,0,0,0
-14,4,0,0,0,1,0,0,0,0,1
1,-5,0,0,0,0,0,0,0,0,0
6,1,0,0,0,0,0,0,0,0,1
2,2,0,0,0,0,0,0,0,0,1
21,15,0,0,0,0,0,0,0,0,1
-23,11,0,0,0,0,0,0,0,0,1
5,-11,0,0,0,0,0,0,0,0,0
11,11,0,0,0,0,0,0,0,0,1
-26,-1,0,0,0,0,1,0,0,0,2
0,13,0,0,0,0,0,0,0,0,1
22,1,0,0,0,0,0,0,0,0,1
-16,-8,0,0,0,0,0,0,1,0,0
8,-3,0,0,0,0,0,0,0,0,0
8,-13,0,0,0,0,0,0,0,1,0
19,-9,0,0,0,0,0,1,0,0,0
-6,-15,0,1,0,0,0,0,1,1,0
11,14,0,0,0,0,0,0,0,0,1
-8,2,0,0,0,0,0,0,0,1,1
-7,4,0,0,0,0,0,0,0,0,1
-3,-9,0,1,0,0,0,0,0,0,0
14,-17,0,0,0,0,0,0,0,0,0
-14,5,0,0,0,0,0,1,0,0,2
17,4,0,0,0,0,0,0,1,0,1
-9,-1,0,0,0,0,0,0,0,0,0
-1,5,0,0,0,0,1,0,0,0,1
2,3,0,0,0,0,0,0,0,0,1
-12,-2,0,0,0,0,0,0,1,0,0
2,-13,0,0,0,0,0,0,0,0,0
-7,16,0,0,0,0,1,0,0,0,1
-5,12,0,0,0,0,1,0,0,0,1
-3,2,0,0,0,0,0,0,0,0,1
7,-2,0,0,0,0,0,0,0,0,0
9,0,0,0,0,0,0,0,0,0,3
-5,-4,0,0,0,0,0,0,0,0,0
2,-8,0,0,0,0,0,0,0,0,0
14,-3,0,0,0,0,0,0,0,0,0
5,4,0,0,0,0,0,0,0,0,1
-2,-2,0,0,0,0,1,0,0,0,2
19,-9,0,0,1,0,0,0,1,0,0
2,-1,0,0,0,0,0,0,0,0,0
13,-2,0,0,0,0,0,0,0,0,0
-14,-14,0,1,0,0,0,0,0,0,0
9,5,0,0,0,0,0,0,1,0,1
1,-1,0,0,0,0,0,0,0,0,0
9,-11,0,0,0,0,1,0,0,0,3
1,-16,0,0,0,0,0,0,0,0,0
-13,3,0,0,0,0,0,0,0,0,1
-7,9,0,0,0,0,0,0,0,0,1
-5,-6,0,0,0,0,0,0,0,0,0
1,7,1,0,0,0,0,0,0,0,1
-12,-7,0,0,0,0,0,1,1,1,0
-5,-9,0,0,0,0,0,0,1,0,0
16,-5,0,0,0,0,0,0,0,0,0
0,5,0,0,0,0,0,0,0,0,1
10,-2,0,0,0,0,0,0,0,0,0
-5,-6,0,0,0,0,0,0,0,0,0
8,-4,0,0,0,0,0,0,0,0,0
3,-9,0,1,0,0,0,0,0,0,0
21,1,0,0,0,0,0,0,0,0,1
4,9,0,0,0,0,1,0,1,1,1
7,15,0,0,0,0,0,0,0,0,1
2,8,0,0,0,0,0,0,0,0,1
9,12,0,0,0,0,0,0,0,0,1
-8,-14,0,0,0,0,0,0,0,1,0
8,-1,1,0,0,0,0,0,0,0,3
-9,1,0,0,0,1,0,0,0,0,1
7,-6,0,0,0,0,0,0,1,0,0
-1,2,0,0,0,0,1,0,0,0,1
5,-1,0,0,0,0,0,0,0,0,0
-3,6,0,0,0,0,0,1,0,1,2
-21,-11,0,0,0,0,0,0,0,0,0
-11,7,0,0,0,0,0,0,1,0,1
7,5,0,0,0,0,0,0,0,0,1
16,-15,0,0,0,0,1,0,0,0,3
-3,-4,0,0,0,0,0,0,0,0,0
-3,1,0,0,0,0,0,0,0,0,1
-8,17,0,0,0,0,0,0,0,0,1
-5,9,0,0,0,0,0,0,0,0,1
-1,-5,0,0,0,0,0,1,0,0,0
-17,4,0,0,0,0,0,0,1,0,1
-8,12,0,0,0,0,0,0,0,0,1
26,-2,0,0,1,0,0,1,0,1,0
11,4,0,0,0,0,0,0,0,0,1
2,-1,0,0,0,0,0,0,1,0,0
-12,2,0,0,0,0,0,1,0,0,2
0,6,0,0,0,1,0,0,0,1,1
-8,0,0,0,0,0,0,0,0,0,2
4,-16,0,0,0,0,0,1,0,0,0
-18,0,0,0,0,0,0,1,0,0,2
10,3,1,0,0,0,0,0,0,0,1
9,-1,0,0,0,0,0,0,0,0,0
-6,-11,0,0,0,0,1,0,0,0,2
1,-16,0,0,0,0,0,0,1,0,0
-1,-4,0,0,0,0,0,0,0,0,0
-19,-10,0,0,0,0,0,0,0,0,0
9,7,0,0,0,0,1,0,0,1,1
22,7,0,0,0,0,0,0,0,0,1
-11,-15,0,0,0,0,0,0,0,0,0
2,2,0,0,0,0,0,0,1,0,1
6,-6,0,0,0,0,0,0,0,0,0
-6,-8,0,0,0,0,0,0,0,0,0
-2,-11,0,0,0,0,0,0,0,0,0
-2,1,0,0,0,0,0,0,0,0,1
-15,7,0,0,0,0,0,1,0,0,2
25,-2,0,0,0,0,0,0,0,0,0
5,3,0,0,1,0,0,1,0,0,3
18,-9,0,0,0,0,0,0,0,0,0
-6,4,0,0,0,1,0,0,0,0,1
21,-5,0,0,0,0,1,0,0,0,3
13,4,0,0,0,0,0,0,0,0,1
-20,-12,0,1,0,0,0,1,0,0,0
11,3,1,0,0,0,0,0,0,0,1
5,5,0,0,0,0,0,0,0,0,1
17,13,0,0,0,0,0,1,0,0,3
18,-5,0,0,1,0,0,1,0,0,0
-10,-9,0,1,0,0,0,0,1,0,0
0,-9,0,0,0,0,0,0,0,0,0
15,-4,0,0,0,0,0,0,0,0,0
-21,-8,0,0,0,0,0,1,0,1,0
-1,0,0,0,0,0,0,0,0,0,2
-5,1,1,0,0,0,1,0,0,0,1
3,-1,0,0,0,0,0,0,0,0,0
-9,-10,0,1,0,0,0,0,0,0,0
-15,-1,0,0,0,0,0,1,0,0,0
-25,8,1,0,0,0,1,0,0,0,1
-18,-2,0,0,0,0,0,0,0,0,0
8,-14,0,1,0,0,0,0,0,0,0
10,-2,0,0,0,0,0,0,0,0,0
-12,3,1,0,0,0,0,0,0,0,1
11,1,0,0,0,0,0,0,0,0,1
1,-1,0,0,0,0,0,0,0,0,0
18,2,0,0,0,0,0,0,0,0,1
-4,8,0,0,0,0,0,0,0,0,1
-10,-4,0,0,0,0,0,0,0,0,0
11,-7,0,0,0,0,0,0,0,0,0
7,-11,0,1,0,0,0,0,0,0,0
9,-1,0,0,0,0,0,0,0,0,0
-4,-1,0,0,0,0,0,0,0,0,0
5,0,0,0,0,0,0,0,0,0,3
-5,-17,0,1,0,0,1,0,0,0,2
9,5,1,0,0,0,0,1,0,0,3
-4,3,1,0,0,0,0,0,1,0,1
-13,4,0,0,0,0,0,0,0,0,1
-3,3,0,0,0,0,0,0,0,0,1
0,3,0,0,0,0,0,0,1,0,1
-6,-4,0,0,0,0,0,0,0,0,0
-8,1,0,0,0,0,0,0,0,0,1
16,2,0,0,0,0,0,0,0,0,1
11,0,0,0,0,0,0,0,0,0,3
6,-5,0,0,0,0,0,0,0,0,0
-6,0,0,1,0,0,0,0,0,0,2
-18,14,0,0,0,0,0,0,0,0,1
4,-6,0,1,0,0,0,0,0,0,0
-11,-9,0,1,0,0,0,0,1,0,0
8,-3,0,0,0,0,0,0,0,0,0
-10,2,0,0,0,0,0,0,0,0,1
8,4,0,0,0,0,0,0,0,0,1
-13,0,0,0,0,0,0,1,0,0,2
-10,16,0,0,0,0,0,0,0,0,1
-11,10,0,0,0,0,0,0,0,0,1
-11,2,0,0,0,0,0,0,0,0,1
-18,-13,0,0,0,0,0,0,1,0,0
14,6,0,0,0,0,0,0,0,0,1
20,13,0,0,0,0,0,0,0,0,1
-20,6,0,0,0,0,0,0,0,0,1
1,-11,0,0,0,0,0,1,0,0,0
5,-9,0,0,0,0,0,0,0,0,0
9,1,0,0,0,0,0,0,0,0,1
23,-12,0,0,0,0,0,1,0,0,0
-21,1,0,0,0,0,0,1,0,0,2
25,10,0,0,0,0,1,1,0,0,3
11,2,0,0,0,0,0,0,0,0,1
-4,-11,0,0,0,0,0,0,0,0,0
17,7,1,0,0,0,0,0,1,0,1
-26,-3,0,0,0,0,0,0,0,0,0
-17,-2,0,0,0,0,0,0,0,1,0
-16,-10,0,0,0,0,0,0,0,0,0
-16,4,0,0,0,0,0,0,0,0,1
-8,4,0,0,0,0,0,1,0,0,2
-3,16,1,0,0,0,0,0,1,0,1
24,-1,0,1,0,0,0,0,0,0,0
1,-14,0,0,0,0,0,0,0,0,0
-11,2,0,0,0,0,1,0,0,0,1
-18,-7,0,0,0,0,1,0,0,0,2
-3,0,0,0,0,0,1,1,0,1,2
0,6,0,0,0,0,0,0,0,0,1
-4,-10,0,0,0,0,0,0,0,1,0
-18,4,0,0,0,0,0,0,0,1,1
8,-4,0,0,0,0,0,0,1,0,0
-26,-5,0,0,0,1,0,0,0,0,0
24,9,0,0,0,0,0,0,0,0,1
1,5,0,0,0,0,0,0,0,0,1
7,-5,0,0,0,0,0,1,0,0,0
3,-5,0,1,0,0,0,0,0,0,0
-1,-4,0,0,0,0,1,0,0,0,2
-11,-7,0,1,0,0,0,1,0,0,0
22,-6,0,0,0,0,0,0,0,1,0
-7,-8,0,0,0,0,0,0,0,0,0
-2,2,0,0,0,0,0,0,0,0,1
-15,0,0,0,0,0,0,1,0,0,2
5,-1,0,0,0,0,0,0,0,0,0
-3,-3,0,0,0,0,0,0,0,0,0
-1,4,0,0,0,0,0,0,0,0,1
26,8,0,0,0,0,0,0,0,0,1
2,14,0,0,1,0,0,1,0,0,3
-11,16,0,0,0,0,0,0,0,0,1
-27,2,0,0,0,1,0,0,0,0,1
6,-5,0,0,0,0,0,0,1,0,0
-5,-7,0,0,0,0,0,0,0,0,0
2,-9,0,0,0,0,0,0,0,0,0
5,-12,0,0,0,0,0,0,0,0,0
19,3,0,0,0,0,0,0,0,1,1
-13,5,0,0,0,0,0,0,1,0,1
-18,11,0,0,0,0,0,0,1,0,1
18,15,0,0,0,0,0,1,0,0,3
8,-18,0,1,0,0,0,0,0,0,0
6,11,0,0,0,0,0,0,0,1,1
4,-15,0,0,0,0,0,0,0,0,0
17,-14,0,0,0,0,0,0,0,0,0
18,8,0,0,0,0,0,0,0,0,1
-13,-3,0,0,0,0,0,0,0,0,0
0,-17,0,1,0,0,0,0,0,0,0
-6,3,1,0,0,0,0,0,0,0,1
17,7,1,0,0,0,0,0,0,1,1
11,-7,0,0,0,0,1,0,1,0,3
10,-8,0,0,0,0,0,0,0,0,0
-4,4,1,0,0,0,0,0,0,0,1
-10,18,1,0,0,0,0,0,0,0,1
7,-2,0,0,0,0,0,0,0,0,0
7,4,0,0,0,0,0,0,0,0,1
-5,12,0,0,0,0,0,0,0,0,1
2,-5,0,0,0,0,0,0,0,1,0
3,11,0,0,0,0,0,1,0,1,0
2,-3,0,0,0,0,0,0,0,0,0
-19,6,0,0,0,0,0,0,0,0,1
-8,0,0,0,0,0,0,0,1,0,0
-22,3,0,0,0,0,0,0,0,0,1
6,3,0,0,0,0,0,0,0,0,1
16,15,0,0,0,0,0,0,0,0,1
0,-7,0,0,0,0,0,0,0,0,0
-2,12,0,0,0,0,0,0,0,0,1
17,-6,0,0,0,0,0,0,0,0,0
-19,6,0,0,0,0,0,0,0,0,1
5,-4,0,0,0,0,0,1,0,1,0
13,6,0,0,0,0,0,0,0,0,1
-4,7,0,0,0,0,0,0,1,0,1
-2,-10,0,0,0,0,1,0,0,0,2
2,7,0,0,0,0,0,0,0,1,1
-1,13,1,0,0,0,0,0,0,1,1
-24,6,0,0,0,0,0,0,1,0,1
12,-6,0,1,0,0,1,0,0,0,3
-6,2,0,0,0,0,0,0,0,0,1
7,-4,0,0,0,0,0,1,0,0,0
-3,5,0,0,0,0,0,0,0,0,1
-9,7,0,0,0,0,0,0,0,0,1
14,-1,0,1,0,0,1,0,0,0,3
24,-13,0,0,0,0,0,0,0,0,0
-15,-7,0,0,0,0,0,0,0,0,0
-15,-6,0,0,0,0,0,0,0,0,0
14,-1,0,0,0,0,1,0,0,0,3
8,12,0,0,0,0,0,0,0,0,1
5,15,0,0,0,0,0,1,0,0,3
-5,3,0,0,0,0,0,0,1,0,1
3,1,0,0,0,0,0,0,0,0,1
-1,-2,0,0,0,0,0,0,0,0,0
-6,-8,0,0,0,0,0,0,0,0,0
-1,1,0,0,0,1,0,0,0,0,1
-4,11,0,0,0,0,0,0,0,0,1
19,0,0,0,0,0,0,1,0,0,3
-4,-1,0,0,0,0,1,0,0,0,2
-22,-11,0,0,0,0,1,0,0,1,2
10,6,0,0,0,0,0,0,0,0,1
-7,-3,0,0,0,0,0,0,0,0,0
17,-7,0,0,0,0,0,0,0,0,0
14,-2,0,0,0,0,0,0,0,0,0
1,0,0,0,0,0,0,0,0,0,3
-18,4,0,0,0,0,0,0,0,0,1
12,10,0,0,0,0,0,0,0,1,1
13,-6,0,0,0,0,0,0,0,0,0
10,-5,0,1,0,0,0,0,0,0,0
15,0,0,0,0,0,0,0,1,0,3
10,7,0,0,0,0,0,0,0,0,1
-12,1,0,0,0,0,0,0,0,0,1
0,5,0,0,0,0,0,0,0,0,1
7,8,0,0,0,0,1,0,0,0,1
3,-4,0,0,0,0,1,0,0,0,3
10,9,0,0,0,0,0,0,0,0,1
-18,-1,0,0,0,1,0,0,0,0,0
25,-7,0,1,0,0,0,0,0,0,0
4,-15,0,0,0,0,0,0,0,0,0
-15,3,0,0,0,0,0,0,1,0,1
4,-5,0,1,0,0,0,1,0,1,0
-6,-9,0,0,0,0,0,0,0,1,0
-6,-2,0,0,0,0,0,0,0,0,0
1,14,0,0,0,0,0,0,0,0,1
-9,5,0,0,0,1,0,0,0,0,1
2,-1,0,0,0,0,0,0,0,0,0
-9,-2,0,0,0,0,1,0,0,1,2
25,-8,0,0,1,0,0,0,0,0,0
15,11,0,0,0,0,0,0,0,0,1
3,10,0,0,0,0,0,0,0,1,1
-21,-10,0,0,0,0,0,0,0,0,0
0,-4,0,0,0,0,0,0,0,0,0
-5,8,0,0,0,0,0,0,1,0,1
26,-1,0,0,1,0,0,0,0,0,0
-17,-7,0,0,0,0,0,0,0,0,0
0,6,0,0,0,0,0,0,0,0,1
3,-5,0,0,0,0,0,0,0,0,0
-1,2,0,0,0,0,0,0,0,1,1
23,9,0,0,1,0,0,1,0,0,3
4,15,0,0,0,0,0,0,0,0,1
-2,3,0,0,0,0,0,0,0,0,1
-1,-4,0,0,1,0,0,0,0,0,0
12,-1,0,0,0,0,0,0,0,0,0
1,-5,0,0,0,0,0,0,1,0,0
7,-18,0,1,0,0,1,0,0,0,3
2,2,0,0,0,0,0,0,0,0,1
3,-1,0,0,0,0,1,0,0,0,3
5,12,0,0,0,0,0,0,0,0,1
17,0,0,0,0,0,0,0,1,0,3
5,8,0,0,0,0,0,0,1,0,1
0,7,0,0,1,0,0,0,0,0,1
-17,16,0,0,0,1,0,0,0,0,1
15,12,1,0,0,0,0,0,0,0,1
-7,2,0,0,0,0,0,0,0,0,1
-1,-17,0,0,0,0,0,0,0,0,0
2,16,0,0,0,0,0,0,0,0,1
16,-10,0,0,0,0,0,0,0,0,0
10,5,0,0,1,0,0,1,1,0,3
-20,-12,0,0,0,1,0,1,0,0,0
1,-3,0,0,0,1,0,0,0,0,0
8,4,0,0,0,0,0,0,0,0,1
21,-5,0,0,0,0,0,0,0,0,0
7,3,0,0,0,0,0,1,0,0,3
-17,3,0,0,0,0,0,0,0,0,1
-6,5,0,0,0,1,0,0,0,0,1
-7,3,0,0,0,0,0,0,0,0,1
-5,-8,0,0,0,0,0,1,0,0,0
-12,6,0,0,0,0,1,0,0,1,1
8,9,0,0,0,0,0,0,0,1,1
-6,3,0,0,0,0,0,0,0,0,1
-4,9,0,0,0,0,0,0,0,0,1
-6,3,1,0,0,0,0,0,0,0,1
22,16,0,0,0,0,0,0,0,0,1
-14,1,0,0,0,0,0,0,0,0,1
3,10,0,0,0,0,0,1,0,1,0
0,17,1,0,0,0,0,1,0,0,2
8,2,0,0,0,0,0,0,0,0,1
-9,1,0,0,0,0,0,0,0,0,1
6,2,0,0,0,0,0,0,0,1,1
1,0,0,0,0,0,0,0,0,0,3
-7,2,0,0,0,0,0,0,0,0,1
-1,-15,0,0,0,0,0,0,0,0,0
3,-7,0,0,0,0,0,0,0,0,0
5,-3,0,0,0,0,0,1,0,0,0
5,-11,0,0,0,0,0,0,0,0,0
2,-11,0,1,0,0,0,0,0,0,0
6,-7,0,0,0,0,0,0,0,0,0
11,11,0,0,0,0,0,0,0,0,1
13,-16,0,0,0,0,0,0,0,0,0
19,3,0,0,0,0,1,0,0,0,1
-13,-3,0,0,0,0,1,0,0,0,2
-14,-13,0,0,0,0,0,0,0,0,0
-14,-7,0,0,0,0,0,0,0,0,0
-5,-6,0,0,0,0,0,0,0,0,0
-5,4,0,0,0,0,1,0,0,0,1
-14,-1,0,0,0,0,0,0,0,1,0
17,11,1,0,0,0,0,0,0,0,1
-10,-12,0,0,0,0,0,0,0,0,0
-5,1,0,0,0,0,1,0,0,0,1
0,3,0,0,0,0,1,0,0,0,1
9,-13,0,0,0,0,0,0,0,0,0
22,-12,0,0,0,0,0,0,0,0,0
-17,1,0,0,0,0,0,0,0,0,1
5,10,0,0,0,0,0,0,0,0,1
-10,-7,0,0,0,0,1,0,0,0,2
6,11,1,0,0,0,0,0,0,0,1
3,5,0,0,0,0,0,1,0,0,3
6,3,0,0,0,0,0,1,0,0,3
2,-11,0,0,0,0,0,0,0,0,0
9,-9,0,0,0,0,0,0,0,0,0
4,5,0,0,0,0,0,1,0,0,3
23,-1,0,0,0,0,0,0,0,0,0
18,1,0,0,0,0,0,1,0,0,3
-6,3,0,0,0,0,0,0,0,0,1
7,9,0,0,0,0,0,1,0,0,3
11,-4,0,0,0,0,0,0,0,0,0
23,0,0,0,0,0,0,0,0,0,3
7,15,0,0,1,0,0,0,0,0,1
21,1,0,0,0,0,0,0,0,0,1
-14,-7,0,0,0,0,0,0,0,0,0
-5,7,0,0,0,0,0,0,0,0,1
8,9,0,0,0,0,0,0,0,0,1
3,-5,0,0,0,0,0,0,0,0,0
5,5,1,0,0,0,0,1,1,0,3
6,-6,0,0,0,0,0,1,0,0,0
-10,3,0,0,0,0,0,0,0,0,1
2,-8,0,0,0,0,0,1,0,0,0
24,4,0,0,0,0,0,0,0,0,1
9,-11,0,0,0,0,0,0,0,0,0
14,-12,0,0,0,0,1,0,0,0,3
2,-7,0,0,0,0,0,0,0,0,0
-6,0,0,0,0,0,0,0,0,0,2
17,-1,0,0,0,0,0,0,0,0,0
-28,-5,0,0,0,1,0,0,0,0,0
-11,-2,0,0,0,0,0,0,0,0,0
5,-6,0,0,0,0,0,0,0,1,0
18,13,1,0,0,0,0,1,1,0,3
-6,4,0,0,0,0,0,0,0,0,1
25,7,0,0,0,0,0,0,0,0,1
14,-13,0,1,0,0,0,0,0,0,0
17,12,0,0,0,0,0,0,0,0,1
-2,4,0,0,0,0,0,0,0,1,1
2,6,0,0,0,0,0,0,0,0,1
-15,4,0,0,0,0,0,0,0,0,1
-11,-7,0,0,0,0,0,0,0,0,0
10,8,0,0,0,0,0,0,0,0,1
-26,-1,0,1,0,0,0,0,0,0,0
-3,12,0,0,0,0,0,0,0,0,1
22,11,0,0,1,0,0,0,0,0,1
-2,-6,0,0,0,0,0,0,0,0,0
1,0,0,0,0,0,0,0,0,1,0
-2,-6,0,0,0,0,0,0,0,0,0
-6,-8,0,0,0,0,1,0,0,0,2
-19,-9,0,0,0,0,0,0,0,0,0
-6,11,0,0,0,0,0,0,0,0,1
23,-6,0,0,0,0,0,1,0,0,0
-20,5,0,0,0,0,0,0,0,0,1
-15,6,0,0,0,0,0,0,0,0,1
7,1,0,0,0,0,0,0,1,1,1
7,-6,0,0,0,0,0,0,0,0,0
-1,7,0,0,0,0,0,0,0,0,1
7,-1,0,0,0,0,0,0,0,0,0
-4,-12,0,0,0,0,0,0,0,0,0
-2,-6,0,0,0,0,0,0,0,0,0
9,-5,0,0,0,0,0,0,0,0,0
-13,4,0,0,0,1,0,0,0,0,1
-5,0,0,0,0,0,0,0,0,0,2
11,-6,0,0,0,0,0,0,0,0,0
-10,-9,0,0,0,0,0,0,0,0,0
-2,9,1,0,0,0,0,0,0,0,1
1,0,0,1,0,0,0,0,1,0,3
-10,6,0,0,0,0,0,0,1,0,1
0,-4,0,0,0,0,0,0,0,0,0
-8,-6,0,1,0,0,0,1,0,0,0
22,14,0,0,0,0,0,0,0,0,1
18,7,0,0,1,0,0,0,0,0,1
-17,-6,0,0,0,0,0,0,0,0,0
-5,8,0,0,0,0,0,0,0,0,1
-24,-1,0,0,0,1,0,0,0,0,0
17,-1,0,0,0,0,0,0,1,0,0
-8,-13,0,0,0,0,0,0,0,0,0
-6,10,0,0,0,0,0,0,0,0,1
1,1,1,0,0,0,0,0,0,0,1
2,-11,0,0,0,0,0,0,0,0,0
7,-4,0,0,0,0,0,0,0,0,0
20,-3,0,0,0,0,0,0,0,0,0
23,5,0,0,0,0,0,0,0,0,1
-2,-4,0,0,0,0,0,0,0,0,0
-15,10,0,0,0,0,0,0,0,0,1
17,0,0,0,0,0,0,0,0,0,3
4,8,0,0,0,0,0,0,0,0,1
3,10,0,0,0,0,0,0,0,0,1
6,5,0,0,0,0,0,0,0,1,1
3,2,0,0,0,0,1,0,0,0,1
-6,-1,0,0,0,0,0,0,0,0,0
-1,-12,0,0,0,0,0,0,0,0,0
5,-9,0,0,0,0,0,0,0,0,0
18,-3,0,0,0,0,0,0,0,0,0
5,18,1,0,0,0,1,1,0,0,3
15,5,0,0,0,0,0,0,0,1,1
0,-11,0,0,0,0,0,0,0,0,0
13,5,0,0,0,0,0,0,0,0,1
-2,2,0,0,0,0,0,0,0,0,1
15,-7,0,0,0,0,0,0,0,0,0
0,0,0,0,1,0,0,0,0,0,0
-8,0,0,0,0,0,0,0,0,0,2
0,-2,0,0,0,0,1,0,1,0,1
9,-3,0,0,0,0,0,0,0,1,0
-16,-4,0,0,0,0,0,0,0,0,0
-8,3,0,0,0,0,0,0,0,0,1
12,1,0,0,1,0,0,0,0,0,1
-1,-17,0,0,0,0,0,0,0,0,0
14,-4,0,0,0,0,0,0,0,0,0
8,-11,0,0,0,0,0,0,0,0,0
12,-12,0,1,0,0,0,0,0,0,0
-18,-9,0,0,0,0,0,0,0,0,0
-6,0,0,0,0,0,0,0,0,0,2
-8,5,0,0,0,0,0,0,0,0,1
2,5,0,0,0,0,0,0,0,0,1
-3,4,0,0,0,0,0,0,0,0,1
-2,-6,0,0,0,0,0,0,0,0,0
-10,11,0,0,0,0,0,0,0,0,1
3,16,1,0,0,0,0,0,0,1,1
-23,-12,0,0,0,1,0,0,0,0,0
-19,17,1,0,0,0,0,1,0,0,2
8,0,0,0,0,0,1,0,0,1,1
-10,7,1,0,0,0,0,0,0,0,1
11,12,0,0,0,0,0,0,0,0,1
-17,12,0,0,0,0,1,0,0,0,1
10,-2,0,0,1,0,0,0,0,0,0
-4,-6,0,0,0,0,0,0,0,0,0
9,-6,0,1,0,0,0,0,0,0,0
8,3,0,0,0,0,0,0,0,1,1
3,1,0,0,0,0,0,0,0,1,1
-14,13,0,0,0,0,0,0,0,0,1
13,1,0,0,0,0,0,0,0,0,1
23,8,0,0,0,0,0,0,0,0,1
8,-10,0,0,0,0,0,0,0,0,0
-3,-2,0,0,0,0,0,0,0,0,0
-4,-9,0,0,0,0,0,0,0,0,0
-24,5,0,0,0,1,0,0,0,0,1
-27,-8,0,0,0,0,1,0,0,0,2
2,0,0,0,0,0,0,0,0,0,3
1,7,0,0,0,0,0,0,0,0,1
-1,2,0,0,0,0,1,0,0,0,1
-23,-9,0,0,0,0,0,0,0,0,0
5,4,0,0,0,0,0,0,0,0,1
-4,-9,0,0,0,0,0,0,1,0,0
1,4,1,0,0,0,0,0,0,0,1
-13,-6,0,0,0,0,1,0,1,0,1
-11,-13,0,1,0,1,0,0,0,0,0
7,3,0,0,0,0,0,0,0,0,1
24,2,0,0,1,0,0,0,0,0,1
-8,18,1,0,0,1,0,1,0,0,2
27,-2,0,0,0,0,0,0,0,0,0
20,-2,0,0,0,0,0,0,0,0,0
12,4,0,0,0,0,0,0,0,0,1
3,8,0,0,0,0,0,0,1,0,1
-21,6,0,0,0,0,0,0,0,0,1
-3,-3,0,0,0,0,1,0,0,0,2
-8,-8,0,0,0,0,0,0,0,0,0
13,-6,0,1,0,0,0,0,0,0,0
9,4,0,0,0,0,0,1,0,0,3
2,3,0,0,0,0,0,0,0,0,1
-14,4,0,0,0,0,0,0,0,0,1
3,-8,0,0,0,0,0,0,0,0,0
-6,7,0,0,0,0,0,0,0,0,1
0,-11,0,0,0,0,1,0,0,0,1
13,-2,0,1,0,0,1,0,0,0,3
-19,4,0,0,0,0,0,0,0,0,1
-1,4,0,0,0,0,0,0,0,1,1
-19,3,0,0,0,0,0,0,0,1,1
-4,10,0,0,0,0,0,0,0,0,1
-20,-8,0,1,0,1,0,1,0,0,0
-2,2,0,0,0,0,0,0,0,0,1
15,-8,0,0,0,0,0,0,0,0,0
3,-4,0,0,0,0,0,0,0,0,0
15,9,1,0,0,0,0,0,0,1,1
7,11,0,0,0,0,0,0,0,0,1
-13,-11,0,0,0,0,0,1,0,1,0
-23,-1,0,0,0,0,0,0,0,1,0
-16,11,0,0,0,0,0,0,0,0,1
-5,-10,0,0,0,0,0,0,0,0,0
-18,-12,0,0,0,0,0,0,0,1,0
16,5,0,0,0,0,0,0,0,0,1
24,-4,0,0,0,0,0,0,1,0,0
-1,3,0,0,0,0,0,0,0,0,1
11,14,0,0,1,0,0,0,0,0,1
-19,-7,0,0,0,0,0,0,0,0,0
-15,-11,0,0,0,0,0,0,0,0,0
10,2,0,0,0,0,0,0,0,0,1
2,12,1,0,0,0,0,1,0,0,3
7,4,0,0,0,0,0,0,0,0,1
-2,13,0,0,0,0,0,0,0,0,1
-19,-6,0,0,0,0,0,0,0,1,0
15,-3,0,1,0,0,0,0,0,0,0
10,-10,0,0,0,0,0,0,0,0,0
6,-2,0,0,0,0,1,0,0,0,3
18,-5,0,0,0,0,0,1,0,0,0
1,-2,0,0,0,0,0,0,0,0,0
-12,9,0,0,0,0,0,0,0,0,1
-8,-4,0,0,0,0,1,1,0,0,2
-4,14,0,0,0,0,0,0,1,0,1
12,-11,0,0,0,0,0,0,0,0,0
-3,5,0,0,0,0,0,0,0,0,1
1,3,0,0,0,0,0,0,0,0,1
17,-2,0,0,1,0,0,0,0,0,0
-15,2,0,0,0,0,0,0,0,0,1
2,11,0,0,0,0,0,0,0,1,1
4,-3,0,0,0,0,0,0,0,0,0
6,-4,0,0,0,0,0,0,0,0,0
-6,8,0,0,0,0,0,0,0,0,1
2,-2,0,0,0,0,0,0,0,0,0
7,10,0,0,0,0,0,0,0,1,1
-20,-7,0,0,0,1,0,1,0,1,0
-8,3,0,0,0,0,1,0,0,0,1
4,0,0,0,0,0,0,0,0,0,3
17,-4,0,0,0,0,0,0,0,0,0
-3,-12,0,0,0,0,0,0,0,0,0
0,-4,0,1,0,0,0,0,1,0,0
23,-2,0,0,0,0,0,0,0,0,0
-8,-9,0,0,0,0,0,0,0,0,0
26,2,0,0,1,0,0,0,0,0,1
-27,-7,0,0,0,0,0,0,0,0,0
23,4,0,0,0,0,0,0,0,0,1
0,3,0,0,0,0,0,0,0,0,1
-22,-8,0,0,0,0,0,0,0,0,0
-8,3,1,0,0,0,0,0,0,0,1
0,12,0,0,0,0,0,1,1,0,0
0,16,0,0,0,0,0,0,0,0,1
2,-9,0,0,0,0,0,0,0,0,0
-15,-4,0,0,0,0,0,0,0,0,0
-6,-13,0,0,0,0,0,0,0,1,0
-3,2,0,0,0,0,0,0,0,0,1
8,-2,0,0,0,0,0,1,0,0,0
6,-11,0,0,0,0,1,0,0,0,3
28,-5,0,0,1,0,0,0,1,0,0
-5,2,0,0,0,0,1,0,0,0,1
12,-11,0,0,0,0,1,0,0,0,3
-3,4,0,0,0,0,0,0,0,0,1
-2,6,0,0,0,0,0,0,0,0,1
-3,4,0,0,0,0,1,0,0,0,1
-2,5,0,0,0,0,0,0,0,0,1
12,1,0,1,0,0,0,0,0,0,3
-19,4,0,0,0,0,0,0,0,0,1
4,-7,0,0,0,0,0,0,0,0,0
-4,-2,0,0,0,0,1,0,0,0,2
0,14,0,0,0,0,0,1,0,1,0
18,-3,0,0,0,0,0,0,0,0,0
-24,3,0,0,0,0,0,0,0,0,1
12,5,0,0,0,0,0,0,0,0,1
9,-18,0,1,0,0,0,0,0,0,0
-2,1,0,0,0,0,0,0,0,0,1
-10,6,0,0,0,0,0,0,0,0,1
2,-7,0,0,0,0,0,0,0,0,0
-7,5,0,0,0,0,0,0,0,0,1
-5,1,0,0,0,0,0,0,0,0,1
-3,7,0,0,0,0,0,0,0,0,1
18,0,0,0,0,0,0,0,0,0,3
12,-13,0,0,0,0,0,0,0,0,0
1,2,0,0,0,0,0,0,0,0,1
-14,-6,0,0,0,0,0,0,0,0,0
19,13,0,0,0,0,0,1,0,1,0
9,0,0,0,0,0,0,0,1,1,0
-2,1,0,0,0,0,0,0,0,0,1
-18,11,0,0,0,0,0,0,0,0,1
-1,10,0,0,0,0,0,1,0,0,2
23,3,0,0,0,0,0,0,0,0,1
-11,-10,0,0,0,0,0,0,1,0,0
-13,-4,0,0,0,0,0,0,0,0,0
-21,11,0,0,0,0,0,0,0,0,1
-11,0,0,0,0,0,0,0,0,0,2
1,1,0,0,0,0,0,0,0,0,1
0,8,0,0,0,0,0,0,0,0,1
16,-11,0,0,0,0,0,0,0,0,0
12,-17,0,1,0,0,0,0,1,0,0
8,-11,0,1,0,0,0,1,0,0,0
-5,-1,0,0,0,0,0,0,0,0,0
-12,1,0,0,0,0,0,0,0,0,1
-12,3,0,0,0,0,1,0,0,0,1
6,5,0,0,0,0,0,0,0,0,1
-13,10,0,0,0,0,0,1,0,0,2
1,11,0,0,0,0,0,0,0,0,1
-15,4,0,0,0,0,0,0,0,0,1
20,-6,0,0,0,0,0,0,0,0,0
-20,-6,0,1,0,0,0,0,0,0,0
-14,10,0,0,0,0,0,0,0,0,1
-11,2,0,0,0,0,0,0,0,0,1
18,7,0,0,0,0,0,0,0,1,1
-15,4,0,0,0,0,0,0,0,0,1
21,-7,0,0,1,0,0,0,0,1,0
8,11,0,0,0,0,0,0,0,0,1
-9,2,0,0,0,0,0,0,0,0,1
13,3,0,0,0,0,1,0,0,0,1
-25,-12,0,0,0,0,0,0,0,0,0
-9,-2,0,0,0,0,0,0,0,0,0
22,1,0,0,1,0,0,0,0,0,1
5,0,0,0,0,0,0,1,0,0,3
-19,3,0,0,0,0,0,0,0,0,1
7,5,0,0,0,0,0,0,0,0,1
21,10,1,0,1,0,0,0,1,0,1
-11,15,0,0,0,0,0,1,0,0,2
-2,-2,0,0,0,0,0,0,0,0,0
14,0,0,0,0,0,0,0,0,1,0
1,-1,0,0,0,0,0,0,0,1,0
2,-1,0,0,0,0,0,0,0,0,0
11,-12,0,0,1,0,0,0,0,0,0
-7,-7,0,0,0,0,0,0,0,0,0
-22,14,0,0,0,0,0,0,0,0,1
11,3,1,0,0,0,0,0,0,0,1
-6,-4,0,0,0,0,0,0,0,0,0
0,8,0,0,0,0,0,0,0,0,1
-1,-3,0,0,0,0,0,0,0,0,0
-12,3,0,0,0,0,0,0,1,0,1
-8,12,0,0,0,0,0,0,0,0,1
12,14,0,0,0,0,0,0,0,0,1
16,-11,0,0,0,0,0,0,0,0,0
4,10,0,0,0,0,0,0,0,0,1
-10,-2,0,0,0,0,0,0,0,0,0
-12,-1,0,1,0,0,0,0,0,0,0
-18,5,0,0,0,0,1,0,0,0,1
-7,-7,0,0,0,0,0,0,0,0,0
9,-4,0,0,0,0,0,0,0,0,0
5,6,0,0,0,0,0,0,0,0,1
0,-7,0,0,0,0,0,0,1,0,0
7,-4,0,0,0,0,0,0,0,0,0
-1,1,0,0,0,0,0,1,0,0,2
-14,4,0,0,0,0,0,0,0,0,1
-12,-11,0,1,0,0,0,0,0,0,0
5,1,0,0,0,0,0,0,1,0,1
1,-1,0,0,0,0,0,0,0,0,0
-23,6,0,0,0,1,0,0,0,0,1
16,15,0,0,0,0,0,0,1,0,1
1,3,0,0,0,0,0,0,0,0,1
-12,-12,0,0,0,0,0,0,0,0,0
7,2,0,0,0,0,0,0,0,0,1
-13,-10,0,0,0,0,0,0,0,0,0
8,-1,0,0,0,0,0,0,0,0,0
-18,-8,0,0,0,0,0,0,0,0,0
2,-6,0,0,0,0,1,0,0,1,1
-8,3,0,0,0,0,0,1,0,0,2
-9,-12,0,0,0,0,0,0,0,0,0
-14,0,0,0,0,0,0,1,0,0,2
-9,11,0,0,0,0,0,0,0,0,1
-15,2,0,0,0,0,0,0,0,1,1
-2,-6,0,0,0,0,0,1,0,1,0
3,6,0,0,0,0,0,0,0,0,1
23,-5,0,0,0,0,0,0,0,0,0
1,8,0,0,0,0,0,0,0,0,1
19,6,1,0,1,0,0,0,0,0,1
13,-8,0,0,0,0,0,0,0,0,0
-12,2,0,0,0,0,0,0,0,0,1
8,-3,0,0,0,0,0,0,0,0,0
-7,5,0,0,0,0,0,0,0,0,1
-27,9,0,0,0,1,1,0,0,0,1
-1,12,0,0,0,0,0,0,0,0,1
16,0,0,0,0,0,1,0,0,0,3
15,15,1,0,0,0,0,0,0,0,1
-3,0,0,0,0,0,0,0,1,0,0
-4,4,0,0,0,0,0,0,0,1,1
-10,-11,0,1,0,0,1,0,0,0,2
18,8,0,0,0,0,0,0,0,0,1
5,-9,0,0,0,0,0,0,0,0,0
-4,0,0,0,0,0,0,0,1,0,0
-1,10,0,0,1,0,0,0,0,0,1
-2,9,0,0,0,0,0,0,0,0,1
-25,2,0,0,0,0,1,1,0,0,2
-13,7,0,0,0,0,0,0,0,0,1
-9,-1,0,0,0,0,0,0,0,0,0
-6,-9,0,0,0,0,0,0,0,1,0
2,17,0,0,0,0,0,0,0,1,1
-26,-4,0,0,0,1,0,0,0,0,0
-15,-13,0,0,0,1,1,0,0,0,2
17,-14,0,0,0,0,0,0,0,0,0
16,-7,0,0,0,0,0,0,0,0,0
17,16,0,0,0,0,0,0,0,0,1
-13,-4,0,0,0,1,0,0,0,0,0
25,-2,0,0,0,0,0,0,0,0,0
-2,16,0,0,0,0,0,0,0,0,1
-8,-11,0,0,0,0,0,0,0,0,0
-13,5,0,0,0,0,1,0,0,0,1
0,-8,0,0,0,0,1,0,0,0,1
14,6,0,0,0,0,0,0,0,0,1
-1,-8,0,0,0,0,0,0,0,0,0
-5,11,0,0,0,0,0,0,0,1,1
-4,6,0,0,0,0,0,0,0,0,1
18,-4,0,0,0,0,0,0,0,0,0
-1,7,0,0,0,0,0,0,0,0,1
16,0,0,0,0,0,0,0,0,0,3
3,-10,0,0,0,0,1,0,0,0,3
-15,7,0,0,0,0,0,0,0,0,1
6,-12,0,0,0,0,1,1,0,0,3
20,3,0,0,0,0,0,0,0,0,1
2,6,0,0,1,0,0,0,0,0,1
-1,-2,0,0,0,0,0,0,0,0,0
-4,3,1,0,0,0,1,0,0,0,1
1,0,0,0,0,0,0,0,0,0,3
-25,-8,0,0,0,0,0,0,0,0,0
-1,11,0,0,1,0,0,0,1,0,1
-3,-3,0,0,0,0,1,0,0,0,2
-18,9,0,0,0,0,0,0,1,1,1
-7,-9,0,0,0,0,0,0,0,0,0
-10,2,0,0,0,0,0,0,0,1,1
-5,-4,0,0,0,0,0,0,0,0,0
12,1,0,0,0,0,0,0,0,0,1
3,-2,0,0,0,0,0,0,0,0,0
-25,6,0,0,0,0,0,0,1,0,1
1,-1,0,1,0,0,1,0,0,0,3
2,1,0,0,0,0,0,0,0,0,1
-3,4,0,0,0,0,0,0,0,0,1
-10,4,0,0,0,0,0,0,0,0,1
5,3,0,0,0,0,0,1,0,0,3
0,8,0,0,0,0,0,0,0,0,1
-7,0,0,0,0,0,1,1,0,0,2
15,15,1,0,0,0,0,0,0,1,1
-12,-1,0,0,0,0,0,0,0,0,0
-19,8,0,0,0,0,0,1,0,0,2
7,-10,0,0,0,0,0,0,0,0,0
-10,-11,0,0,0,0,0,0,1,0,0
-1,-6,0,0,0,0,0,0,0,0,0
1,9,0,0,0,0,0,0,0,0,1
3,-3,0,0,0,0,1,0,0,0,3
-15,2,0,0,0,0,0,0,0,0,1
-4,-1,0,0,0,0,0,0,0,0,0
-20,-4,0,0,0,0,0,1,0,0,0
21,7,0,0,0,0,0,0,0,1,1
6,3,0,0,0,0,0,0,0,0,1
7,-5,0,0,0,0,0,0,0,0,0
-1,-1,0,1,0,0,0,0,0,0,0
10,-14,0,0,0,0,1,0,0,0,3
21,0,0,0,0,0,0,0,0,0,3
0,8,0,0,0,0,1,0,0,0,1
-12,6,0,0,0,0,0,0,0,0,1
16,-7,0,0,0,0,0,1,0,0,0
-15,-13,0,0,0,0,0,0,0,1,0
-17,-4,0,0,0,0,0,1,0,0,0
-26,-2,0,0,0,0,1,0,0,0,2
18,-9,0,1,0,0,0,0,0,0,0
-18,8,0,0,0,0,0,0,1,0,1
2,8,0,0,1,0,0,0,0,0,1
21,-3,0,0,0,0,0,0,0,0,0
-21,-2,0,0,0,0,0,0,0,0,0
20,7,0,0,0,0,0,0,0,0,1
-3,-6,0,0,0,0,1,0,0,0,2
2,-5,0,0,0,0,0,0,0,0,0
-6,-4,0,0,0,0,0,0,0,0,0
7,-3,0,0,1,0,1,0,0,0,3
21,0,0,0,0,0,0,0,0,0,3
-1,-4,0,0,0,0,0,0,0,0,0
-7,0,1,0,0,0,0,0,1,0,1
1,17,0,0,0,0,0,0,0,0,1
1,-1,0,0,0,0,0,0,0,0,0
11,1,0,0,0,0,0,0,0,0,1
-11,-4,0,0,0,0,0,1,0,0,0
16,3,1,0,0,0,0,0,0,0,1
-13,5,0,0,0,0,0,0,0,1,1
13,0,0,0,0,0,0,0,0,0,3
-14,2,0,0,0,0,0,0,0,0,1
-9,-5,0,0,0,0,0,0,0,0,0
-16,-14,0,0,0,0,0,0,0,0,0
6,-8,0,0,0,0,0,0,0,0,0
18,-5,0,0,0,0,0,0,0,0,0
-5,-7,0,0,0,0,1,0,1,0,1
19,5,0,0,0,0,0,0,0,0,1
-5,-13,0,0,0,1,0,0,0,0,0
-8,-13,0,0,0,0,0,0,0,0,0
-1,0,0,0,0,0,0,0,0,0,2
-15,-2,0,0,0,0,0,0,0,0,0
21,-2,0,0,1,0,0,0,0,0,0
-11,-12,0,0,0,1,0,0,1,0,0
6,3,0,0,0,0,0,0,0,0,1
-16,3,0,0,0,0,0,0,0,0,1
17,5,0,0,0,0,0,0,0,0,1
-10,7,0,0,0,0,0,0,0,1,1
-3,0,0,0,0,0,0,1,1,0,0
-13,-6,0,0,0,0,0,0,0,0,0
14,6,0,0,0,0,0,0,0,0,1
-9,6,0,0,0,0,0,0,0,0,1
-11,-16,0,0,0,0,0,1,1,0,0
-5,7,0,0,0,0,0,0,0,0,1
-12,-1,0,0,0,0,0,0,0,0,0
1,6,0,0,0,0,0,0,0,0,1
0,-9,0,0,0,0,0,0,0,0,0
-9,11,0,0,0,0,0,0,0,1,1
-6,0,0,0,0,0,0,0,0,1,2
-10,-10,0,0,0,0,1,1,0,0,2
-12,-14,0,0,0,0,0,0,0,0,0
-6,-10,0,0,0,0,0,0,0,0,0
-1,5,0,0,0,0,0,1,0,0,2
-8,-11,0,0,0,0,0,0,0,0,0
-20,5,0,0,0,0,0,1,0,0,2
-7,-4,0,0,0,0,1,0,0,0,2
-8,9,0,0,0,0,0,0,0,0,1
14,7,0,0,0,0,0,0,0,0,1
11,-3,0,0,0,0,0,0,0,1,0
5,2,1,0,0,0,0,0,0,0,1
1,-2,0,0,0,0,1,0,0,0,3
4,-3,0,0,0,0,0,0,0,0,0
-16,1,0,0,0,0,0,0,0,0,1
-15,16,0,0,0,0,0,0,0,0,1
6,2,0,0,0,0,0,0,0,0,1
10,-13,0,1,0,0,0,0,0,0,0
-6,2,0,0,0,0,0,0,1,0,1
-7,-4,0,0,0,1,0,0,0,0,0
5,-4,0,0,0,0,0,0,0,0,0
11,0,0,0,0,0,0,0,0,0,3
-19,5,0,0,0,0,0,0,0,0,1
-5,-1,0,0,0,0,0,0,1,0,0
12,-2,0,0,0,0,0,1,0,0,0
14,7,0,0,0,0,0,0,0,0,1
-6,-5,0,0,0,0,0,1,0,0,0
3,2,0,0,0,0,1,0,0,0,1
20,6,0,0,0,0,0,0,0,0,1
8,7,0,0,0,0,1,0,0,0,1
-8,-7,0,0,0,0,0,0,0,0,0
4,-5,0,1,0,0,0,0,1,0,0
1,11,0,0,0,0,0,0,0,0,1
-6,4,0,0,0,0,0,0,0,0,1
21,5,0,0,0,0,0,0,0,0,1
-10,-8,0,0,0,0,0,0,0,0,0
-5,-2,0,0,0,0,0,0,1,0,0
-5,-7,0,0,0,0,0,0,0,0,0
-4,1,0,0,0,0,0,0,0,0,1
-12,-1,0,0,0,0,0,1,1,0,0
-18,12,1,0,0,1,0,0,0,0,1
3,8,0,0,0,0,0,0,0,0,1
23,0,0,0,0,0,0,0,0,0,3
8,-6,0,0,0,0,0,0,1,1,0
5,6,0,0,0,0,0,0,0,1,1
13,-16,0,0,0,0,0,0,0,0,0
-4,-3,0,0,0,0,0,0,1,0,0
-3,0,0,0,0,0,0,0,0,1,2
-16,6,0,0,0,0,0,0,0,0,1
-15,-5,0,0,0,0,0,0,0,0,0
18,-17,0,0,0,0,0,0,1,0,0
-11,4,0,0,0,0,0,1,0,0,2
14,-2,0,0,0,0,0,0,0,0,0
-10,-1,0,0,0,0,0,1,0,0,0
2,-5,0,0,0,0,0,1,0,0,0
18,-12,0,0,0,0,0,0,0,0,0
15,2,0,0,0,0,0,0,0,0,1
-24,8,0,0,0,0,0,0,0,0,1
1,7,0,0,0,0,0,0,0,0,1
-10,7,0,0,0,0,0,0,0,0,1
6,1,0,0,0,0,0,0,0,0,1
-11,-11,0,0,0,0,0,0,0,0,0
9,-3,0,0,0,0,0,0,0,0,0
4,5,0,0,1,0,1,1,0,0,3
28,7,0,0,1,0,1,0,0,0,1
22,-10,0,0,1,0,0,0,0,0,0
10,-8,0,0,0,0,0,0,1,0,0
-12,2,0,0,0,0,0,0,0,0,1
-5,-16,0,0,0,0,0,0,0,0,0
-9,-1,0,1,0,0,0,0,0,1,0
-1,7,1,0,0,0,0,0,0,0,1
8,-1,0,0,0,0,0,0,0,0,0
-11,8,0,0,0,0,0,0,0,0,1
-7,14,0,0,0,0,0,0,0,0,1
-5,-2,0,0,0,0,1,0,0,0,2
0,-8,0,0,0,0,0,0,1,0,0
21,4,0,0,0,0,0,0,0,0,1
-26,10,0,0,0,0,0,1,0,0,2
5,8,0,0,0,0,0,0,0,0,1
16,10,0,0,0,0,0,0,0,0,1
4,5,1,0,0,0,0,1,0,0,3
-5,7,0,0,0,0,0,0,0,0,1
10,17,0,0,1,0,0,1,0,0,3
2,-1,0,1,0,0,0,0,0,0,0
-9,-6,0,0,0,0,0,0,0,0,0
3,-3,0,0,0,0,1,0,0,0,3
-4,-14,0,0,0,0,0,0,0,1,0
-6,6,0,0,0,0,0,0,0,0,1
-19,11,0,0,0,0,0,0,0,0,1
-8,2,0,0,0,0,0,0,0,0,1
3,-5,0,0,0,0,0,0,0,0,0
-19,-3,0,0,0,0,0,0,0,0,0
-15,7,0,0,0,0,0,0,0,0,1
2,-12,0,0,0,0,0,0,1,0,0
-17,-2,0,0,0,0,0,0,0,0,0
-6,-4,0,0,0,0,0,0,0,1,0
-4,1,0,0,0,0,0,0,0,0,1
3,-2,0,0,0,0,0,0,0,0,0
-15,-11,0,0,0,0,1,0,0,0,2
-13,0,0,0,0,0,0,0,0,0,2
-14,-7,0,1,0,1,0,0,0,0,0
-1,7,0,0,0,0,0,0,0,0,1
1,-17,0,1,0,0,0,0,1,0,0
18,12,0,0,0,0,1,0,0,0,1
3,-1,0,0,0,0,0,0,0,0,0
0,-2,0,0,0,0,0,0,0,0,0
-19,-2,0,0,0,1,0,0,0,0,0
17,4,0,0,0,0,0,0,0,0,1
9,4,0,0,0,0,0,0,0,0,1
-5,0,0,0,0,0,0,0,0,0,2
7,3,0,0,0,0,0,0,0,0,1
10,4,0,0,0,0,0,1,0,0,3
4,10,0,0,0,0,0,0,0,0,1
12,10,0,0,0,0,0,0,0,0,1
2,-5,0,0,0,0,0,0,0,0,0
-17,9,0,0,0,0,1,0,0,0,1
-1,2,0,0,0,0,0,1,0,0,2
-1,6,0,0,0,0,0,0,0,0,1
-7,-12,0,0,0,0,0,0,0,0,0
-16,9,0,0,0,0,0,0,0,0,1
-4,13,0,0,0,0,0,0,0,0,1
4,5,0,0,0,0,0,0,0,0,1
1,9,0,0,0,0,0,0,0,0,1
-17,-2,0,0,0,0,1,0,0,0,2
6,2,0,0,0,0,0,0,0,0,1
-2,-5,0,0,0,0,0,0,0,1,0
-2,9,0,0,0,0,0,0,0,1,1
-1,15,0,0,0,0,0,0,0,1,1
21,5,0,0,0,0,0,0,0,0,1
-16,-2,0,0,0,0,0,0,0,0,0
-2,2,0,0,0,0,0,0,0,0,1
-1,0,0,0,0,0,1,0,0,0,2
2,-3,0,0,0,0,0,0,1,0,0
2,4,0,0,0,0,0,0,0,0,1
-17,-16,0,1,0,0,0,0,0,0,0
22,7,0,0,0,0,0,0,0,0,1
14,7,0,0,0,0,0,1,0,0,3
0,13,0,0,0,0,0,0,0,0,1
-15,2,0,0,0,0,0,0,0,0,1
-6,-8,0,0,0,0,0,0,0,0,0
-17,-3,0,0,0,0,0,1,0,0,0
-5,15,0,0,0,0,0,1,0,0,2
16,-6,0,0,0,0,0,0,0,0,0
4,-5,0,0,0,0,0,1,0,0,0
-5,-3,0,0,0,0,0,0,0,0,0
-22,8,0,0,0,0,0,0,1,0,1
6,-4,0,0,0,0,0,0,0,0,0
17,-5,0,1,0,0,0,0,0,0,0
-7,-1,1,0,0,0,0,0,0,0,2
-8,-5,0,0,0,0,0,0,0,0,0
10,-13,0,0,0,0,0,0,0,0,0
3,15,0,0,0,0,0,0,0,0,1
-14,1,1,0,0,0,0,1,0,0,2
4,-5,0,0,0,0,0,0,0,0,0
5,0,0,0,0,0,0,0,0,0,3
20,4,0,0,0,0,0,1,0,0,3
3,-2,0,0,0,0,0,0,0,0,0
-20,-9,0,0,0,0,0,0,0,0,0
12,7,0,0,0,0,0,0,0,0,1
-6,-9,0,0,0,0,0,0,0,0,0
-2,-1,0,0,0,0,0,0,0,0,0
8,0,0,0,0,0,0,0,0,0,3
1,8,0,0,0,1,0,0,0,1,1
0,5,1,0,0,0,0,0,1,0,1
5,4,0,0,0,0,0,0,0,0,1
13,0,0,0,1,0,0,0,1,0,3
-2,15,0,0,0,1,0,0,0,0,1
-26,10,0,0,0,0,0,0,0,0,1
-24,-1,1,0,0,1,0,0,0,0,2
-1,9,0,0,0,0,0,0,0,1,1
-5,-12,0,0,0,0,0,0,0,0,0
2,9,1,0,0,0,0,0,0,0,1
-18,7,1,0,0,1,1,0,0,0,1
6,-6,0,0,0,0,0,0,0,0,0
17,-6,0,0,0,0,1,0,0,0,3
3,7,0,0,0,0,0,1,0,0,3
-14,-1,1,0,0,0,0,0,0,0,2
19,8,0,0,0,0,0,1,0,0,3
-14,-5,0,0,0,0,0,1,0,0,0
-8,2,0,0,0,0,0,0,0,0,1
3,12,0,0,1,0,0,0,0,0,1
2,-10,0,0,0,0,0,0,0,0,0
1,1,0,0,0,0,0,0,0,0,1
-13,-1,0,0,0,0,0,0,0,0,0
0,17,1,0,0,0,0,0,1,0,1
-12,-1,0,0,0,0,1,0,0,0,2
3,9,0,0,0,0,0,0,0,0,1
9,-11,0,0,0,0,0,0,0,0,0
-5,2,0,0,0,0,0,0,0,0,1
1,9,0,0,0,0,0,1,0,0,3
7,-17,0,1,0,0,0,0,0,0,0
-3,-1,0,0,0,0,0,0,0,0,0
12,-2,0,0,0,0,0,0,0,0,0
-17,-8,0,0,0,0,1,1,0,0,2
-17,4,0,0,0,0,0,0,0,0,1
-11,-6,0,0,0,0,0,0,0,0,0
-7,-1,0,1,0,0,0,0,0,0,0
-1,-10,0,0,0,0,0,0,0,1,0
-1,4,0,0,0,0,0,1,0,0,2
-10,4,0,0,0,0,0,0,0,0,1
-7,5,1,0,0,0,0,0,0,0,1
-22,1,0,0,0,0,0,0,0,0,1
1,0,0,0,0,0,0,0,0,1,0
-9,-12,0,1,0,0,0,0,0,0,0
12,-2,0,0,0,0,0,0,0,0,0
-11,16,0,0,0,0,0,0,0,0,1
-2,-4,0,0,0,0,0,0,0,0,0
12,-1,0,0,0,0,1,0,0,0,3
-16,13,0,0,0,0,0,0,0,0,1
7,9,0,0,0,0,0,0,0,0,1
-22,-5,0,0,0,1,0,0,0,0,0
9,1,0,1,0,0,0,0,0,0,3
-20,9,0,0,0,0,0,0,0,1,1
-10,-3,0,0,0,0,0,0,0,1,0
-3,-5,0,0,0,0,0,0,0,0,0
7,-4,0,0,0,0,0,0,0,1,0
12,5,0,0,0,0,0,1,1,0,3
-6,4,0,0,0,0,0,0,0,0,1
-24,-10,0,0,0,0,1,0,0,0,2
10,4,0,0,0,0,0,0,0,0,1
-10,-10,0,0,0,0,0,1,0,0,0
-1,-6,0,1,0,0,0,0,1,1,0
17,2,0,0,0,0,1,0,0,0,1
-3,7,0,0,0,0,0,0,0,0,1
19,15,0,0,0,0,0,0,0,1,1
-25,8,0,0,0,0,0,0,1,0,1
-1,1,1,0,0,0,1,0,0,0,1
12,-5,0,0,0,0,0,0,0,0,0
8,-3,0,0,0,0,0,0,0,0,0
21,0,0,0,0,0,0,0,0,0,3
-14,-12,0,0,0,0,0,0,0,1,0
-12,-3,0,0,0,0,0,0,0,0,0
-10,1,0,0,0,0,0,0,0,0,1
15,-3,0,0,0,0,1,0,0,0,3
18,2,0,0,0,0,0,0,0,0,1
8,-7,0,0,0,0,0,0,0,0,0
-1,-1,0,0,0,0,0,0,0,0,0
-11,1,0,0,0,0,0,0,0,0,1
1,5,0,0,0,0,0,0,0,0,1
8,3,0,0,0,0,0,0,0,1,1
-15,2,0,0,0,0,0,0,0,0,1
-8,2,0,0,0,0,0,0,1,0,1
11,-18,0,1,0,0,0,0,0,0,0
-2,5,0,0,0,0,0,0,0,0,1
2,9,0,0,0,0,0,0,0,0,1
8,-1,0,0,0,0,0,0,0,0,0
13,4,0,0,0,0,0,0,0,0,1
5,8,0,0,0,0,0,0,0,0,1
7,10,0,0,0,0,0,0,0,0,1
4,10,0,0,0,0,0,0,0,0,1
-11,5,0,0,0,0,0,0,0,0,1
-4,-14,0,0,0,0,0,0,1,0,0
-10,10,0,0,0,0,0,0,0,0,1
8,12,0,0,0,0,0,0,0,0,1
-6,-1,0,0,0,1,0,0,0,0,0
4,-6,0,0,0,0,0,0,0,0,0
14,-5,0,0,0,0,0,0,0,0,0
-3,-1,0,0,0,0,0,0,0,0,0
-18,2,1,0,0,0,0,0,1,0,1
-15,-6,0,0,0,0,0,0,0,1,0
3,-13,0,1,0,0,0,0,0,0,0
-10,10,0,0,0,0,0,0,0,0,1
3,3,0,0,0,0,0,0,0,0,1
3,-9,0,0,0,0,0,0,0,0,0
11,-14,0,0,0,0,0,1,0,0,0
11,-6,0,0,1,0,1,0,0,0,3
-15,-6,0,0,0,0,0,0,0,0,0
14,-5,0,0,0,0,1,0,0,0,3
-9,14,0,0,0,0,0,0,0,0,1
-6,-6,0,0,0,0,0,0,0,0,0
-4,-12,0,0,0,0,0,0,0,0,0
22,-14,0,0,0,0,0,0,0,0,0
0,8,0,0,0,0,0,0,0,0,1
3,-5,0,0,0,0,0,0,0,0,0
11,-6,0,1,0,0,0,0,0,0,0
-15,-9,0,0,0,0,0,1,0,0,0
-3,9,0,0,0,0,0,0,0,0,1
1,-4,0,0,0,1,0,0,0,0,0
4,3,0,0,0,0,0,0,0,0,1
-11,1,0,0,0,0,0,0,0,0,1
15,5,1,0,0,0,0,0,1,1,1
20,-13,0,0,0,0,0,0,0,0,0
-3,-8,0,0,0,0,0,1,0,0,0
10,10,0,0,0,0,0,0,0,0,1
-5,-6,0,1,0,0,0,0,0,0,0
-15,10,0,0,0,0,0,0,0,0,1
-19,-3,0,0,0,0,0,0,0,0,0
5,2,1,0,0,0,1,0,0,0,1
-3,18,1,0,0,0,0,0,0,0,1
16,17,1,0,0,0,0,1,0,0,3
-8,-8,0,0,0,0,0,0,0,0,0
7,12,1,0,0,0,0,0,0,0,1
20,-7,0,0,0,0,0,0,0,0,0
16,9,0,0,0,0,0,0,0,0,1
-13,2,0,0,0,0,0,0,0,1,1
4,-4,0,0,0,0,0,0,0,0,0
13,-9,0,0,0,0,0,0,0,1,0
3,-12,0,0,0,0,0,0,0,0,0
-10,-4,0,0,0,0,0,0,0,0,0
0,10,0,0,0,0,0,1,0,0,0
-23,2,0,0,0,0,1,0,0,0,1
11,-1,0,1,0,0,0,0,0,0,0
2,-7,0,0,0,0,1,0,0,0,3
-24,-6,0,0,0,0,0,0,0,0,0
23,-9,0,0,0,0,0,0,0,0,0
-17,5,0,0,0,0,0,0,0,0,1
18,0,0,0,0,0,0,0,0,0,3
-23,-13,0,0,0,0,0,0,0,0,0
19,11,0,0,0,0,0,0,0,0,1
-13,7,0,0,0,0,1,0,0,0,1
5,10,0,0,0,0,0,0,0,0,1
3,-6,0,0,0,0,0,0,0,0,0
-12,3,0,0,0,0,0,0,0,0,1
-13,-11,0,1,0,0,0,0,0,0,0
-1,-4,0,1,0,0,0,0,0,0,0
0,5,1,0,0,0,0,0,0,0,1
14,-7,0,0,0,0,0,0,0,0,0
-1,-6,0,0,0,0,0,0,0,0,0
-5,-1,0,0,0,0,0,0,0,0,0
4,0,0,0,0,0,0,0,0,0,3
2,-1,0,0,0,0,0,0,0,0,0
-14,9,0,0,0,0,1,0,0,0,1
-2,12,0,0,0,0,0,0,0,0,1
-5,3,0,0,0,0,0,0,0,0,1
4,4,0,0,0,0,0,0,0,0,1
-14,-4,0,0,0,0,0,0,0,0,0
4,-10,0,0,0,0,0,0,0,1,0
7,-10,0,0,0,0,0,1,0,0,0
13,4,0,0,0,0,0,0,0,0,1
-1,1,0,0,0,0,0,1,0,0,2
-10,3,0,0,0,0,0,1,0,0,2
-7,-6,0,0,0,0,0,0,0,0,0
20,9,0,0,1,0,1,0,0,0,1
-2,2,0,0,0,0,0,1,0,0,2
2,0,0,0,0,0,0,0,0,0,3
5,1,0,0,0,0,0,0,0,0,1
5,5,0,0,0,0,0,0,0,0,1
3,-9,0,0,0,0,0,0,0,0,0
-11,2,0,0,0,0,0,1,0,0,2
-15,12,0,0,0,0,0,0,0,0,1
-14,5,0,0,0,0,0,0,0,0,1
13,8,0,0,0,0,0,0,0,0,1
-6,1,0,0,0,0,0,0,0,0,1
22,-2,0,0,0,0,0,0,0,0,0
-4,5,0,0,0,0,0,1,0,0,2
-16,3,1,0,0,0,0,0,0,0,1
18,6,0,0,0,0,0,0,0,0,1
-1,-1,0,0,0,0,0,0,0,0,0
-1,-15,0,1,0,0,0,0,0,0,0
-2,-6,0,0,0,0,0,0,0,0,0
-5,1,0,0,0,0,0,0,0,0,1
-25,13,0,0,0,0,0,0,0,0,1
4,-4,0,0,0,0,0,0,0,0,0
-18,-2,0,0,0,0,0,1,0,0,0
-7,5,0,0,0,0,0,0,0,0,1
-4,9,0,0,0,0,0,0,0,0,1
6,-10,0,0,0,0,1,0,1,0,3
-19,-1,0,0,0,0,0,0,0,0,0
-17,4,0,0,0,0,1,0,0,0,1
4,1,0,0,0,0,0,0,0,0,1
-2,-2,0,0,0,0,0,0,0,0,0
6,-4,0,0,0,0,0,0,0,1,0
-23,-7,0,0,0,1,0,0,1,0,0
0,-7,0,1,0,0,0,0,1,0,0
17,-4,0,1,0,0,0,0,0,0,0
12,-4,0,0,0,0,0,0,0,0,0
12,1,0,0,0,0,1,0,0,0,1
6,-4,0,0,0,0,0,0,0,0,0
12,-11,0,1,0,0,0,0,0,1,0
0,-1,0,0,0,0,0,0,0,0,0
17,6,0,0,0,0,0,1,0,0,3
16,5,0,0,0,0,1,1,0,0,3
10,3,0,0,0,0,1,0,0,1,1
14,1,0,0,0,0,0,0,0,0,1
11,5,1,0,0,0,0,0,0,0,1
-4,-8,0,0,0,0,0,0,0,0,0
10,-10,0,0,0,0,0,0,0,0,0
14,-8,0,1,0,0,0,0,0,0,0
-25,-2,0,0,0,0,0,0,0,0,0
10,9,0,0,0,0,0,0,1,0,1
4,-5,0,0,0,0,1,0,0,0,3
5,-6,0,0,0,0,0,0,0,0,0
-2,13,0,0,0,0,0,1,0,0,2
-7,2,0,0,0,0,0,0,0,0,1
1,1,0,0,1,0,0,0,0,0,1
3,9,0,0,0,0,0,1,0,0,3
-17,0,0,0,0,0,0,0,0,0,2
-11,2,0,0,0,0,0,0,0,0,1
-7,16,0,0,0,0,0,0,0,0,1
2,-16,0,0,0,0,1,0,0,0,3
-19,-9,0,0,0,0,0,0,0,0,0
0,-1,0,0,0,0,0,1,0,0,0
-1,1,0,0,0,0,0,0,0,0,1
-1,-7,0,0,0,0,0,0,0,0,0
15,9,0,0,0,0,0,0,0,0,1
1,-1,0,0,0,0,1,0,0,0,3
1,8,0,0,0,0,0,0,1,0,1
-11,-12,0,0,0,0,0,0,0,0,0
23,-14,0,0,0,0,0,0,0,0,0
8,12,1,0,0,0,0,0,0,0,1
-20,2,0,0,0,0,0,0,0,0,1
1,-11,0,0,0,0,1,0,0,0,3
-4,-1,0,0,0,0,0,0,0,1,0
-20,-11,0,0,0,0,0,0,0,0,0
12,-4,0,0,0,0,1,0,0,0,3
11,-9,0,0,0,0,0,0,1,0,0
13,2,0,0,0,0,0,1,0,1,0
-4,9,0,0,0,1,1,0,1,0,1
16,-5,0,0,0,0,0,0,0,0,0
-7,-3,0,0,0,0,0,0,0,0,0
2,2,0,0,0,0,0,0,0,1,1
-10,2,0,0,0,0,0,1,0,0,2
5,-4,0,0,0,0,0,0,0,0,0
10,-12,0,0,0,0,0,0,0,0,0
-15,-6,0,0,0,0,1,0,0,0,2
-4,-15,0,1,0,0,0,0,0,1,0
-5,0,1,0,0,0,1,0,0,0,2
25,14,0,0,1,0,0,0,0,0,1
18,-15,0,0,0,0,0,0,0,0,0
14,0,0,0,0,0,0,0,0,0,3
23,-9,0,0,1,0,0,0,0,0,0
-3,-9,0,0,0,0,0,0,0,0,0
-5,-2,0,0,0,0,0,0,0,0,0
20,15,0,0,0,0,0,0,0,0,1
-3,1,0,0,0,0,0,0,0,0,1
26,5,0,0,1,0,0,0,0,0,1
6,-7,0,0,0,0,1,0,0,0,3
-20,-8,0,0,0,0,0,0,0,0,0
6,4,0,0,0,0,0,0,0,0,1
-2,-5,0,0,0,0,0,0,0,0,0
-3,17,1,0,0,0,0,0,0,0,1
1,-2,0,1,0,0,0,0,0,0,0
17,-5,0,0,0,0,0,0,0,0,0
-3,0,0,0,0,0,0,0,0,0,2
11,5,0,0,0,0,0,0,0,1,1
-3,-6,0,0,0,0,0,0,0,0,0
-6,-11,0,1,0,0,0,0,0,0,0
-6,3,0,0,0,0,0,0,0,0,1
-8,0,0,0,0,0,0,0,0,0,2
1,7,0,0,0,1,0,1,0,0,0
24,3,1,0,0,0,0,0,0,0,1
2,-10,0,0,0,0,0,0,0,0,0
0,1,0,0,0,0,0,0,0,0,1
11,6,0,0,0,0,0,0,0,0,1
23,-8,0,1,0,0,0,0,1,0,0
-9,-10,0,0,0,0,0,0,0,0,0
-20,-9,0,0,0,0,0,0,0,0,0
-5,-9,0,0,0,0,0,0,0,0,0
0,-9,0,0,0,0,0,0,0,1,0
5,10,0,0,0,0,1,0,0,0,1
-19,10,0,0,0,0,0,1,0,0,2
3,7,0,0,0,0,0,1,0,0,3
-23,-13,0,0,0,1,0,0,0,0,0
10,3,0,0,0,0,0,0,0,0,1
-9,10,1,0,0,0,0,0,0,0,1
13,-8,0,0,0,0,0,0,0,0,0
-9,9,0,0,0,0,1,0,0,0,1
8,5,0,0,0,0,0,0,1,0,1
11,-11,0,0,0,0,0,0,0,0,0
3,5,0,0,0,0,0,0,0,0,1
-26,0,0,0,0,1,0,1,0,0,2
14,1,0,0,0,0,0,0,1,0,1
-13,5,0,0,0,0,0,0,0,0,1
23,-8,0,0,1,0,0,0,0,0,0
-1,-15,0,0,0,0,1,0,0,1,2
3,4,0,0,0,0,0,0,0,1,1
-14,8,0,0,0,0,0,0,0,0,1
0,10,0,0,0,0,0,1,0,0,0
-12,12,0,0,0,0,0,0,0,0,1
-8,14,0,0,0,0,0,0,0,1,1
-5,-13,0,0,0,0,0,0,0,0,0
-4,2,0,0,0,0,0,0,0,0,1
-5,-7,0,0,0,0,1,0,0,0,2
-10,-4,0,0,0,0,0,1,0,0,0
-11,-10,0,0,0,0,0,0,0,0,0
16,1,0,0,1,0,0,0,0,0,1
16,-7,0,0,0,0,0,1,0,0,0
19,-2,0,1,0,0,0,0,0,0,0
-3,2,0,0,0,0,0,0,0,0,1
-22,-3,0,0,0,0,0,0,0,1,0
-13,-7,0,0,0,0,0,0,0,0,0
-13,0,0,0,0,0,0,0,0,0,2
-22,1,0,0,0,0,0,0,0,0,1
-7,11,0,0,0,0,0,0,0,0,1
-6,-5,0,0,0,0,0,0,0,0,0
11,5,0,0,0,0,0,0,0,1,1
-13,0,0,0,0,0,0,0,0,0,2
-8,15,0,0,0,1,0,0,0,0,1
18,5,0,0,0,0,0,0,0,0,1
-22,0,0,0,0,0,0,0,0,0,2
25,11,0,0,1,0,0,0,0,0,1
-13,-1,0,0,0,0,0,0,0,0,0
5,9,0,0,0,0,0,0,0,0,1
-15,13,1,0,0,0,1,0,0,0,1
7,4,0,0,0,0,0,0,0,0,1
0,-3,0,0,0,0,0,0,0,1,0
11,-1,0,0,0,0,0,0,0,0,0
-3,-3,0,0,0,0,0,0,0,0,0
3,-1,0,0,0,0,0,0,0,0,0
-4,2,0,0,0,0,0,0,0,1,1
16,-8,0,0,0,0,0,0,0,0,0
12,-3,0,0,0,0,0,0,0,0,0
9,6,0,0,0,0,0,0,0,0,1
8,-3,0,0,0,0,0,1,0,0,0
7,8,0,0,0,0,1,0,1,0,1
-9,-5,0,0,0,0,0,1,0,0,0
-3,2,0,0,0,0,0,0,0,1,1
-4,-10,0,0,0,0,0,0,0,0,0
15,3,0,0,0,0,0,1,0,1,0
0,-12,0,0,0,0,0,0,0,1,0
-15,-9,0,0,0,0,0,1,1,0,0
-18,4,0,0,0,0,0,0,0,0,1
16,15,0,0,0,0,0,1,0,0,3
-22,15,1,0,0,0,0,0,0,0,1
-3,6,0,0,0,0,0,0,0,0,1
11,1,0,0,0,0,0,0,0,0,1
-12,-2,0,0,0,0,0,0,0,0,0
13,-2,0,0,0,0,0,0,0,0,0
-10,-11,0,1,0,0,0,0,1,0,0
-18,-2,0,0,0,0,0,0,0,0,0
14,-7,0,0,0,0,0,0,0,0,0
-8,1,0,0,0,0,0,0,0,0,1
19,11,1,0,0,0,1,0,0,1,1
-20,12,0,0,0,0,0,0,0,0,1
-8,-15,0,0,0,0,0,0,0,0,0
-19,2,1,0,0,0,0,0,0,0,1
14,5,0,0,0,0,1,0,0,0,1
-17,-6,0,0,0,0,0,0,1,0,0
-24,-9,0,0,0,0,0,0,1,0,0
-23,-4,0,0,0,0,0,0,0,1,0
-10,3,0,0,0,0,1,1,0,0,2
0,7,0,0,0,0,0,0,0,0,1
12,-9,0,1,0,0,0,0,0,0,0
-7,-2,0,0,0,0,0,0,0,0,0
16,-3,0,0,0,0,0,0,1,0,0
-23,8,0,0,0,0,0,1,0,0,2
1,8,0,0,0,0,0,0,0,0,1
-6,0,0,0,0,0,0,0,0,0,2
11,0,1,0,0,0,0,0,0,0,3
1,10,0,0,0,0,0,0,0,0,1
-7,-7,0,1,0,0,0,0,0,0,0
-12,-4,0,0,0,0,0,0,0,0,0
22,-8,0,0,0,0,0,0,0,0,0
-13,9,0,0,0,0,1,0,0,1,1
-23,4,0,0,0,1,0,0,0,0,1
-6,0,0,0,0,0,0,0,0,0,2
11,-2,0,0,0,0,0,0,0,0,0
1,-5,0,0,0,0,0,0,0,0,0
1,8,0,0,0,0,0,0,0,0,1
8,-6,0,0,0,0,1,0,0,0,3
-24,-10,0,0,0,0,0,0,0,0,0
0,-4,0,0,0,0,0,1,0,0,0
2,7,0,0,0,0,0,0,0,0,1
19,-1,0,0,0,0,0,0,0,0,0
-19,2,0,0,0,0,0,0,0,0,1
1,-4,0,0,0,0,0,0,0,1,0
2,-12,0,0,0,0,0,0,0,0,0
-16,-6,0,0,0,0,0,0,0,0,0
-14,5,0,0,0,0,0,0,0,0,1
-15,11,0,0,0,0,0,0,0,0,1
-13,-8,0,0,0,0,0,0,1,0,0
5,-5,0,0,0,0,0,1,0,0,0
-9,-7,0,0,0,0,0,0,0,1,0
1,-5,0,0,1,0,0,0,0,0,0
12,11,1,0,0,0,1,0,0,0,1
-10,9,0,0,0,0,0,0,0,0,1
-18,2,0,0,0,0,0,0,1,0,1
-4,-10,0,0,0,0,1,0,0,0,2
12,-3,0,0,0,0,0,0,0,1,0
-27,3,0,0,0,0,0,0,1,0,1
-2,-11,0,0,0,0,0,0,0,1,0
-18,-4,0,0,0,0,0,0,0,1,0
-14,-6,0,0,0,0,0,0,0,0,0
-2,-1,0,0,0,0,0,1,0,0,0
0,-9,0,1,0,0,0,0,1,0,0
25,6,1,0,0,0,0,0,0,0,1
9,1,1,0,0,0,0,0,0,1,1
2,-6,0,0,0,0,0,0,1,0,0
3,-10,0,0,0,0,0,0,0,0,0
0,7,0,0,0,0,0,0,0,0,1
4,2,0,0,0,0,0,0,0,0,1
-11,11,1,0,0,0,0,0,0,0,1
4,4,0,0,0,0,0,0,0,0,1
9,8,0,0,0,0,0,0,0,0,1
22,-2,0,0,0,0,0,0,0,0,0
-13,6,0,0,0,0,0,0,0,0,1
10,-12,0,0,0,0,0,0,0,0,0
-5,-2,0,0,0,0,0,0,0,0,0
1,4,0,0,0,0,0,0,0,1,1
-7,-4,0,0,0,0,0,0,0,0,0
-1,-7,0,0,0,0,0,0,0,0,0
-7,6,0,0,0,0,1,0,0,0,1
-6,3,0,0,0,0,0,0,0,0,1
2,15,0,0,0,0,0,0,0,0,1
7,-2,0,0,0,0,0,0,0,0,0
3,3,0,0,0,0,0,0,1,0,1
12,16,1,0,0,0,0,0,0,0,1
1,2,0,0,0,0,0,0,0,0,1
14,-5,0,0,0,0,0,0,0,0,0
-1,-11,0,0,0,0,0,0,0,0,0
5,-3,0,0,0,0,0,0,0,0,0
-14,6,0,0,0,0,0,0,0,1,1
-9,7,0,0,0,0,1,0,0,0,1
8,-2,0,1,0,0,0,0,0,0,0
-5,14,0,0,0,0,0,0,1,0,1
3,-4,0,0,0,0,0,0,0,1,0
0,-8,0,0,0,0,1,0,1,1,1
-17,15,0,0,0,0,0,0,1,0,1
12,6,1,0,0,0,0,1,0,0,3
9,2,0,0,0,0,0,0,0,0,1
14,5,0,0,0,0,0,0,0,0,1
2,1,0,0,0,0,0,0,0,0,1
-9,-16,0,0,0,0,1,0,0,0,2
1,0,0,0,0,0,0,0,0,0,3
-6,4,0,0,0,0,0,0,0,0,1
7,7,0,0,0,0,0,1,0,0,3
-23,-7,0,0,0,0,0,0,0,0,0
-21,-7,0,0,0,0,0,0,1,0,0
-4,8,0,0,0,0,0,0,0,0,1
2,-5,0,0,0,0,0,1,0,1,0
-17,-9,0,0,0,0,0,1,0,0,0
-4,-4,0,0,0,0,0,0,0,0,0
5,12,0,0,0,0,1,1,0,0,3
-1,4,0,0,0,0,1,0,0,0,1
-23,-16,0,1,0,0,0,0,0,0,0
8,-1,0,0,0,0,0,1,0,0,0
-2,0,1,0,0,0,0,0,0,1,2
0,11,0,0,0,0,0,0,0,0,1
-1,-11,0,0,0,0,0,0,0,0,0
-13,-4,0,0,0,0,0,0,1,0,0
6,11,0,0,0,0,0,0,1,0,1
1,-5,0,0,0,0,0,0,0,0,0
-23,2,0,0,0,1,0,0,0,0,1
-17,0,0,0,0,0,0,0,0,0,2
16,-6,0,0,0,0,0,0,0,0,0
-26,0,0,0,0,1,0,0,0,0,2
8,-2,0,0,0,0,0,0,1,0,0
5,2,0,0,0,0,0,0,0,0,1
1,1,0,0,0,0,0,0,0,0,1
-3,0,0,0,0,0,0,0,0,0,2
11,-1,0,0,0,0,1,0,0,0,3
-9,1,0,0,0,0,0,0,0,0,1
13,6,0,0,0,0,0,0,0,0,1
-9,5,1,0,0,0,0,0,0,0,1
8,3,1,0,0,0,1,0,0,0,1
-12,-1,0,0,0,0,0,0,0,0,0
11,-15,0,0,0,0,0,0,0,0,0
7,1,0,0,0,0,0,1,0,0,3
-20,-3,0,0,0,0,1,0,0,1,2
-10,6,0,0,0,0,0,0,0,0,1
-20,-13,0,0,0,0,0,1,0,0,0
8,1,0,0,0,0,0,0,0,1,1
-18,15,0,0,0,0,0,0,0,0,1
-4,-8,0,0,0,0,0,0,0,0,0
-3,7,0,0,0,0,0,0,0,0,1
-5,1,0,0,0,0,0,0,0,0,1
-13,4,1,0,0,0,0,0,0,0,1
11,-4,0,0,0,0,0,0,0,0,0
3,12,1,0,0,0,1,0,0,0,1
1,-4,0,0,1,0,0,0,0,0,0
-19,8,0,0,0,1,0,0,0,0,1
10,10,0,0,1,0,1,0,0,0,1
1,-2,0,0,0,0,0,1,0,0,0
-13,-12,0,0,0,0,0,0,0,0,0
11,-4,0,0,0,0,0,0,0,0,0
11,-6,0,0,0,0,0,0,0,0,0
21,0,0,0,0,0,0,0,0,0,3
-20,-4,0,0,0,0,0,0,0,0,0
-10,2,0,0,0,0,0,0,0,0,1
27,-4,0,0,0,0,0,0,0,0,0
3,-12,0,1,0,0,0,0,0,0,0
-14,-8,0,0,0,0,0,0,0,0,0
3,3,0,0,0,0,0,0,0,0,1
-6,5,0,0,0,0,0,0,0,0,1
2,0,0,0,0,0,0,0,0,0,3
-25,-6,0,0,0,0,0,0,0,0,0
-4,12,0,0,0,0,0,0,1,0,1
-2,5,0,0,0,0,0,0,0,0,1
-3,-5,0,0,0,0,0,0,1,0,0
-18,12,0,0,0,0,0,0,0,0,1
-10,-4,0,0,0,0,1,0,0,0,2
-14,9,0,0,0,0,0,0,0,0,1
10,-7,0,0,0,0,0,1,0,0,0
-10,1,0,0,0,0,0,0,1,0,1
0,3,0,0,0,0,0,0,0,0,1
11,-11,0,0,0,0,0,1,0,0,0
-20,9,1,0,0,0,0,0,0,1,1
20,-2,0,0,0,0,0,0,0,0,0
-12,-8,0,0,0,0,0,0,0,1,0
4,7,0,0,0,0,0,0,0,0,1
24,2,0,0,0,0,0,0,0,0,1
6,-5,0,0,0,0,1,0,0,0,3
-4,-1,0,0,0,0,0,1,0,0,0
6,-10,0,0,0,0,0,0,0,0,0
22,-5,0,0,0,0,0,0,0,0,0
-6,-6,0,0,0,0,0,0,0,0,0
-11,-13,0,0,0,0,0,0,0,0,0
-11,5,0,0,0,0,0,0,0,0,1
-16,1,0,0,0,0,0,0,0,0,1
7,16,0,0,0,0,0,0,0,0,1
-1,-8,0,0,0,0,0,0,0,0,0
11,-2,0,1,0,0,0,0,0,0,0
-3,0,0,0,0,0,0,0,0,0,2
-1,-5,0,0,0,0,0,0,1,0,0
0,-12,0,1,0,0,0,1,0,0,0
-22,-10,0,0,0,0,0,0,0,1,0
1,-16,0,0,0,0,0,0,1,0,0
-25,-12,0,0,0,1,0,0,0,0,0
-11,-8,0,0,0,0,0,0,0,0,0
20,0,0,0,0,0,0,0,0,0,3
-11,-3,0,0,0,0,0,0,0,0,0
-10,-12,0,0,0,0,0,1,0,0,0
4,-3,0,0,0,0,0,0,0,0,0
12,-10,0,0,0,0,0,0,0,0,0
-8,7,0,0,0,0,1,0,1,0,1
-18,3,0,0,0,1,0,0,0,0,1
20,-1,0,0,1,0,0,0,1,0,0
-23,-9,0,0,0,0,0,0,0,0,0
10,13,0,0,0,0,0,0,0,0,1
-8,-8,0,0,0,0,0,1,0,0,0
-1,-3,0,0,0,0,0,0,0,1,0
-12,-8,0,0,0,0,0,0,0,0,0
-5,-17,0,0,0,0,0,0,0,0,0
8,-1,0,0,0,0,0,0,0,0,0
-8,-7,0,1,0,0,0,1,0,0,0
5,-2,0,0,0,0,0,0,0,0,0
-4,13,0,0,0,0,0,0,0,0,1
-13,6,0,0,0,0,0,0,0,0,1
4,-7,0,0,0,0,0,0,0,0,0
-14,-4,0,0,0,0,0,0,1,0,0
-7,7,0,0,0,1,0,0,0,0,1
25,0,0,0,0,0,0,0,0,0,3
23,0,0,0,0,0,1,0,0,0,3
-19,-11,0,0,0,0,0,0,0,1,0
-11,7,1,0,0,0,0,0,0,0,1
8,-10,0,0,0,0,1,0,0,0,3
-10,-6,0,0,0,0,0,0,0,0,0
8,1,0,0,0,0,0,0,0,0,1
21,5,0,0,0,0,0,0,0,0,1
-6,-10,0,1,0,0,0,0,1,0,0
3,3,0,0,0,0,0,0,0,0,1
15,0,0,0,0,0,0,0,0,0,3
2,-8,0,0,0,0,0,0,0,1,0
3,-9,0,0,0,0,1,0,0,0,3
-17,5,0,0,0,0,0,0,0,0,1
2,-5,0,0,0,0,0,0,0,0,0
-3,16,0,0,0,0,0,1,0,0,2
-10,0,0,0,0,0,0,0,0,0,2
-25,0,0,0,0,1,1,0,0,1,2
-2,-7,0,0,0,0,0,0,0,0,0
13,8,0,0,0,0,0,0,0,0,1
23,-9,0,0,0,0,0,1,0,0,0
-12,8,0,0,0,0,0,0,0,1,1
-4,16,0,0,0,0,0,1,0,0,2
2,6,0,0,0,0,0,0,0,0,1
-14,-10,0,0,0,0,0,0,0,0,0
26,-1,0,0,0,0,1,0,0,0,3
5,3,0,0,0,0,0,0,0,0,1
-17,-10,0,0,0,0,1,0,0,0,2
-1,-1,0,0,0,0,0,0,0,0,0
9,0,0,0,0,0,0,0,0,0,3
5,4,0,0,0,0,0,0,0,0,1
2,-2,0,0,0,0,0,0,0,0,0
-11,-9,0,1,0,0,0,0,0,0,0
-3,4,0,0,0,0,0,0,0,0,1
18,9,0,0,0,0,0,0,1,0,1
-2,2,0,0,0,0,0,0,0,0,1
-1,-1,0,0,0,0,0,0,0,0,0
7,6,0,0,0,0,0,0,1,0,1
5,4,0,0,0,0,0,0,1,0,1
-20,-3,0,0,0,0,0,0,0,0,0
3,3,0,0,0,0,0,0,0,0,1
1,-3,0,0,0,0,0,1,1,1,0
8,3,1,0,0,0,0,0,0,0,1
2,-7,0,0,0,0,0,0,0,0,0
14,-7,0,0,0,0,0,0,0,0,0
-13,-5,0,0,0,0,0,0,0,0,0
12,5,0,0,1,0,0,0,0,0,1
-5,-16,0,0,0,0,0,0,0,0,0
-6,1,0,1,0,0,0,0,0,0,2
-10,-9,0,0,0,0,0,0,0,0,0
8,11,0,0,0,0,0,0,0,0,1
3,14,0,0,0,0,0,0,0,1,1
23,6,0,0,0,0,0,0,0,0,1
-4,-8,0,0,0,0,0,0,1,0,0
-16,-5,0,1,0,0,1,0,0,0,2
14,10,1,0,0,0,0,0,0,1,1
-3,2,0,0,0,0,0,0,0,0,1
-1,9,0,0,0,0,1,0,0,0,1
14,-7,0,0,0,0,1,0,1,0,3
19,-4,0,1,0,0,0,0,0,0,0
14,1,0,0,0,0,1,0,0,0,1
6,1,0,1,0,0,0,0,1,0,3
4,-1,0,0,0,0,1,0,0,0,3
-2,13,0,0,0,0,0,0,0,0,1
11,2,0,0,0,0,0,1,0,0,3
-11,-7,0,0,0,0,0,0,0,0,0
13,3,0,0,0,0,0,0,0,1,1
15,18,1,0,0,0,0,0,0,0,1
-16,-2,0,0,0,0,0,0,0,0,0
-14,10,0,0,0,0,0,0,0,0,1
11,-5,0,0,0,0,0,0,0,0,0
-20,0,0,0,0,0,0,0,0,0,2
7,2,0,0,0,0,0,0,0,1,1
-12,2,0,0,0,0,0,1,0,0,2
-13,0,0,0,0,0,0,0,0,0,2
-16,-8,0,0,0,1,0,0,0,0,0
21,-10,0,0,0,0,0,0,0,0,0
-10,1,0,0,0,0,0,0,0,0,1
3,-7,0,0,0,0,0,0,0,0,0
-6,4,0,0,0,0,0,0,0,0,1
-27,-9,0,0,0,1,0,0,0,0,0
-21,10,0,0,0,0,1,0,0,0,1
-12,-8,0,0,0,0,0,0,0,0,0
-16,5,0,0,0,0,0,0,0,0,1
-13,-7,0,0,0,0,0,0,0,0,0
-26,8,0,0,0,0,0,1,0,0,2
-6,6,0,0,0,0,0,1,0,0,2
-3,-5,0,0,0,0,0,0,0,0,0
9,-4,0,0,1,0,0,1,0,0,0
14,8,0,0,0,0,0,1,0,0,3
23,8,0,0,0,0,0,0,0,0,1
11,-4,0,0,0,0,0,1,0,0,0
17,-4,0,0,0,0,0,0,0,1,0
-1,3,0,0,0,0,0,0,0,1,1
20,0,0,0,0,0,1,0,0,1,1
-1,10,0,0,0,0,1,0,0,0,1
7,2,0,0,0,0,0,0,0,0,1
-3,8,0,0,0,0,0,0,0,0,1
17,4,1,0,0,0,0,0,1,0,1
-9,-4,0,0,0,0,0,1,1,1,0
-3,3,0,0,0,0,0,0,0,0,1
5,0,0,0,0,0,1,0,0,0,3
-27,11,1,0,0,1,0,0,0,0,1
0,-11,0,0,0,0,1,0,0,0,1
-5,3,0,0,0,0,0,0,0,0,1
12,-9,0,0,0,0,0,0,0,0,0
-10,-1,0,0,0,0,0,0,0,0,0
-13,10,0,0,0,0,0,0,0,0,1
14,10,0,0,1,0,1,0,0,0,1
4,-1,0,0,0,0,1,0,1,0,3
-1,-17,0,1,0,0,0,0,0,1,0
-6,-6,0,0,0,0,0,0,0,0,0
-14,11,0,0,0,0,0,0,0,0,1
-4,4,0,0,0,0,0,0,0,0,1
-8,11,0,0,0,0,0,0,0,0,1
13,10,1,0,0,0,0,0,0,0,1
-3,-9,0,0,0,0,0,0,0,0,0
-1,4,0,0,0,0,0,0,0,0,1
-2,-6,0,0,0,0,0,0,0,0,0
14,6,1,0,0,0,0,0,1,0,1
2,5,0,0,0,0,0,0,0,1,1
-13,13,0,0,0,0,0,0,0,0,1
0,5,0,0,0,0,0,0,0,0,1
-8,0,0,0,0,0,0,0,0,1,2
14,12,0,0,0,0,0,1,0,0,3
-15,1,0,0,0,0,0,0,0,0,1
-2,-4,0,0,0,0,0,1,0,0,0
6,-4,0,0,0,0,0,0,0,0,0
3,-8,0,0,0,0,0,0,0,0,0
-14,16,1,0,0,1,0,0,0,1,1
-4,-5,0,0,0,1,1,0,0,1,2
7,-1,0,0,0,0,0,0,0,0,0
-6,-3,0,0,0,0,0,0,0,1,0
13,-10,0,0,0,0,0,0,0,1,0
11,11,0,0,0,0,0,0,1,0,1
1,7,0,0,0,0,0,0,0,0,1
8,4,0,0,0,0,0,1,0,1,0
-13,4,1,0,0,1,0,0,0,0,1
-3,0,0,0,0,0,0,0,0,0,2
22,-12,0,1,0,0,0,0,0,0,0
-15,-5,0,1,0,0,0,0,0,0,0
-4,9,0,0,0,0,0,0,0,0,1
-22,5,1,0,0,0,0,0,0,0,1
1,3,0,0,0,0,0,0,1,0,1
-4,0,0,0,0,0,0,0,0,0,2
14,-5,0,1,0,0,0,0,0,0,0
3,4,0,0,1,0,0,1,0,0,3
6,-5,0,0,0,0,0,0,0,0,0
-20,-1,0,0,0,0,0,0,0,0,0
-20,6,0,0,0,0,0,0,0,1,1
-19,-8,0,0,0,0,0,0,0,0,0
2,9,0,0,0,0,0,0,0,0,1
-15,-11,0,0,0,1,0,0,1,0,0
11,4,0,0,0,0,0,0,0,0,1
5,-8,0,0,0,0,0,0,0,1,0
3,1,0,1,0,0,0,0,0,0,3
3,5,0,0,0,0,0,0,0,0,1
1,-7,0,0,1,0,0,0,0,0,0
-2,-4,0,0,0,0,0,0,0,0,0
12,-8,0,0,0,0,0,0,0,1,0
-9,-1,0,1,0,1,0,0,0,0,0
1,10,0,0,0,0,0,0,0,0,1
-9,-5,0,0,0,0,0,0,0,0,0
6,4,0,0,0,0,0,0,0,0,1
6,0,0,0,0,0,0,0,0,0,3
-20,4,0,0,0,0,0,1,0,0,2
-8,-11,0,0,0,1,1,0,0,0,2
-8,1,0,0,0,0,0,0,0,0,1
-8,-4,0,0,0,0,1,0,0,0,2
16,7,0,0,0,0,0,0,0,0,1
21,-2,0,0,0,0,0,0,0,0,0
23,-2,0,0,0,0,0,0,1,0,0
-11,1,1,0,0,0,0,0,0,1,1
23,-3,0,0,0,0,1,1,0,1,2
5,10,0,0,0,0,0,0,0,0,1
-7,3,0,0,0,0,0,0,0,1,1
8,3,0,0,0,0,0,0,0,0,1
17,-5,0,0,0,0,0,1,0,0,0
-8,6,0,0,0,0,0,0,0,0,1
11,-13,0,0,0,0,0,0,0,0,0
-7,-8,0,0,0,0,0,0,0,1,0
5,-1,0,0,0,0,0,0,0,1,0
2,9,0,0,0,0,1,0,0,0,1
9,-10,0,0,0,0,0,0,0,0,0
9,-6,0,0,0,0,0,0,1,0,0
10,-2,0,0,0,0,0,0,0,0,0
-18,-5,0,0,0,0,1,0,0,0,2
-17,12,0,0,0,0,0,0,0,0,1
6,5,0,0,0,0,0,0,0,0,1
7,-5,0,0,0,0,0,0,1,1,0
-13,0,0,0,0,0,0,0,0,0,2
-6,-3,0,0,0,0,1,0,0,0,2
-2,3,0,0,0,0,0,0,0,0,1
5,1,0,0,0,0,0,1,0,0,3
11,2,0,0,0,0,0,0,0,0,1
-9,-1,0,1,0,0,0,0,0,1,0
-7,5,0,0,0,0,0,0,0,0,1
5,-10,0,0,0,0,0,0,0,0,0
14,6,0,0,0,0,0,0,1,0,1
-15,5,0,0,0,0,0,0,0,1,1
24,2,0,0,0,0,0,0,1,0,1
-16,5,0,0,0,0,0,1,0,0,2
1,14,0,0,0,0,0,0,0,0,1
23,9,0,0,1,0,0,0,0,0,1
-13,0,0,0,0,1,1,0,0,0,2
-12,1,0,0,0,0,0,0,0,0,1
21,8,0,0,0,0,0,0,0,0,1
0,-4,0,0,0,0,0,0,0,0,0
18,1,0,0,0,0,0,0,0,0,1
0,6,0,0,0,0,0,0,0,0,1
1,14,0,0,0,0,0,0,0,0,1
-5,1,1,0,0,0,0,0,0,0,1
-7,4,0,0,0,0,1,0,0,0,1
-20,-14,0,0,0,0,0,0,0,0,0
19,10,0,0,0,0,0,0,0,0,1
-7,-1,0,0,0,0,0,0,0,0,0
2,3,0,0,0,0,0,0,0,0,1
3,1,0,0,0,0,0,0,0,0,1
-1,-12,0,0,0,0,0,0,0,0,0
-12,-17,0,0,0,0,0,0,0,1,0
-6,-1,0,0,0,0,0,0,0,0,0
0,9,0,0,0,0,0,0,0,0,1
4,11,0,0,0,0,0,0,0,0,1
-10,4,0,0,0,0,0,0,0,0,1
-14,0,0,1,0,0,0,0,0,0,2
20,12,0,0,1,0,0,0,0,0,1
17,-2,0,0,0,0,0,0,0,0,0
-3,10,0,0,0,1,0,0,0,0,1
12,0,0,0,0,0,0,0,0,0,3
1,14,0,0,0,0,0,0,1,0,1
5,13,0,0,0,0,0,0,0,0,1
6,-1,0,1,0,0,0,0,0,1,0
-23,2,0,0,0,0,0,0,0,0,1
1,-2,0,0,1,0,0,0,0,0,0
3,1,0,0,0,0,0,0,1,0,1
14,-1,0,0,0,0,0,0,0,0,0
17,-8,0,0,0,0,0,1,0,0,0
-6,4,0,0,0,0,0,0,0,0,1
11,-4,0,0,1,0,0,0,0,0,0
-6,-6,0,0,0,0,0,1,0,0,0
12,-1,0,0,0,0,0,0,1,0,0
-2,-2,0,0,0,0,0,0,0,0,0
7,-3,0,1,0,0,0,0,0,1,0
-10,7,0,0,0,0,0,0,1,0,1
3,-11,0,1,0,0,0,0,0,0,0
22,8,0,0,0,0,0,0,0,0,1
1,-2,0,0,0,0,1,1,0,0,3
0,-13,0,0,0,0,0,0,0,0,0
4,9,0,0,0,0,0,0,0,0,1
-18,-2,0,0,0,0,0,0,0,0,0
2,2,0,0,0,0,0,0,0,0,1
13,1,0,0,0,0,0,0,1,0,1
10,-10,0,0,0,0,0,0,0,0,0
-13,-9,0,1,0,0,1,0,0,0,2
3,5,0,0,0,0,0,0,0,0,1
-22,-7,0,0,0,0,0,0,0,0,0
-6,2,0,0,0,0,0,0,0,0,1
-9,1,0,0,0,0,0,0,0,0,1
-17,-7,0,0,0,0,0,0,0,0,0
7,-10,0,0,0,0,0,0,0,0,0
6,-13,0,1,0,0,1,0,0,0,3
-1,-6,0,0,0,0,0,0,0,0,0
3,-15,0,0,0,0,0,1,0,1,0
-7,-6,0,0,0,0,0,0,0,0,0
-9,-1,0,0,0,0,0,0,0,0,0
19,3,0,0,0,0,0,0,1,0,1
7,-1,0,0,0,0,0,0,0,0,0
-7,3,0,0,0,0,0,0,0,0,1
-1,9,0,0,0,0,0,0,1,0,1
-17,-8,0,0,0,0,0,0,0,0,0
-12,0,0,0,0,0,0,0,0,1,2
-2,1,0,0,0,0,0,0,1,0,1
16,-14,0,0,0,0,0,0,0,0,0
9,17,0,0,0,0,0,0,0,0,1
3,7,1,0,0,0,1,0,0,1,1
-13,14,0,0,0,0,0,1,0,0,2
14,9,0,0,0,0,0,0,0,0,1
1,5,0,0,1,0,0,0,0,0,1
-25,-16,0,0,0,0,0,0,0,0,0
-7,6,0,0,0,0,0,1,1,0,0
6,3,0,0,0,0,0,0,1,0,1
7,-8,0,0,0,0,0,0,0,0,0
-12,-4,0,0,0,0,0,0,0,0,0
16,3,0,0,0,0,0,1,0,0,3
-7,6,0,0,0,0,0,1,0,0,2
20,-8,0,0,0,0,0,1,0,1,0
6,-8,0,0,0,0,0,0,0,0,0
4,-3,0,0,0,0,0,0,0,0,0
-3,-2,0,0,0,0,0,0,0,0,0
9,6,0,0,0,0,0,0,0,0,1
7,9,0,0,0,0,0,0,0,0,1
9,3,0,0,0,0,0,0,0,0,1
16,-10,0,1,0,0,0,0,0,0,0
1,1,0,0,0,0,0,0,0,0,1
4,-13,0,0,0,0,0,0,0,0,0
4,-9,0,0,0,0,0,1,0,0,0
19,-3,0,1,0,0,0,0,0,0,0
26,-4,0,0,0,0,1,0,0,0,3
5,1,0,0,0,0,0,0,0,0,1
22,8,0,0,0,0,0,0,0,0,1
7,-1,0,0,0,0,0,0,1,0,0
-14,2,0,0,0,0,0,0,0,0,1
15,-6,0,0,0,0,0,0,0,0,0
7,-4,0,0,0,0,0,0,0,0,0
-11,-18,0,1,0,0,0,0,0,1,0
18,5,0,0,0,0,0,0,0,0,1
-4,-7,0,0,0,0,1,0,0,0,2
-3,7,0,0,0,0,0,0,0,0,1
-7,8,0,0,0,0,1,0,0,0,1
-7,-7,0,0,0,0,0,0,0,0,0
19,2,1,0,1,0,0,0,0,0,1
-3,-6,0,0,0,0,0,1,0,0,0
-5,-7,0,0,0,0,0,0,0,0,0
7,-10,0,0,0,0,0,0,1,0,0
22,-4,0,0,0,0,0,0,0,0,0
0,-9,0,0,0,0,0,0,0,0,0
17,11,0,0,0,0,0,0,0,0,1
-6,0,0,0,0,0,0,0,0,0,2
12,-2,0,0,0,0,0,0,0,0,0
-8,-13,0,0,0,0,0,0,0,0,0
12,-2,0,0,0,0,0,0,0,0,0
9,4,0,0,0,0,0,0,0,0,1
19,-10,0,0,0,0,0,0,0,0,0
10,0,0,0,0,0,0,0,0,0,3
15,-1,0,0,0,0,0,1,0,0,0
-4,3,0,0,0,0,0,1,1,0,0
-2,17,0,0,0,0,0,0,0,0,1
-5,17,1,0,0,0,0,0,0,0,1
-12,-9,0,0,0,0,0,0,0,0,0
-2,-9,0,0,0,0,0,0,1,0,0
1,2,0,0,0,0,0,0,0,0,1
3,-11,0,0,0,0,0,1,0,0,0
1,-4,0,0,0,1,0,0,0,0,0
-13,0,0,0,0,0,0,0,1,0,0
15,0,0,0,0,0,0,1,1,0,3
-4,-8,0,0,0,0,0,1,1,0,0
16,-6,0,0,0,0,0,0,0,0,0
-18,-14,0,0,0,0,0,0,0,0,0
-6,-6,0,0,0,0,0,0,0,0,0
8,1,0,0,0,0,0,0,0,0,1
-15,0,0,0,0,0,0,0,0,0,2
8,3,0,0,0,0,0,0,0,0,1
-5,13,0,0,0,0,0,0,0,0,1
-15,-8,0,0,0,0,0,0,1,0,0
0,10,0,0,0,0,0,0,0,0,1
27,-8,0,0,1,0,0,0,0,0,0
2,3,0,0,0,0,0,0,0,1,1
-6,-3,0,1,0,0,0,0,0,1,0
-9,8,0,0,0,0,0,0,0,0,1
-14,0,0,0,0,0,0,1,0,0,2
16,6,0,0,0,0,0,1,0,0,3
25,-6,0,0,0,0,0,0,0,0,0
22,-3,0,0,0,0,0,1,0,0,0
14,-2,0,0,0,0,0,0,0,0,0
-6,9,0,0,0,0,0,0,0,0,1
-1,0,0,0,0,0,0,0,0,0,2
11,-2,0,0,1,0,0,0,0,0,0
-9,-3,0,0,0,0,0,0,0,0,0
9,11,0,0,0,0,0,0,0,0,1
-19,4,0,0,0,1,1,0,0,0,1
19,1,0,0,0,0,0,0,0,0,1
2,-1,0,0,1,0,0,0,0,1,0
-4,-10,0,0,0,0,0,0,0,1,0
-3,3,0,0,0,0,0,0,0,0,1
13,-1,0,0,0,0,0,0,0,0,0
-3,-3,0,0,0,0,0,0,1,0,0
-8,-10,0,0,0,0,0,0,0,0,0
-2,6,0,0,0,0,0,0,0,0,1
-5,14,0,0,0,0,0,0,0,0,1
-20,4,0,0,0,0,0,1,0,0,2
8,-7,0,0,0,0,0,0,0,0,0
0,-13,0,1,0,0,0,1,0,0,0
-15,-5,0,0,0,0,0,0,0,0,0
-14,3,0,0,0,1,0,0,0,0,1
-22,-6,0,0,0,0,1,0,0,0,2
-6,-4,0,1,0,0,0,0,0,0,0
2,-9,0,0,0,0,0,0,0,1,0
-6,10,0,0,0,0,0,0,0,0,1
18,-2,0,0,0,0,0,0,0,0,0
5,-13,0,1,0,0,0,0,1,0,0
-3,-12,0,0,0,0,0,0,0,0,0
0,-6,0,0,0,0,1,0,0,0,1
-9,-3,0,0,0,1,0,0,0,0,0
-4,3,0,0,0,0,0,0,0,0,1
8,-1,0,0,0,0,0,1,0,0,0
-2,-4,0,0,0,0,1,0,0,0,2
-14,-4,0,0,0,0,0,0,0,0,0
1,0,1,0,0,0,0,0,0,0,3
3,1,0,0,0,0,0,0,1,0,1
3,-3,0,0,0,0,0,0,1,0,0
-4,11,0,0,0,0,0,0,0,0,1
17,-1,0,0,1,0,1,0,0,0,3
-1,14,0,0,0,0,0,0,1,0,1
16,-6,0,0,0,0,0,0,0,0,0
11,-17,0,1,0,0,0,0,0,0,0
1,9,0,0,0,0,0,0,0,0,1
5,-4,0,0,0,0,0,0,0,0,0
-6,-11,0,0,0,0,0,0,0,0,0
-1,12,0,0,0,0,0,0,0,0,1
-7,-12,0,0,0,0,1,0,1,0,1
-1,0,0,0,0,0,0,0,0,0,2
3,-4,0,0,0,0,0,0,0,0,0
-17,2,0,0,0,0,0,0,0,0,1
-2,-2,0,0,0,0,0,0,0,0,0
-14,-10,0,1,0,0,1,0,0,0,2
-8,6,0,0,0,0,0,0,1,0,1
-20,-8,0,0,0,0,0,1,0,0,0
-12,7,0,0,0,0,0,0,0,0,1
-7,-15,0,1,0,0,0,0,0,0,0
12,-4,0,0,0,0,0,0,0,0,0
14,-4,0,0,0,0,0,0,0,0,0
-9,-3,0,0,0,1,0,0,0,0,0
8,-4,0,0,0,0,0,1,0,1,0
3,-2,0,0,0,0,0,0,0,0,0
10,-16,0,0,0,0,0,0,0,0,0
-2,-2,0,0,0,0,0,0,0,0,0
15,-11,0,0,1,0,0,0,0,1,0
5,-7,0,0,0,0,1,1,0,0,3
-5,0,1,0,0,0,0,0,0,1,2
11,13,0,0,0,0,0,0,0,0,1
-15,5,0,0,0,0,0,1,0,0,2
26,8,0,0,0,0,1,1,0,0,3
-8,-1,0,0,0,0,0,1,0,1,0
1,9,0,0,0,0,0,0,0,0,1
8,-7,0,0,0,0,0,0,0,0,0
5,-7,0,0,0,0,0,0,0,0,0
-7,6,0,0,0,0,0,0,1,0,1
1,-11,0,0,0,0,0,0,0,0,0
0,-8,0,0,0,0,0,0,0,0,0
18,5,1,0,0,0,0,0,1,0,1
11,-2,0,0,1,0,0,0,0,0,0
13,1,0,0,0,0,0,0,0,0,1
22,-2,0,0,0,0,0,0,0,0,0
-14,7,0,0,0,0,0,0,0,0,1
21,-4,0,0,1,0,1,0,0,0,3
-25,-4,0,0,0,1,0,0,0,0,0
0,-13,0,0,0,0,0,0,0,0,0
7,-16,0,0,0,0,0,0,0,0,0
8,4,0,0,0,0,0,0,0,0,1
4,2,0,0,0,0,0,0,0,0,1
6,17,1,0,0,0,0,0,0,0,1
9,2,0,0,0,0,1,0,0,0,1
20,-16,0,0,0,0,0,0,0,0,0
-3,-15,0,1,0,0,0,0,0,0,0
8,11,0,0,0,0,1,0,0,0,1
5,-4,0,0,0,0,1,0,0,1,1
14,-3,0,0,0,0,0,0,0,0,0
-9,-12,0,0,0,0,0,1,0,0,0
8,-12,0,0,0,0,0,0,0,0,0
9,1,0,0,0,0,0,0,0,0,1
-10,1,0,0,0,0,0,0,0,1,1
-13,-8,0,0,0,0,0,0,0,0,0
1,0,1,0,0,0,0,0,1,0,3
5,8,0,0,0,0,0,0,0,0,1
7,1,0,0,0,0,0,0,0,0,1
-5,12,0,0,0,0,0,0,0,0,1
18,1,0,0,0,0,0,0,0,0,1
-24,9,0,0,0,1,1,0,1,0,1
10,7,0,0,0,0,0,1,0,0,3
-2,-10,0,0,0,0,0,0,0,0,0
-2,-8,0,0,0,0,0,0,0,0,0
1,3,0,0,0,1,1,0,1,0,1
16,2,0,0,0,0,0,1,0,0,3
2,-9,0,1,0,0,0,0,0,0,0
14,-10,0,0,0,0,0,0,1,0,0
-8,-5,0,0,0,0,0,0,0,0,0
1,-2,0,0,0,0,0,0,0,0,0
0,3,0,0,0,0,1,1,0,1,2
4,-6,0,0,0,0,0,0,0,0,0
-18,-4,0,0,0,0,0,0,0,0,0
10,-2,0,0,0,0,0,0,0,0,0
-1,-6,0,0,0,0,0,0,0,0,0
-1,8,1,0,0,0,0,0,0,0,1
-23,14,0,0,0,0,0,0,0,0,1
-7,12,0,0,0,0,1,0,0,0,1
3,4,0,0,0,0,0,0,0,0,1
-18,-12,0,0,0,1,0,0,1,0,0
12,5,0,0,0,0,0,0,1,0,1
-6,7,0,0,0,0,0,0,0,0,1
8,-9,0,0,0,0,0,0,0,0,0
-13,4,0,0,0,0,0,1,0,0,2
3,-7,0,0,0,0,0,0,1,0,0
12,14,0,0,0,0,0,1,0,0,3
-7,12,0,0,0,0,0,1,0,0,2
-8,-3,0,0,0,0,0,0,0,0,0
3,9,0,0,0,0,0,0,0,0,1
-9,3,0,0,0,0,0,0,0,0,1
8,6,0,0,0,0,0,0,1,0,1
18,1,0,0,0,0,0,0,0,0,1
3,-7,0,0,0,0,0,0,0,0,0
-9,-12,0,0,0,0,0,0,0,0,0
6,-3,0,0,0,0,0,0,0,0,0
-14,2,0,0,0,0,1,1,0,0,2
3,0,0,0,0,0,0,0,0,0,3
14,-10,0,0,0,0,0,0,0,0,0
6,9,1,0,0,0,1,0,0,0,1
1,3,1,0,0,0,0,0,0,0,1
19,-1,0,0,0,0,0,0,0,1,0
5,-10,0,0,0,0,0,0,0,0,0
5,-1,0,0,0,0,0,1,0,0,0
14,-9,0,0,0,0,0,0,0,0,0
16,-5,0,0,0,0,0,0,0,0,0
-6,-11,0,1,0,0,0,0,0,0,0
19,-4,0,0,0,0,1,0,0,0,3
-3,4,1,0,0,0,0,1,0,1,2
4,-8,0,0,0,0,0,0,0,0,0
21,0,0,0,0,0,1,0,0,0,3
-12,-6,0,0,0,0,0,0,0,0,0
-5,-8,0,0,0,0,0,0,0,0,0
3,5,0,0,0,0,0,1,1,0,3
11,14,0,0,0,0,0,0,0,0,1
-3,9,0,0,0,0,0,0,0,0,1
10,2,0,0,0,0,0,0,0,0,1
-14,-5,0,0,0,0,0,0,1,0,0
15,5,0,0,0,0,0,1,0,0,3
11,-5,0,0,1,0,0,0,1,0,0
-5,-11,0,0,0,0,0,0,0,0,0
-3,-7,0,0,0,1,0,0,0,0,0
16,3,0,0,0,0,0,0,1,0,1
-10,-2,0,0,0,0,0,0,0,0,0
24,-1,0,0,0,0,1,0,0,0,3
4,4,0,0,0,0,0,0,0,0,1
-18,15,0,0,0,0,0,0,0,0,1
-4,-1,0,1,0,0,0,0,0,0,0
13,7,0,0,0,0,0,0,0,0,1
9,8,0,0,0,0,0,0,0,0,1
7,2,0,0,0,0,0,1,0,1,0
14,10,1,0,0,0,0,0,0,1,1
-4,-11,0,0,0,1,0,0,0,0,0
14,7,0,0,0,0,0,0,0,0,1
-3,-4,0,0,0,0,0,0,0,1,0
-1,7,0,0,0,0,0,0,0,1,1
0,0,0,0,0,1,0,0,0,0,0
-9,6,0,0,0,0,0,0,0,0,1
15,5,0,0,0,0,0,0,0,0,1
10,-10,0,0,0,0,1,0,0,1,1
10,-11,0,0,0,0,0,0,1,0,0
-19,-2,0,0,0,0,0,0,0,0,0
-17,10,0,0,0,0,0,0,0,0,1
-1,5,0,0,0,0,0,0,0,0,1
4,13,0,0,0,0,0,0,1,0,1
-3,-4,0,0,0,0,1,0,0,0,2
-13,5,0,0,0,0,0,0,0,0,1
11,-16,0,1,0,0,0,0,1,0,0
-23,6,0,0,0,0,0,0,1,0,1
7,-4,0,0,0,0,0,1,0,0,0
7,-6,0,1,0,0,0,0,0,0,0
2,1,0,0,0,0,0,0,1,0,1
-17,-4,0,1,0,0,1,0,0,0,2
0,-17,0,0,0,0,0,0,0,0,0
-18,5,1,0,0,1,0,0,0,0,1
-15,2,0,0,0,0,0,0,0,0,1
11,-2,0,0,0,0,1,0,0,0,3
9,-6,0,0,0,0,0,0,0,0,0
7,0,0,0,0,0,1,0,1,0,3
1,-5,0,0,0,0,0,0,0,0,0
5,4,0,0,0,0,1,0,0,0,1
12,4,0,0,0,0,0,0,0,0,1
-4,-7,0,1,0,0,0,0,0,0,0
19,14,0,0,1,0,0,0,0,0,1
-10,-2,0,0,0,0,0,0,1,0,0
-13,14,0,0,0,0,0,1,0,0,2
7,-2,0,0,1,0,0,0,0,0,0
2,5,0,0,0,0,1,1,0,0,3
-8,5,1,0,0,0,0,0,0,0,1
7,2,0,0,0,0,0,0,0,0,1
-1,7,0,0,0,0,0,0,0,0,1
20,14,0,0,0,0,0,0,1,0,1
-16,4,0,0,0,0,0,0,0,0,1
-21,-5,0,0,0,0,1,0,0,1,2
-7,3,0,0,0,0,0,0,0,0,1
-7,-5,0,0,0,0,0,0,0,0,0
2,17,1,0,0,0,0,0,0,0,1
20,3,0,0,0,0,0,0,0,0,1
25,-7,0,0,0,0,1,0,0,0,3
-14,-11,0,0,0,0,1,0,0,0,2
0,-3,0,0,0,0,0,0,0,0,0
14,1,0,0,0,0,0,0,0,0,1
19,1,0,0,0,0,1,0,0,0,1
12,14,0,0,0,0,0,0,0,0,1
-18,-3,0,0,0,0,0,1,0,1,0
0,-2,0,0,0,0,0,0,0,0,0
10,-1,0,0,0,0,0,0,0,0,0
-14,2,0,0,0,0,0,0,1,0,1
6,-3,0,0,0,0,0,0,0,0,0
14,7,0,0,0,0,0,0,0,1,1
1,12,0,0,0,0,0,0,0,0,1
-20,-3,0,0,0,0,0,0,0,0,0
-17,6,0,0,0,0,0,0,0,0,1
-16,-12,0,0,0,0,0,0,0,0,0
-9,-1,0,0,0,0,0,0,0,0,0
-13,9,0,0,0,0,0,0,0,1,1
-24,6,0,0,0,1,0,0,0,0,1
-16,-13,0,0,0,0,0,0,0,0,0
13,1,0,0,0,0,1,0,0,1,1
-16,-3,0,0,0,0,0,0,0,0,0
15,3,0,0,0,0,1,0,1,0,1
5,-5,0,0,1,0,0,0,0,0,0
10,5,0,0,0,0,1,0,0,1,1
8,13,0,0,0,0,0,0,0,0,1
1,5,0,0,0,0,0,0,0,0,1
-4,1,0,0,0,0,0,0,0,0,1
-20,7,0,0,0,0,0,0,0,0,1
17,-5,0,1,0,0,1,0,0,0,3
13,12,0,0,0,0,0,0,0,0,1
8,-8,0,0,0,0,0,0,0,0,0
-16,7,0,0,0,0,0,0,0,0,1
4,4,0,0,0,0,0,0,0,0,1
4,2,0,0,0,0,0,0,0,0,1
-1,11,0,0,0,0,0,1,0,0,2
-8,9,0,0,0,0,0,0,0,1,1
9,10,0,0,0,0,0,0,0,0,1
-8,-1,0,0,0,0,0,0,0,0,0
7,11,0,0,0,0,0,0,0,0,1
-4,4,0,0,0,1,0,0,0,0,1
-10,0,1,0,0,0,0,0,0,0,2
-13,-3,0,0,0,1,0,0,0,0,0
-4,-11,0,0,0,0,0,1,0,1,0
4,-2,0,0,0,0,0,0,0,0,0
8,4,0,0,0,0,0,0,0,1,1
-1,0,0,0,0,0,0,0,0,0,2
-1,-2,0,0,0,0,0,0,0,0,0
-8,-14,0,1,0,0,0,0,0,0,0
-1,14,0,0,0,1,0,0,0,0,1
-8,11,0,0,0,0,0,0,0,0,1
2,-4,0,0,0,0,0,0,0,0,0
-4,5,0,0,0,0,0,0,0,0,1
-12,-3,0,0,0,0,0,0,0,0,0
4,1,0,0,0,0,0,0,1,0,1
-21,-1,0,0,0,0,0,0,0,0,0
-13,9,0,0,0,0,0,0,1,0,1
10,2,1,0,0,0,0,0,1,0,1
-3,7,0,0,0,1,0,0,0,0,1
5,-2,0,1,0,0,0,0,1,0,0
-4,-1,1,0,0,0,0,0,0,1,2
-2,8,0,0,0,0,0,0,0,1,1
-8,-1,0,0,0,0,0,0,0,0,0
6,4,0,0,0,0,0,0,0,0,1
14,13,1,0,0,0,0,0,0,0,1
4,5,0,0,0,0,0,1,0,0,3
-4,-12,0,0,0,0,0,0,0,0,0
-13,-4,0,0,0,0,0,0,0,0,0
2,16,0,0,0,0,0,0,0,0,1
-11,-10,0,0,0,0,0,0,0,0,0
15,6,0,0,0,0,0,1,0,0,3
6,6,0,0,0,0,0,0,0,0,1
-14,-10,0,0,0,0,0,0,0,0,0
17,-14,0,0,0,0,0,0,1,0,0
10,3,0,0,0,0,0,1,0,0,3
-7,-2,0,0,0,0,0,0,0,0,0
-18,-11,0,0,0,0,0,0,1,0,0
16,2,0,0,0,0,0,0,0,0,1
11,-10,0,0,0,0,1,0,0,0,3
14,3,0,0,0,0,0,0,0,0,1
-9,-3,0,1,0,0,1,0,0,0,2
-3,2,0,0,0,0,0,0,0,0,1
-18,-15,0,0,0,0,0,0,0,0,0
-24,0,0,0,0,0,0,0,0,0,2
3,-10,0,0,0,0,0,0,0,0,0
-18,-1,0,0,0,0,0,0,0,0,0
-5,3,0,0,0,0,0,0,0,1,1
24,-15,0,1,1,0,1,0,0,0,3
-11,6,0,0,0,0,0,0,0,0,1
1,4,0,0,0,0,0,0,0,0,1
-4,-7,0,0,0,0,0,1,0,0,0
13,-1,0,0,0,0,0,0,0,0,0
11,-9,0,0,0,0,0,0,0,0,0
-12,-1,0,0,0,0,0,0,0,0,0
5,-3,0,0,0,0,0,0,1,1,0
1,-9,0,0,0,0,0,0,0,0,0
-11,3,0,0,0,0,0,0,1,0,1
-9,-13,0,0,0,0,0,0,0,0,0
1,7,0,0,0,0,0,0,0,0,1
14,5,0,0,0,0,0,0,1,0,1
-21,-11,0,0,0,0,0,0,0,0,0
-2,-8,0,0,0,0,0,0,0,0,0
8,3,0,0,0,0,0,0,0,0,1
1,11,0,0,0,0,0,0,0,0,1
14,-4,0,0,0,0,0,0,0,0,0
13,4,0,0,0,0,0,0,0,1,1
-9,9,0,0,0,0,0,0,0,0,1
-3,0,0,0,0,0,0,0,0,0,2
5,9,0,0,0,0,0,1,0,0,3
16,-9,0,0,0,0,0,0,0,0,0
20,1,0,0,0,0,0,0,0,0,1
2,15,0,0,0,0,0,0,0,0,1
-15,1,0,0,0,0,0,0,0,0,1
17,7,0,0,0,0,1,1,0,1,2
-19,-14,0,0,0,0,0,0,0,0,0
13,15,0,0,0,0,0,0,0,0,1
11,-3,0,0,0,0,0,0,0,0,0
9,-15,0,0,0,0,0,0,0,0,0
2,-1,0,0,0,0,1,0,0,0,3
22,-8,0,0,1,0,0,1,0,0,0
0,-5,0,1,0,0,0,0,0,0,0
2,3,0,0,0,0,0,0,0,0,1
4,10,0,0,0,0,0,0,0,0,1
1,-1,0,0,0,0,0,0,0,0,0
6,4,0,0,0,0,0,1,1,0,3
-5,0,0,0,0,0,0,1,0,1,2
-4,-2,0,0,0,0,0,0,0,0,0
-23,0,0,0,0,0,0,0,0,0,2
5,12,0,0,0,0,0,0,0,0,1
16,1,0,0,0,0,0,0,0,0,1
12,-3,0,0,0,0,0,0,0,0,0
18,-5,0,0,0,0,0,0,0,0,0
-12,1,0,0,0,0,0,1,0,1,2
-12,9,0,0,0,0,0,0,0,0,1
-7,-6,0,0,0,0,0,0,0,0,0
8,2,0,0,0,0,0,0,1,0,1
7,2,0,0,0,0,0,0,0,0,1
10,-8,0,0,0,0,0,0,0,1,0
20,3,0,0,0,0,0,0,0,0,1
7,12,1,0,0,0,1,0,0,0,1
-9,15,0,0,0,0,0,0,0,0,1
-11,6,0,0,0,0,0,0,0,0,1
22,1,0,0,0,0,0,0,0,0,1
6,-3,0,0,0,0,0,0,0,1,0
11,-2,0,0,0,0,0,0,0,0,0
-10,-6,0,0,0,0,0,0,0,0,0
-16,8,0,0,0,0,0,0,0,0,1
11,-9,0,0,0,0,0,0,0,0,0
6,8,1,0,0,0,0,0,0,0,1
-4,9,0,0,0,0,0,0,1,0,1
-19,4,0,0,0,0,0,0,0,0,1
-12,-1,0,0,0,0,0,0,0,0,0
-11,-10,0,0,0,0,0,0,0,0,0
-2,1,0,0,0,1,1,0,0,1,1
-9,-5,0,0,0,0,0,0,0,0,0
-5,16,1,0,0,0,0,0,0,0,1
-12,-11,0,1,0,0,0,0,0,0,0
11,-5,0,0,0,0,0,0,0,0,0
-5,-2,0,0,0,0,0,0,0,0,0
-16,-7,0,0,0,0,0,0,0,0,0
-3,-12,0,1,0,0,0,0,0,0,0
-22,-1,0,0,0,1,0,0,0,0,0
-4,-7,0,0,0,0,0,0,1,0,0
-1,-13,0,0,0,0,0,0,0,0,0
-1,12,0,0,0,0,1,1,0,0,2
23,8,0,0,0,0,1,1,0,0,3
24,13,0,0,0,0,0,0,1,0,1
-12,3,0,0,0,0,1,0,0,0,1
9,-6,0,0,0,0,0,0,0,0,0
-20,-5,0,0,0,0,1,0,0,0,2
-6,10,0,0,0,0,0,0,0,1,1
7,12,0,0,0,0,0,0,1,0,1
12,-6,0,0,0,0,0,0,0,0,0
-3,-15,0,0,0,0,0,0,0,1,0
13,3,1,0,0,0,0,0,0,0,1
19,8,0,0,0,0,1,0,0,0,1
0,13,1,0,0,0,0,0,0,0,1
-13,-6,0,1,0,0,0,0,0,0,0
-11,-2,0,0,0,0,0,0,0,0,0
-1,-1,0,0,0,0,1,1,0,0,2
-9,10,0,0,0,0,0,0,1,0,1
18,10,0,0,0,0,0,0,0,0,1
19,-7,0,0,0,0,0,0,0,0,0
13,16,0,0,0,0,0,0,0,0,1
-2,3,0,0,0,0,0,1,0,0,2
14,-13,0,0,0,0,0,0,1,0,0
12,-2,0,0,0,0,0,1,0,0,0
-4,16,0,0,0,0,0,1,0,0,2
12,1,0,0,0,0,1,0,0,0,1
15,-4,0,0,0,0,0,0,0,0,0
0,3,0,0,0,0,0,0,0,0,1
-4,-9,0,0,0,0,0,0,0,0,0
18,-11,0,0,1,0,1,0,0,0,3
24,-12,0,0,0,0,0,1,0,0,0
-18,-9,0,0,0,0,0,0,0,1,0
-7,-15,0,0,0,0,0,0,0,0,0
-3,-1,0,0,0,0,0,0,0,0,0
-16,-7,0,0,0,0,0,0,0,0,0
2,0,0,0,0,0,0,0,0,0,3
23,-5,0,0,0,0,0,0,0,0,0
-15,-8,0,0,0,0,0,0,0,0,0
15,6,0,0,0,0,0,0,0,0,1
-24,1,0,0,0,0,0,1,1,0,0
21,-9,0,0,0,0,0,0,0,0,0
-16,0,0,0,0,0,0,0,0,0,2
-15,-17,0,1,0,0,0,0,0,0,0
-16,0,0,0,0,0,0,0,0,0,2
-22,1,1,0,0,0,0,0,0,0,1
-16,9,0,0,0,0,0,0,0,0,1
8,-4,0,0,0,0,0,0,1,0,0
-6,-10,0,0,0,0,0,0,0,0,0
-1,-5,0,1,0,0,0,0,0,0,0
-9,5,0,0,0,0,0,0,0,1,1
8,-4,0,0,0,0,0,0,0,1,0
-19,15,0,0,0,0,0,0,0,0,1
0,-5,0,0,0,0,0,0,1,0,0
-15,-6,0,0,0,1,0,0,0,0,0
-6,16,0,0,0,0,0,0,0,0,1
-6,-1,0,0,0,0,0,0,0,0,0
-6,0,0,0,0,0,0,0,0,0,2
6,-7,0,0,0,0,0,0,0,0,0
0,-2,0,0,0,0,0,0,0,0,0
-13,11,1,0,0,0,0,0,1,0,1
-7,7,0,0,0,0,0,0,0,0,1
2,-3,0,0,0,0,0,0,0,0,0
-4,5,0,0,0,0,0,0,0,0,1
-1,-7,0,0,0,0,0,0,0,1,0
-2,-10,0,0,0,0,0,0,1,0,0
-9,13,0,0,0,0,0,1,1,0,0
5,-6,0,0,0,0,0,0,0,0,0
0,-4,0,0,0,0,0,0,0,0,0
-21,-14,0,0,0,0,1,0,0,0,2
-5,8,1,0,0,0,0,0,0,0,1
-15,-5,0,0,0,0,0,1,0,0,0
-18,11,0,0,0,0,0,0,0,0,1
2,-7,0,0,0,0,0,0,0,0,0
-15,-7,0,0,0,0,0,0,0,0,0
1,-5,0,0,0,0,0,0,0,1,0
-11,3,0,0,0,0,0,0,0,0,1
1,-10,0,0,0,0,0,0,1,0,0
12,-16,0,1,0,0,0,0,0,0,0
19,-7,0,0,0,0,0,0,0,0,0
18,-2,0,0,0,0,0,0,0,0,0
20,6,0,0,0,0,1,0,0,1,1
-5,4,0,0,0,0,1,0,0,0,1
12,12,0,0,0,0,0,0,0,0,1
10,4,0,0,0,0,0,0,0,0,1
6,-3,0,0,0,0,1,0,0,0,3
-8,2,0,0,0,0,0,0,0,0,1
1,-7,0,0,1,0,1,0,0,0,3
6,8,0,0,1,0,0,0,0,0,1
-5,-1,0,0,0,0,1,0,1,0,1
7,-11,0,0,0,0,1,0,0,0,3
-5,-2,0,0,0,0,0,0,0,0,0
6,-11,0,0,0,0,0,0,0,0,0
-9,-9,0,0,0,0,0,0,0,0,0
0,0,0,0,0,0,0,0,0,0,0
10,3,0,0,0,0,0,0,0,0,1
-12,-15,0,0,0,0,0,0,0,1,0
14,-15,0,0,0,0,0,0,0,0,0
-4,9,0,0,0,0,0,0,0,0,1
-4,0,0,0,0,0,0,0,0,0,2
-2,4,0,0,0,0,0,0,0,0,1
4,-4,0,0,0,0,0,0,0,0,0
-4,-15,0,0,0,0,0,0,0,0,0
-20,-10,0,0,0,0,0,0,0,0,0
2,-2,0,0,0,0,0,0,0,0,0
-24,-8,0,0,0,0,0,0,0,1,0
20,3,0,0,0,0,1,0,0,0,1
-14,5,0,0,0,0,1,0,0,0,1
17,-14,0,0,0,0,0,0,0,0,0
20,-11,0,0,0,0,1,0,0,0,3
18,6,0,0,0,0,0,0,0,0,1
8,-14,0,0,0,0,1,0,0,0,3
18,-16,0,0,0,0,0,0,1,0,0
-9,3,0,0,0,0,0,0,0,0,1
-15,4,0,0,0,1,0,0,0,0,1
-9,-3,0,0,0,0,0,0,0,1,0
-5,10,0,0,0,0,0,0,0,0,1
17,1,0,0,0,0,0,0,0,0,1
-21,2,0,0,0,0,0,0,0,0,1
-20,0,0,0,0,0,0,0,0,0,2
20,10,0,0,0,0,0,0,0,0,1
2,12,0,0,0,0,0,0,0,1,1
24,-3,0,0,0,0,0,0,0,0,0
5,-3,0,0,0,0,0,0,0,0,0
11,16,0,0,0,0,0,0,0,0,1
13,11,0,0,0,0,0,0,0,0,1
-22,0,0,0,0,0,0,0,0,0,2
-12,0,0,0,0,0,0,0,0,0,2
17,16,0,0,0,0,0,1,1,1,0
4,8,0,0,0,0,1,0,0,0,1
-8,15,0,0,0,0,0,0,0,0,1
-4,-11,0,0,0,0,0,1,0,0,0
5,-4,0,0,0,0,0,0,0,1,0
-15,0,1,0,0,0,0,0,0,0,2
16,16,0,0,0,0,0,0,0,0,1
2,-4,0,0,0,0,0,0,0,0,0
-2,0,0,0,0,0,0,0,0,0,2
-18,-10,0,0,0,1,0,0,0,0,0
24,13,0,0,0,0,0,0,0,0,1
8,3,0,0,0,0,0,0,1,0,1
-4,2,0,0,0,0,0,0,0,0,1
5,-4,0,0,0,0,0,0,0,0,0
5,5,0,0,0,0,0,1,0,0,3
17,-8,0,1,0,0,0,0,0,0,0
13,-9,0,0,0,0,0,0,0,1,0
-12,0,0,0,0,0,0,1,0,0,2
14,-10,0,0,0,0,0,0,0,1,0
3,2,1,0,0,0,0,0,0,0,1
-8,-5,0,0,0,0,0,0,0,0,0
17,-4,0,0,0,0,0,0,0,0,0
11,2,0,0,0,0,1,0,0,1,1
26,-13,0,0,0,0,0,0,0,0,0
-11,5,0,0,0,0,1,0,0,0,1
-17,3,0,0,0,0,0,1,0,0,2
-3,8,0,0,0,0,1,0,0,0,1
11,-6,0,0,0,0,0,0,0,1,0
-6,-7,0,0,0,0,0,0,0,0,0
25,11,0,0,1,0,0,0,0,0,1
-1,5,1,0,0,0,0,0,0,0,1
2,16,0,0,0,0,0,0,0,0,1
1,-4,0,0,0,0,1,0,0,0,3
-5,9,0,0,0,0,0,0,0,0,1
13,-1,0,0,0,0,0,0,0,0,0
7,-5,0,0,0,0,0,0,0,0,0
13,-3,0,0,0,0,0,1,0,0,0
-14,-9,0,0,0,0,0,0,0,0,0
15,3,0,0,0,0,0,0,0,0,1
1,9,0,0,0,0,0,1,0,0,3
6,0,0,0,0,0,0,0,0,0,3
25,6,0,0,0,0,0,1,0,0,3
-19,3,0,0,0,0,0,0,0,0,1
2,5,0,0,0,0,0,0,0,1,1
-8,5,0,0,0,0,0,0,0,0,1
17,5,0,0,0,0,1,0,0,1,1
-4,8,0,0,0,0,0,0,0,0,1
-3,-7,0,0,0,0,0,0,0,0,0
-4,-9,0,0,0,0,1,0,0,1,2
3,-17,0,0,0,0,0,0,1,0,0
-6,1,0,0,0,0,0,0,0,0,1
-11,7,0,0,0,0,0,0,0,0,1
9,2,0,0,0,0,0,0,0,0,1
22,6,1,0,0,0,0,0,0,0,1
-19,-2,0,0,0,0,0,0,0,1,0
10,-3,0,0,0,0,0,0,0,0,0
-5,-11,0,0,0,0,0,0,0,0,0
-2,4,0,0,0,0,0,0,0,0,1
9,2,0,0,0,0,0,0,0,0,1
-3,0,0,0,0,0,0,0,0,0,2
4,4,0,0,0,0,0,1,0,0,3
-3,8,0,0,0,0,0,0,1,0,1
-11,9,0,0,0,0,0,0,0,0,1
-3,11,0,0,0,1,0,0,0,0,1
13,0,0,0,0,0,0,0,0,0,3
-18,15,0,0,0,0,0,0,0,0,1
3,-4,0,0,0,0,0,0,0,0,0
0,5,0,0,0,0,0,1,0,0,0
-3,12,0,0,0,0,0,0,0,0,1
-24,-11,0,0,0,0,0,0,0,0,0
2,-5,0,0,0,0,0,1,0,0,0
14,14,1,0,0,0,0,0,0,0,1
-8,14,1,0,0,0,0,0,0,0,1
19,-8,0,1,0,0,0,0,0,0,0
-9,-2,0,0,0,0,0,0,0,0,0
11,-3,0,0,0,0,0,0,0,0,0
-22,-10,0,0,0,0,0,0,0,0,0
9,5,0,0,0,0,0,0,1,0,1
5,0,0,0,0,0,0,0,0,1,0
-11,-8,0,0,0,0,0,0,0,0,0
7,-10,0,0,0,0,1,0,0,0,3
1,7,0,0,0,0,0,0,0,0,1
-14,0,0,0,0,0,0,1,1,0,0
3,6,0,0,0,0,0,0,0,0,1
-3,-7,0,0,0,0,1,0,0,0,2
22,-3,0,0,0,0,0,1,0,0,0
0,1,0,0,0,0,0,0,0,0,1
0,15,1,0,1,0,0,0,0,0,1
-27,11,0,0,0,1,0,0,1,1,1
-13,-6,0,0,0,0,0,0,0,0,0
-18,-6,0,0,0,0,1,0,0,0,2
1,3,0,0,0,0,0,0,0,1,1
11,-9,0,0,0,0,0,0,0,0,0
-8,1,0,0,0,0,1,0,0,1,1
2,-9,0,0,0,0,0,0,0,0,0
-15,-10,0,0,0,0,0,0,0,0,0
0,-5,0,1,0,0,0,0,0,0,0
15,0,0,0,0,0,0,0,0,0,3
15,-3,0,0,0,0,0,0,0,0,0
-16,-11,0,0,0,1,0,0,0,0,0
12,-2,0,0,0,0,0,1,0,0,0
-3,-14,0,0,0,0,0,0,0,0,0
15,10,0,0,0,0,0,0,1,0,1
-5,-8,0,0,0,0,0,0,0,0,0
-12,-5,0,0,0,0,0,1,0,0,0
9,-13,0,1,0,0,0,0,0,0,0
9,12,0,0,0,0,0,0,0,0,1
20,2,0,0,0,0,0,1,0,0,3
5,8,0,0,0,0,0,0,0,0,1
-19,-7,0,0,0,0,0,0,0,0,0
11,14,0,0,0,0,0,0,0,1,1
4,-7,0,0,0,0,0,0,0,0,0
6,11,0,0,0,0,0,0,0,1,1
22,-7,0,0,0,0,1,0,0,0,3
-6,2,0,0,0,0,0,0,0,0,1
5,2,0,0,0,0,1,0,1,0,1
-2,-1,0,0,0,0,1,1,0,0,2
-19,12,0,0,0,1,0,0,0,0,1
8,2,0,0,0,0,0,0,0,0,1
-14,-8,0,0,0,1,0,0,0,0,0
1,1,0,0,0,0,0,0,0,0,1
-2,10,0,0,0,0,0,0,0,0,1
-9,16,0,0,0,1,0,0,0,0,1
-14,-13,0,0,0,0,0,1,0,0,0
10,-9,0,0,0,0,0,0,0,1,0
-13,4,1,0,0,0,0,0,0,0,1
-6,-10,0,0,0,0,0,0,0,0,0
-5,-5,0,0,0,0,0,0,0,0,0
-2,10,0,0,0,0,1,0,0,0,1
14,6,0,0,0,0,0,0,0,0,1
-7,-11,0,0,0,0,0,0,0,0,0
-11,5,0,0,0,0,0,0,0,0,1
-14,1,0,0,0,0,0,0,0,0,1
-3,-2,0,0,0,1,0,0,0,0,0
-8,-8,0,0,0,0,0,0,0,0,0
-17,12,0,0,0,0,0,0,0,0,1
-16,-10,0,0,0,0,0,1,0,0,0
-25,3,0,0,0,0,0,0,0,0,1
-4,0,0,0,0,0,0,0,0,1,2
-9,5,0,0,0,0,0,1,0,0,2
-16,9,0,0,0,0,0,0,1,0,1
-6,7,0,0,0,0,0,0,0,0,1
18,-3,0,0,0,0,0,0,0,0,0
12,5,0,0,0,0,0,1,0,0,3
-5,7,0,0,0,0,0,0,0,0,1
17,0,0,0,0,0,0,0,0,1,0
-2,2,0,0,0,0,0,0,0,0,1
5,1,0,0,0,0,0,0,0,0,1
3,13,1,0,0,0,0,0,0,0,1
-6,-1,0,0,0,0,0,0,0,0,0
-14,0,0,0,0,0,0,0,0,1,2
16,-2,0,0,0,0,0,0,0,1,0
1,6,0,0,0,0,0,1,0,0,3
-8,-9,0,0,0,0,0,0,0,0,0
-9,-2,0,0,0,0,1,0,0,0,2
-3,-11,0,0,0,0,1,0,0,0,2
9,-14,0,0,0,0,0,0,1,0,0
-14,5,0,0,0,0,0,0,0,0,1
2,2,0,0,0,0,0,0,0,0,1
0,10,0,0,0,0,0,0,0,0,1
-23,-16,0,0,0,0,0,0,0,0,0
-25,-18,0,1,0,0,0,1,0,0,0
-1,13,0,0,0,0,0,0,0,0,1
-2,5,0,0,0,0,0,0,0,0,1
11,-1,0,0,0,0,0,0,0,0,0
20,9,0,0,0,0,0,0,1,0,1
8,-8,0,0,0,0,0,0,1,0,0
-4,-1,0,0,0,0,0,0,1,0,0
8,1,0,0,1,0,0,0,0,0,1
-6,-10,0,0,0,0,0,0,0,0,0
25,-3,0,0,1,0,0,0,0,0,0
9,-5,0,0,0,0,0,0,0,0,0
17,-10,0,0,0,0,0,0,0,0,0
8,7,0,0,0,0,0,0,0,0,1
5,-11,0,0,0,0,0,1,0,0,0
2,13,0,0,0,0,0,0,0,0,1
-9,-5,0,0,0,0,0,0,0,0,0
5,-1,0,0,0,0,0,0,0,0,0
8,9,0,0,1,0,0,0,0,0,1
20,-2,0,0,0,0,0,0,0,0,0
23,-6,0,0,0,0,0,0,0,0,0
9,-6,0,0,0,0,1,0,0,1,1
3,12,0,0,0,0,0,0,0,0,1
13,-6,0,0,1,0,1,0,0,0,3
14,-10,0,0,0,0,0,0,0,0,0
-20,-15,0,0,0,1,0,0,0,0,0
-17,-1,0,0,0,0,0,0,0,0,0
-16,10,0,0,0,0,0,0,0,0,1
19,7,0,0,0,0,0,0,0,0,1
4,14,0,0,0,0,0,0,0,0,1
3,9,0,0,0,0,0,0,0,0,1
-11,6,0,0,0,0,0,0,0,0,1
12,-2,0,0,0,0,1,0,0,0,3
6,-11,0,0,0,0,0,0,1,0,0
4,7,0,0,0,0,0,0,0,0,1
15,-15,0,0,0,0,0,1,0,0,0
6,-4,0,0,0,0,0,0,0,0,0
-5,0,0,0,0,0,0,1,0,0,2
14,6,0,0,0,0,0,1,0,1,0
22,-1,0,0,1,0,0,0,0,0,0
12,-6,0,0,0,0,0,0,0,0,0
13,-1,0,0,0,0,1,0,0,0,3
4,2,0,0,0,0,0,1,0,0,3
-3,-1,1,0,0,0,0,0,1,0,1
6,-11,0,0,0,0,0,0,0,0,0
-5,6,0,0,0,0,1,0,1,0,1
-4,-1,0,0,0,0,0,0,1,0,0
-1,-2,0,0,0,0,0,0,0,0,0
-12,-4,0,0,0,0,1,0,0,0,2
-6,4,0,0,0,0,0,0,0,0,1
-1,5,0,0,0,0,0,0,0,0,1
-8,-6,0,0,0,0,1,0,0,0,2
0,12,0,0,0,0,1,0,1,0,1
11,-12,0,0,0,0,0,0,0,0,0
-6,4,0,0,0,0,1,0,0,0,1
0,9,0,0,0,0,0,1,0,0,0
16,3,0,0,0,0,0,0,0,0,1
16,3,1,0,0,0,0,0,0,0,1
-15,3,0,0,0,1,0,0,0,0,1
13,2,1,0,0,0,0,0,0,0,1
23,4,0,0,0,0,1,0,0,0,1
22,2,0,0,0,0,0,0,0,0,1
0,1,0,0,0,0,1,0,0,0,1
13,0,0,0,0,0,0,1,0,0,3
-9,-7,0,0,0,0,0,0,0,0,0
-10,-12,0,0,0,0,0,0,0,1,0
0,-15,0,0,0,0,0,0,0,0,0
-10,-1,1,0,0,0,0,0,0,0,2
14,-6,0,0,0,0,0,0,0,0,0
2,9,0,0,0,0,0,0,0,0,1
-3,2,1,0,0,0,0,0,0,0,1
-16,-2,0,0,0,0,0,0,0,0,0
2,2,0,0,0,0,0,0,0,0,1
-21,4,0,0,0,1,0,0,0,0,1
-3,4,0,0,0,0,1,0,0,0,1
24,-6,0,0,0,0,0,1,0,0,0
-12,-17,0,1,0,0,0,0,0,0,0
-23,6,0,0,0,0,0,0,0,0,1
-15,-4,0,0,0,0,0,0,0,0,0
-11,-11,0,0,0,0,0,0,0,0,0
4,10,0,0,0,0,0,0,0,0,1
-20,-2,0,1,0,0,0,0,0,0,0
0,15,0,0,0,0,0,0,0,1,1
14,0,0,0,0,0,0,0,0,0,3
18,-2,0,0,0,0,0,0,0,0,0
-1,-7,0,0,0,0,0,0,0,0,0
-26,-7,0,0,0,0,0,0,0,0,0
3,7,0,0,0,0,0,0,1,0,1
-7,2,0,0,0,0,0,0,0,0,1
6,-2,0,0,0,0,0,1,0,0,0
-4,-10,0,0,0,0,0,0,0,0,0
-2,-13,0,0,0,0,0,0,0,0,0
-2,11,0,0,0,0,0,1,0,0,2
-2,9,0,0,0,0,1,0,0,0,1
-13,-4,0,0,0,0,0,0,0,0,0
-20,5,0,0,0,0,0,0,0,1,1
22,-15,0,1,0,0,1,0,0,0,3
-13,7,0,0,0,0,0,0,0,0,1
20,-10,0,0,0,0,0,0,0,0,0
-9,2,0,0,0,0,0,0,0,0,1
2,2,0,0,0,0,0,0,1,0,1
18,-2,0,0,0,0,0,0,0,0,0
-1,-13,0,0,0,0,1,1,0,0,2
17,-17,0,1,0,0,0,0,0,1,0
-6,1,0,0,0,0,0,0,1,0,1
6,12,0,0,0,0,0,0,0,0,1
-8,-8,0,0,0,0,0,0,1,0,0
4,4,0,0,0,0,0,1,0,0,3
-13,-8,0,0,0,0,0,0,0,0,0
-15,14,0,0,0,0,0,0,0,0,1
3,6,0,0,0,0,0,1,0,0,3
-12,-10,0,0,0,0,0,0,1,0,0
-12,11,0,0,0,0,0,0,0,0,1
9,14,0,0,0,0,0,0,0,0,1
-1,13,0,0,0,0,0,0,0,0,1
-8,-7,0,0,0,0,0,0,0,0,0
11,-3,0,0,0,0,0,0,0,0,0
-12,11,0,0,0,0,0,0,1,0,1
2,2,0,0,0,0,0,0,0,0,1
-3,-16,0,1,0,0,1,0,1,0,3
-14,2,0,0,0,0,0,0,0,0,1
17,-1,0,1,0,0,0,0,0,0,0
-12,15,1,0,0,0,0,0,1,1,1
12,0,0,0,0,0,1,0,0,0,3
0,-4,0,0,0,0,0,0,0,1,0
-27,-9,0,0,0,0,0,1,0,0,0
-8,-4,0,0,0,0,1,0,0,0,2
10,-13,0,0,0,0,0,0,0,0,0
-11,0,0,1,0,0,0,1,0,0,2
6,-6,0,0,0,0,1,0,0,0,3
1,-8,0,1,0,0,0,0,0,0,0
-5,12,0,0,0,0,0,1,0,0,2
-15,4,0,0,0,0,0,0,0,0,1
12,8,0,0,0,0,0,0,0,1,1
-15,-6,0,0,0,0,0,0,0,0,0
1,0,0,0,0,0,0,1,0,0,3
-9,5,0,0,0,0,0,0,0,0,1
-23,8,1,0,0,0,0,0,0,0,1
-2,-9,0,0,0,0,1,0,0,0,2
-1,-5,0,0,0,0,0,0,0,0,0
3,8,0,0,1,0,0,0,0,1,1
-10,0,0,0,0,0,0,0,0,0,2
8,3,0,0,0,0,0,0,0,0,1
-6,2,0,0,0,0,0,0,1,0,1
2,-5,0,0,0,0,0,0,0,0,0
2,15,0,0,0,0,0,1,0,1,0
20,0,0,0,0,0,0,0,0,1,0
16,-1,0,0,0,0,0,0,0,1,0
14,7,0,0,0,0,0,0,0,0,1
6,14,0,0,0,0,0,0,0,0,1
-5,3,0,0,0,0,0,0,0,0,1
-11,-5,0,0,0,0,0,0,0,0,0
22,-4,0,0,0,0,0,0,0,0,0
-8,9,0,0,0,0,0,0,0,0,1
9,-2,0,0,0,0,0,1,0,0,0
8,-2,0,0,1,0,0,0,0,0,0
0,-8,0,0,0,0,0,0,0,0,0
1,-1,0,0,0,0,0,0,0,0,0
-9,0,0,0,0,0,0,0,0,0,2
18,-18,0,1,0,0,0,0,0,0,0
-15,0,0,0,0,0,0,0,0,1,2
2,-8,0,0,0,0,0,1,0,0,0
18,15,0,0,0,0,0,0,0,0,1
3,3,0,0,0,0,0,0,0,0,1
10,-4,0,0,0,0,0,0,0,0,0
-11,-4,0,0,0,0,0,0,0,0,0
-20,-10,0,0,0,0,0,0,0,0,0
2,-6,0,0,0,0,1,0,0,0,3
-12,-9,0,0,0,0,0,0,0,0,0
23,-9,0,0,0,0,0,0,0,0,0
-7,0,0,1,0,0,0,0,0,0,2
2,-12,0,0,0,0,0,0,0,0,0
-14,0,0,0,0,0,0,0,0,0,2
-15,-3,0,0,0,0,0,1,0,0,0
-3,-5,0,0,0,0,0,0,0,0,0
14,10,0,0,0,0,0,0,0,0,1
5,5,0,0,1,0,0,0,0,0,1
8,-2,0,0,0,0,0,0,0,0,0
9,9,0,0,0,0,0,0,1,0,1
19,-12,0,0,1,0,0,0,0,0,0
-14,1,0,0,0,0,0,0,0,0,1
16,0,0,0,0,0,0,0,0,0,3
16,-2,0,0,0,0,0,0,0,0,0
-22,9,1,0,0,0,0,0,0,0,1
5,1,0,0,0,0,1,0,0,0,1
11,5,0,0,0,0,0,1,1,0,3
10,13,1,0,0,0,0,0,0,0,1
-20,-6,0,0,0,0,0,0,0,0,0
0,-12,0,0,0,0,0,0,0,0,0
3,10,0,0,0,0,0,0,0,0,1
16,14,1,0,0,0,0,0,0,0,1
-18,-3,0,1,0,0,0,0,0,0,0
6,8,0,0,0,0,1,0,0,0,1
15,1,0,0,0,0,0,0,0,0,1
16,5,0,0,1,0,0,0,0,0,1
-7,-4,0,0,0,0,0,0,0,0,0
7,14,0,0,0,0,0,0,0,0,1
-7,-5,0,1,0,0,0,0,0,0,0
15,-14,0,0,1,0,0,0,0,0,0
-9,-3,0,0,0,0,0,0,0,0,0
-17,9,0,0,0,0,0,0,0,0,1
-6,4,0,0,0,0,0,0,0,0,1
0,5,0,0,0,0,0,0,0,0,1
13,-1,0,1,0,0,0,0,0,0,0
1,-3,0,0,0,0,0,0,0,0,0
23,9,0,0,0,0,0,1,0,0,3
18,-3,0,0,0,0,0,1,0,0,0
11,14,0,0,0,0,0,0,0,0,1
7,3,0,0,0,0,0,0,0,0,1
12,6,1,0,0,0,0,0,0,0,1
0,0,0,0,0,0,0,0,0,0,0
-10,11,0,0,0,0,0,1,0,0,2
13,-9,0,0,1,0,0,0,0,0,0
10,-9,0,0,0,0,0,0,0,0,0
-8,2,0,0,0,0,0,0,0,0,1
-15,-2,0,0,0,0,0,1,0,1,0
-12,6,0,0,0,0,0,0,0,0,1
-7,-10,0,1,0,0,0,0,0,0,0
1,-2,0,0,0,0,0,0,0,1,0
2,-2,0,1,0,0,0,0,0,0,0
-21,6,0,0,0,0,0,0,1,0,1
-2,-2,0,0,0,0,0,0,0,0,0
-5,11,0,0,0,0,0,1,0,0,2
11,-3,0,0,0,0,0,0,0,0,0
2,-6,0,0,0,0,0,0,0,0,0
-5,14,0,0,0,0,0,1,0,0,2
2,6,0,0,0,0,0,0,0,0,1
0,-10,0,0,1,0,0,0,0,0,0
5,5,0,0,0,0,1,0,1,0,1
-4,4,0,0,0,0,0,0,0,0,1
-22,-5,0,0,0,0,0,0,0,0,0
10,-5,0,0,0,0,1,0,0,0,3
-18,-13,0,0,0,0,1,0,0,0,2
-6,-1,0,0,0,0,0,0,0,1,0
14,2,0,0,0,0,0,0,0,0,1
-5,-9,0,0,0,0,0,0,1,1,0
8,-3,0,0,0,0,0,0,1,0,0
11,-1,0,0,0,0,0,0,0,0,0
-9,1,1,0,0,0,0,0,0,0,1
-14,11,0,0,0,0,1,0,0,1,1
-7,7,0,0,0,0,0,0,0,0,1
-2,-1,0,0,0,0,0,0,0,0,0
-7,-12,0,0,0,0,0,0,0,0,0
-20,0,0,0,0,1,0,0,0,0,2
-15,-9,0,1,0,0,0,0,0,1,0
-4,0,0,0,0,0,0,0,0,0,2
16,10,0,0,0,0,1,0,0,1,1
-19,2,0,0,0,0,0,0,0,0,1
-11,-5,0,0,0,0,0,0,0,0,0
17,-10,0,1,0,0,0,0,0,0,0
10,0,0,0,0,0,0,0,0,0,3
9,3,0,0,1,0,0,0,0,0,1
20,-7,0,1,0,0,0,0,0,0,0
24,-5,0,0,1,0,0,0,0,0,0
-7,-1,0,0,0,1,1,0,0,0,2
11,8,0,0,0,0,0,0,0,0,1
-11,-6,0,0,0,1,0,0,0,0,0
-8,0,0,0,0,0,0,0,0,1,2
-8,4,0,0,0,0,0,0,0,0,1
-14,15,1,0,0,0,0,0,0,0,1
-14,-9,0,0,0,0,0,0,0,0,0
-7,15,0,0,0,0,0,0,0,0,1
13,-5,0,0,0,0,0,0,0,0,0
10,3,1,0,0,0,0,0,1,0,1
-13,10,0,0,0,0,0,0,0,0,1
18,-3,0,0,0,0,0,0,1,0,0
-9,2,0,0,0,0,0,0,0,0,1
-1,5,0,0,1,0,0,0,0,0,1
-20,-11,0,1,0,0,0,0,1,0,0
13,9,0,0,0,0,0,0,0,0,1
20,3,0,0,0,0,1,0,0,0,1
16,-3,0,0,0,0,0,0,0,0,0
2,-4,0,0,0,0,0,0,0,0,0
17,-5,0,0,0,0,0,1,0,0,0
1,-3,0,0,0,0,0,0,0,0,0
1,9,0,0,0,0,0,0,0,0,1
-7,5,0,0,0,0,0,0,0,0,1
-6,-2,0,0,0,0,0,0,0,0,0
-28,2,0,0,0,1,0,0,1,0,1
14,-8,0,0,0,0,0,0,0,0,0
-9,-1,0,0,0,0,0,0,1,1,0
21,8,0,0,0,0,0,0,0,0,1
6,-9,0,0,0,0,0,0,0,0,0
21,3,0,0,1,0,0,0,0,0,1
-5,17,1,0,0,0,0,0,0,1,1
10,-1,0,0,0,0,0,0,0,0,0
-15,-8,0,1,0,0,0,0,0,1,0
8,-4,0,0,0,0,0,0,0,0,0
26,9,1,0,0,0,0,0,0,0,1
-22,0,0,0,0,0,0,0,0,0,2
3,-3,0,0,0,0,1,0,0,0,3
15,11,0,0,0,0,1,0,0,0,1
19,-4,0,0,0,0,0,0,0,0,0
6,-2,0,0,0,0,0,1,0,1,0
15,-2,0,0,0,0,0,0,0,1,0
2,-2,0,0,0,0,0,1,0,0,0
5,8,0,0,1,0,0,0,0,0,1
1,-3,0,0,0,0,0,0,0,0,0
15,-2,0,0,0,0,0,0,0,0,0
-7,9,0,0,0,0,0,1,0,0,2
23,8,0,0,0,0,0,0,0,0,1
-10,-2,0,1,0,0,0,0,0,0,0
-4,0,0,1,0,0,1,0,0,0,2
-2,-8,0,0,0,0,0,0,0,0,0
-13,-2,0,0,0,0,0,0,1,0,0
20,7,1,0,0,0,0,0,0,1,1
-2,2,0,0,0,0,1,0,0,0,1
4,-2,0,1,0,0,0,0,0,0,0
-5,3,0,0,0,0,0,0,0,0,1
-7,6,0,0,0,0,0,0,0,0,1
3,-4,0,0,0,0,0,1,0,0,0
-17,-7,0,0,0,0,0,0,0,0,0
5,-1,0,0,0,0,0,0,0,1,0
19,-10,0,0,0,0,0,1,0,0,0
5,3,0,0,0,0,1,0,0,0,1
17,0,0,0,0,0,0,0,0,0,3
13,8,0,0,0,0,0,0,1,0,1
-1,2,0,0,0,0,0,0,0,0,1
-11,-3,0,0,0,0,0,0,0,0,0
3,-9,0,0,0,0,0,0,1,0,0
-15,5,0,0,0,0,0,0,0,0,1
16,-11,0,0,0,0,0,1,0,0,0
4,-17,0,1,0,0,0,0,0,0,0
8,-6,0,1,0,0,0,0,0,0,0
-3,-2,0,0,0,0,0,1,0,0,0
-10,2,0,0,0,1,0,0,0,0,1
-13,5,1,0,0,0,0,0,0,0,1
-19,-10,0,0,0,0,0,0,0,0,0
-1,-12,0,0,0,0,0,0,0,0,0
12,9,0,0,0,0,0,0,0,0,1
-3,-8,0,0,0,0,0,0,0,0,0
2,-1,0,0,0,0,0,0,0,0,0
2,3,0,0,0,0,0,0,0,0,1
-1,2,0,0,0,0,0,0,0,0,1
-21,5,0,0,0,0,0,0,0,0,1
15,1,0,0,1,0,0,0,0,0,1
-5,-15,0,1,0,0,0,0,0,1,0
-17,12,0,0,0,0,0,1,0,0,2
9,-3,0,0,0,0,0,0,1,0,0
15,3,1,0,0,0,0,0,0,0,1
16,-14,0,0,0,0,0,0,0,0,0
11,-4,0,0,0,0,1,0,0,0,3
5,-2,0,0,0,0,0,0,0,0,0
15,-4,0,0,0,0,1,0,0,0,3
-3,13,0,0,0,0,0,0,0,0,1
7,5,0,0,1,0,0,1,0,0,3
-2,-9,0,0,0,0,0,0,0,0,0
-18,-8,0,0,0,0,0,1,0,0,0
13,-7,0,0,0,0,0,0,0,1,0
-7,11,0,0,0,0,0,0,0,1,1
-8,-1,0,0,0,0,0,0,0,0,0
17,-1,0,0,0,0,0,1,0,0,0
-18,7,0,0,0,0,0,0,0,1,1
-1,6,0,0,0,0,0,0,0,0,1
-5,-15,0,1,0,0,0,0,1,1,0
-20,16,0,0,0,0,0,0,0,0,1
18,6,0,0,0,0,0,0,0,0,1
-6,-3,0,0,0,0,0,0,0,0,0
-17,-3,0,0,0,0,0,0,0,0,0
12,0,0,0,0,0,0,1,0,0,3
5,8,0,0,0,0,1,0,0,0,1
13,10,0,0,0,0,0,0,0,0,1
5,0,0,0,0,0,1,0,0,0,3
-2,7,0,0,0,0,0,1,0,0,2
-23,-13,0,1,0,0,0,0,0,0,0
-9,-11,0,0,0,0,0,0,0,0,0
3,-9,0,1,0,0,0,0,0,0,0
23,-6,0,0,0,0,0,0,0,0,0
-23,2,0,0,0,0,1,0,0,0,1
10,-4,0,1,0,0,0,0,0,0,0
20,-17,0,0,0,0,0,0,0,0,0
8,-3,0,0,0,0,0,0,1,0,0
10,18,1,0,1,0,0,0,0,0,1
10,-8,0,0,0,0,0,0,0,0,0
-6,-1,0,0,0,0,0,0,0,0,0
-8,-5,0,0,0,0,0,1,0,0,0
-17,-3,0,0,0,0,0,0,0,0,0
-18,-7,0,0,0,0,0,0,0,0,0
0,10,0,0,0,0,0,0,0,1,1
1,-2,0,0,0,0,1,0,0,0,3
-13,1,1,0,0,0,0,0,0,0,1
-9,7,1,0,0,0,1,0,0,0,1
-13,-17,0,0,0,0,0,0,0,0,0
-5,-1,0,0,0,0,0,0,0,1,0
-1,-2,0,0,1,0,0,0,0,0,0
-13,-2,0,0,0,0,0,0,0,0,0
-1,13,0,0,0,0,0,0,0,0,1
10,9,0,0,0,0,0,1,0,0,3
-17,2,0,0,0,0,0,0,0,0,1
-1,-5,0,0,0,0,0,1,1,0,0
-8,6,1,0,0,0,0,0,0,0,1
13,3,0,0,0,0,0,0,0,0,1
10,5,0,0,0,0,0,0,0,0,1
21,1,0,0,0,0,0,0,0,0,1
-16,-5,0,0,0,0,0,0,0,0,0
6,6,0,0,0,0,0,0,0,1,1
-1,-5,0,0,0,0,1,0,0,0,2
-8,-3,0,0,0,0,0,0,0,0,0
-13,6,0,0,0,0,0,0,0,0,1
17,5,0,0,1,0,0,1,0,0,3
11,10,0,0,0,0,0,0,0,0,1
16,0,0,0,0,0,0,1,0,0,3
8,12,1,0,0,0,0,0,0,1,1
-3,-2,0,0,0,0,0,0,0,0,0
-4,-10,0,0,0,0,0,0,0,0,0
6,11,0,0,0,0,0,0,0,1,1
-6,10,0,0,0,0,0,0,0,0,1
-8,-8,0,1,0,0,0,0,0,0,0
-24,0,0,0,0,1,0,0,0,0,2
-1,8,0,0,0,0,0,0,0,0,1
-19,-9,0,0,0,0,0,0,0,0,0
-5,14,0,0,0,0,0,0,0,0,1
-9,6,0,0,0,0,0,0,0,0,1
13,-1,0,0,0,0,0,0,0,0,0
-10,-2,0,0,0,0,0,0,0,0,0
-11,5,1,0,0,0,0,0,0,0,1
-9,-16,0,1,0,0,0,0,0,0,0
-4,6,0,0,0,0,0,0,0,0,1
-12,4,0,0,0,0,1,0,0,0,1
6,2,0,0,0,0,0,0,0,0,1
-11,10,0,0,0,0,1,0,0,0,1
2,1,0,0,0,0,0,0,0,0,1
-25,9,0,0,0,1,0,0,0,0,1
-19,-4,0,0,0,1,0,0,1,0,0
4,5,0,0,0,0,0,0,0,0,1
14,-8,0,0,1,0,1,0,0,1,1
-23,14,0,0,0,1,0,0,0,0,1
1,-3,0,0,0,0,0,0,0,0,0
8,-1,0,0,0,0,0,0,0,0,0
-14,0,0,0,0,0,1,0,0,0,2
10,2,0,0,0,0,0,0,0,0,1
-6,-9,0,0,0,0,0,1,0,0,0
-8,-1,0,0,0,0,0,0,0,0,0
-10,2,0,0,0,0,1,0,1,0,1
-24,0,0,0,0,0,0,0,0,0,2
13,-5,0,0,0,0,1,0,0,0,3
10,-7,0,0,0,0,0,1,0,0,0
8,6,1,0,0,0,0,0,1,0,1
9,6,0,0,0,0,1,0,0,0,1
-14,4,0,0,0,0,0,1,0,0,2
-18,-1,0,0,0,0,0,0,0,0,0
3,6,0,0,1,0,0,1,0,0,3
0,10,0,0,0,0,0,0,0,0,1
1,4,0,0,0,0,0,1,1,0,3
-5,9,0,0,0,0,0,0,0,0,1
9,3,0,0,0,0,0,0,0,0,1
13,15,1,0,1,0,0,0,0,0,1
-9,-2,0,0,0,0,0,0,0,0,0
13,-1,0,0,0,0,0,0,0,1,0
-14,-9,0,0,0,0,0,0,0,1,0
-23,-5,0,0,0,0,0,0,0,0,0
2,-10,0,0,0,0,0,0,0,0,0
-3,14,0,0,0,0,0,0,0,0,1
9,15,0,0,0,0,0,0,0,0,1
3,-3,0,0,0,0,0,0,0,0,0
0,9,0,0,0,0,0,0,0,0,1
-13,-1,0,0,0,0,0,1,0,0,0
-1,-5,0,0,0,0,0,0,0,0,0
-7,11,0,0,0,0,0,0,0,0,1
-2,-15,0,1,0,0,0,0,0,0,0
14,9,0,0,0,0,0,0,0,0,1
-24,-6,0,0,0,1,0,0,0,0,0
7,4,0,0,0,0,1,0,0,0,1
-11,-4,0,0,0,0,0,0,0,0,0
0,-12,0,0,1,0,0,0,0,1,0
7,2,0,0,0,0,0,0,0,0,1
16,12,0,0,0,0,0,0,0,0,1
5,6,1,0,0,0,0,0,0,0,1
-5,-9,0,0,0,0,0,0,0,0,0
-15,-5,0,0,0,0,0,0,0,0,0
2,-3,0,0,0,0,0,1,0,0,0
16,-11,0,0,0,0,0,1,0,0,0
8,-11,0,0,0,0,0,0,0,0,0
-14,13,0,0,0,0,0,0,0,0,1
-7,-9,0,0,0,1,0,0,0,0,0
-15,13,0,0,0,0,0,0,0,0,1
4,3,0,0,0,0,0,0,0,0,1
27,-12,0,0,0,0,0,0,0,0,0
6,-16,0,0,0,0,0,0,0,0,0
12,9,0,0,0,0,1,0,0,0,1
-9,-7,0,0,0,0,0,0,0,1,0
-21,8,0,0,0,0,0,0,0,0,1
-2,12,1,0,0,0,1,0,0,0,1
-6,7,0,0,0,0,0,0,0,0,1
-7,-5,0,0,0,0,0,0,0,0,0
5,5,0,0,0,0,0,0,0,0,1
5,-3,0,0,0,0,0,1,0,0,0
19,-8,0,0,0,0,0,0,0,0,0
-14,5,0,0,0,0,0,1,0,0,2
2,4,0,0,0,0,0,0,1,0,1
7,-3,0,1,0,0,0,0,1,0,0
-20,-15,0,0,0,0,0,0,1,0,0
17,-17,0,1,0,0,0,0,0,0,0
16,-3,0,0,0,0,0,0,0,0,0
9,-2,0,0,0,0,0,0,0,0,0
-15,8,0,0,0,1,0,0,0,0,1
2,1,0,0,0,0,0,0,0,0,1
12,-12,0,0,0,0,0,0,0,0,0
-2,-4,0,0,0,0,0,0,0,0,0
8,-7,0,0,1,0,0,0,0,0,0
12,11,0,0,0,0,1,0,0,0,1
-24,-11,0,0,0,0,0,0,0,1,0
-3,18,1,0,0,0,0,0,1,0,1
-1,1,0,0,0,0,0,0,0,0,1
-14,-9,0,0,0,0,0,0,0,0,0
-2,-1,0,0,0,0,0,0,0,0,0
-6,-5,0,0,0,0,0,0,0,0,0
9,-7,0,0,0,0,0,0,0,0,0
-2,-1,0,0,0,0,0,0,1,0,0
15,15,0,0,0,0,0,1,0,0,3
-2,4,0,0,0,0,0,0,0,0,1
3,0,0,0,0,0,0,0,0,0,3
11,-8,0,0,0,0,0,0,0,0,0
-19,4,0,0,0,0,0,0,0,0,1
-1,8,0,0,0,0,0,0,0,0,1
-1,-3,0,0,1,0,0,1,1,0,0
-2,-4,0,0,0,0,0,1,0,0,0
-4,2,1,0,0,0,0,0,0,0,1
11,10,0,0,0,0,0,0,0,0,1
10,13,0,0,0,0,0,0,0,0,1
14,2,0,0,0,0,0,0,0,0,1
10,-2,0,0,0,0,0,0,0,0,0
5,3,0,0,0,0,0,0,0,0,1
-13,7,0,0,0,1,0,0,1,0,1
-14,1,0,0,0,0,0,0,0,0,1
0,-5,0,0,0,0,0,0,0,0,0
-5,-1,0,0,0,0,0,0,0,0,0
-22,0,0,0,0,0,0,0,0,0,2
-7,-10,0,0,0,1,0,0,0,1,0
11,-15,0,0,0,0,0,0,0,0,0
-12,-4,0,0,0,1,0,0,0,0,0
-14,1,0,0,0,0,1,0,0,0,1
15,-1,0,0,0,0,0,0,0,0,0
-2,-8,0,0,0,0,0,0,0,0,0
0,10,0,0,0,0,0,0,0,0,1
22,1,0,0,0,0,0,0,0,0,1
-21,10,0,0,0,1,0,0,0,0,1
-25,-8,0,0,0,1,0,0,0,0,0
-3,11,1,0,0,0,1,0,0,1,1
-7,6,0,0,0,0,0,0,0,0,1
3,-14,0,0,0,0,0,0,0,0,0
-11,2,0,0,0,0,0,0,0,0,1
9,-1,0,0,0,0,0,0,0,0,0
-6,-8,0,0,0,0,0,0,0,0,0
4,0,0,0,0,0,0,1,0,0,3
-3,0,0,0,0,0,0,0,0,0,2
-3,5,0,0,0,0,0,1,0,0,2
1,16,1,0,0,0,0,0,1,0,1
-14,8,0,0,0,0,0,0,0,0,1
-22,-4,0,0,0,0,0,0,0,1,0
18,9,0,0,0,0,0,0,0,0,1
5,-13,0,0,0,0,1,0,1,0,3
1,-3,0,0,0,0,0,0,0,0,0
6,2,0,0,0,0,0,1,0,0,3
16,-1,0,0,0,0,0,0,1,0,0
18,-8,0,0,0,0,0,0,1,0,0
1,-1,0,0,0,0,0,0,0,0,0
-24,10,0,0,0,1,0,0,0,0,1
4,5,0,0,0,0,0,0,0,0,1
9,8,1,0,0,0,0,0,0,0,1
2,-9,0,0,0,0,0,0,0,1,0
-14,3,0,0,0,0,0,0,0,0,1
-1,5,0,0,0,0,0,0,0,1,1
5,-11,0,0,0,0,0,0,0,0,0
-17,4,0,0,0,0,0,0,1,0,1
0,-3,0,0,0,1,0,0,0,0,0
-11,-5,0,0,0,0,0,0,0,0,0
-1,6,1,0,0,0,0,0,0,0,1
-8,-2,0,0,0,0,0,0,0,0,0
-13,7,0,0,0,0,0,0,1,0,1
-2,-13,0,0,0,0,0,0,0,0,0
-16,-14,0,0,0,0,0,1,0,0,0
-7,1,0,1,0,0,0,0,0,0,2
-9,7,0,0,0,0,0,0,0,0,1
0,1,0,0,0,1,0,0,0,0,1
-8,-3,0,0,0,0,0,0,0,0,0
1,0,1,0,0,0,0,0,0,0,3
8,-5,0,1,0,0,1,0,0,1,2
15,10,0,0,0,0,0,0,0,0,1
11,3,0,0,0,0,0,0,0,0,1
3,-3,0,0,1,0,0,0,0,0,0
-23,-10,0,1,0,1,0,0,0,0,0
-12,-7,0,0,0,0,0,0,1,0,0
0,-13,0,0,0,0,0,0,0,0,0
-9,-2,0,1,0,0,0,0,0,0,0
9,14,0,0,0,0,0,0,0,0,1
4,-3,0,0,0,0,0,0,0,0,0
13,13,0,0,0,0,0,0,0,0,1
22,-10,0,0,0,0,0,0,1,0,0
-3,7,0,0,0,0,1,0,0,0,1
-8,-5,0,1,0,0,0,0,0,0,0
13,-13,0,0,0,0,0,0,0,0,0
-2,-10,0,0,0,0,0,0,0,0,0
-9,0,1,0,0,0,0,0,0,0,2
-10,10,0,0,0,1,0,1,0,0,2
12,4,0,0,0,0,0,0,0,0,1
8,4,0,0,0,0,0,0,0,0,1
-2,7,0,0,0,0,0,0,0,0,1
3,-2,0,1,0,0,0,0,0,0,0
13,-2,0,0,0,0,0,0,0,0,0
-7,3,0,0,0,0,0,0,0,1,1
12,4,1,0,0,0,0,0,0,0,1
7,4,0,0,0,0,0,0,0,0,1
-5,-2,0,0,0,0,0,0,0,0,0
5,-8,0,0,0,0,0,1,0,0,0
20,-3,0,0,0,0,1,0,0,0,3
0,-1,0,0,0,0,0,0,0,0,0
-13,-6,0,0,0,0,0,1,1,0,0
-23,2,0,0,0,0,0,0,0,0,1
-2,17,0,0,0,0,0,0,0,0,1
-2,-9,0,0,0,0,0,0,0,0,0
12,-9,0,1,0,0,1,0,0,0,3
12,-3,0,0,0,0,0,0,0,0,0
5,-1,0,0,0,0,0,0,0,0,0
-10,0,0,0,0,0,0,0,0,1,2
-12,-8,0,0,0,0,0,0,0,0,0
-7,-5,0,0,0,0,0,0,0,0,0
-5,-1,0,1,0,0,0,0,1,0,0
8,-1,0,0,0,0,0,0,0,0,0
2,4,0,0,0,0,0,0,0,1,1
-3,9,0,0,0,0,0,0,0,0,1
-2,-4,0,0,0,0,0,0,0,0,0
21,-11,0,0,0,0,0,0,0,0,0
-11,1,0,0,0,0,0,0,0,0,1
12,-10,0,0,0,0,0,1,0,0,0
13,-11,0,0,0,0,0,0,0,0,0
7,9,0,0,0,0,1,0,0,0,1
-4,-2,0,1,0,0,0,0,0,0,0
-15,-10,0,0,0,0,0,1,0,0,0
27,-5,0,1,0,0,0,0,0,0,0
-17,2,0,0,0,0,0,0,0,0,1
0,-11,0,0,0,0,0,0,0,1,0
13,-11,0,0,1,0,0,0,0,0,0
-3,11,0,0,0,1,1,0,0,0,1
-10,4,0,0,0,1,0,0,0,0,1
9,-3,0,0,0,0,0,0,0,0,0
-8,14,0,0,0,0,1,0,0,0,1
-15,4,0,0,0,0,0,0,0,0,1
-9,1,0,0,0,0,0,0,0,0,1
-8,-9,0,0,0,0,1,1,0,0,2
12,-7,0,0,0,0,0,0,0,0,0
-1,3,0,0,0,0,0,0,0,0,1
-5,6,0,0,0,0,0,0,0,0,1
4,14,0,0,0,0,0,0,0,0,1
9,-17,0,0,0,0,0,0,0,0,0
17,17,0,0,0,0,0,0,0,1,1
15,-7,0,1,0,0,0,0,0,0,0
7,3,0,0,0,0,1,0,1,1,1
-13,8,0,0,0,0,0,0,0,0,1
10,1,0,0,0,0,0,0,1,0,1
-16,8,0,0,0,0,0,0,0,0,1
13,-2,0,0,0,0,0,0,0,0,0
1,3,0,0,0,0,1,0,0,1,1
2,0,0,0,0,0,0,0,0,0,3
16,0,0,0,0,0,0,1,0,0,3
3,-12,0,0,0,0,0,0,0,0,0
-8,3,0,0,0,0,0,0,0,1,1
-13,-11,0,0,0,0,0,0,0,0,0
21,-2,0,0,0,0,0,0,0,0,0
-7,-2,0,0,0,0,0,0,1,0,0
1,2,0,0,0,0,0,1,0,0,3
-19,13,0,0,0,0,0,0,0,0,1
25,-6,0,0,0,0,0,0,0,0,0
21,-5,0,0,0,0,0,1,0,0,0
5,-2,0,0,0,0,0,0,0,0,0
15,-13,0,0,0,0,0,0,1,0,0
10,-14,0,1,0,0,0,0,0,0,0
9,2,0,0,0,0,0,0,0,0,1
13,-6,0,0,0,0,0,0,0,1,0
-2,-7,0,0,0,0,0,0,0,0,0
-19,-4,0,0,0,0,0,0,1,0,0
-6,-15,0,0,0,0,0,0,0,0,0
-2,0,0,0,0,0,0,0,0,0,2
-10,-5,0,0,0,0,0,0,0,0,0
-8,-4,0,1,0,0,0,0,0,0,0
-20,7,0,0,0,0,0,1,0,0,2
3,-10,0,1,0,0,0,0,0,0,0
-23,-18,0,1,0,0,0,0,0,0,0
-6,-5,0,1,0,0,0,0,0,0,0
-14,11,1,0,0,0,0,0,0,0,1
-1,3,0,0,0,0,0,0,1,0,1
-17,-6,0,0,0,0,0,0,0,0,0
-11,3,0,0,0,0,1,1,0,0,2
19,1,0,0,0,0,0,0,0,0,1
-24,6,0,0,0,0,0,1,0,0,2
-8,-4,0,0,0,0,0,0,0,0,0
7,-11,0,0,0,0,0,0,1,0,0
2,-3,0,0,0,0,0,0,0,0,0
6,-2,0,0,0,0,0,0,0,0,0
-1,14,0,0,0,0,0,0,0,0,1
-6,15,0,0,0,0,0,0,0,0,1
15,3,0,0,0,0,0,0,0,0,1
7,-3,0,0,0,0,1,0,0,0,3
14,12,0,0,0,0,0,1,0,0,3
15,2,0,0,0,0,0,0,0,0,1
-18,-14,0,0,0,0,0,0,0,0,0
-3,3,0,0,0,0,0,0,0,0,1
-23,3,0,0,0,0,0,0,0,0,1
-17,-11,0,0,0,0,0,0,0,0,0
1,-7,0,0,0,0,0,0,0,0,0
-20,0,0,0,0,0,0,0,0,0,2
1,-4,0,0,0,0,0,0,0,0,0
-11,5,0,0,0,0,0,0,0,0,1
6,0,0,0,0,0,0,0,0,0,3
1,9,0,0,0,0,0,0,0,0,1
-1,0,0,0,0,0,0,0,0,0,2
8,8,0,0,0,0,0,0,0,0,1
13,5,0,0,0,0,1,0,0,0,1
-4,-1,0,0,0,0,0,0,0,0,0
0,0,0,0,0,0,1,0,0,0,1
14,9,0,0,0,0,0,0,0,0,1
-1,-7,0,0,0,0,0,1,0,0,0
-22,3,0,0,0,0,0,0,0,0,1
23,-1,0,0,0,0,1,0,1,0,3
-2,-3,0,0,0,0,0,0,0,0,0
6,1,0,0,0,0,0,0,0,0,1
-4,-11,0,0,0,1,0,0,0,0,0
21,-5,0,0,0,0,0,0,0,0,0
-1,-1,0,0,0,0,0,0,0,0,0
27,1,0,0,0,0,0,0,0,0,1
-9,-9,0,0,0,0,0,1,0,0,0
-17,-10,0,0,0,0,0,0,0,0,0
3,-12,0,1,0,0,0,0,1,0,0
-16,-13,0,0,0,1,0,0,0,1,0
-8,-15,0,0,0,0,0,0,1,0,0
-7,6,0,0,0,0,0,0,0,0,1
-25,3,0,0,0,1,0,0,0,0,1
-11,0,0,0,0,0,0,0,0,0,2
-6,-12,0,1,0,0,1,0,0,0,2
-25,-6,0,0,0,1,0,0,0,0,0
10,15,0,0,0,0,0,0,0,0,1
6,3,0,0,0,0,1,0,0,0,1
4,3,0,0,0,0,1,1,0,0,3
8,3,0,0,0,0,0,0,0,0,1
-2,3,0,0,0,0,0,0,0,0,1
-6,6,1,0,0,0,0,0,0,0,1
14,-11,0,0,1,0,0,0,0,0,0
1,-12,0,0,0,0,0,0,0,0,0
-15,-16,0,1,0,0,0,0,0,0,0
10,2,0,0,0,0,1,0,0,0,1
17,8,0,0,0,0,1,0,0,0,1
-1,8,0,0,0,0,0,0,0,0,1
8,-8,0,0,0,0,0,0,0,0,0
12,-4,0,0,0,0,0,0,0,0,0
6,-13,0,0,0,0,0,0,0,0,0
-6,1,0,0,0,0,0,1,0,0,2
-24,12,0,0,0,1,0,0,1,0,1
1,-9,0,0,0,0,0,0,0,0,0
9,-4,0,0,1,0,0,0,0,0,0
11,-1,0,0,0,0,0,0,1,0,0
-11,1,0,0,0,0,0,0,1,0,1
20,13,0,0,1,0,0,0,0,0,1
-24,0,0,0,0,0,0,0,0,1,2
22,1,0,0,0,0,0,0,0,0,1
-19,0,0,0,0,0,0,0,0,0,2
18,7,0,0,1,0,0,0,0,1,1
9,-2,0,0,0,0,0,1,0,0,0
-10,5,0,0,0,0,0,0,0,0,1
1,-3,0,0,0,0,0,0,0,0,0
-9,-3,0,0,0,0,0,0,0,0,0
-5,8,0,0,0,0,0,0,0,0,1
-6,0,0,0,0,0,0,0,0,0,2
-6,-1,0,0,0,0,1,0,0,0,2
26,-9,0,0,1,0,0,0,0,0,0
-2,-8,0,0,0,0,1,0,0,0,2
18,7,0,0,0,0,0,0,0,0,1
-11,-1,0,0,0,0,0,0,0,0,0
0,4,0,0,1,0,0,0,0,0,1
1,1,0,0,0,0,0,0,0,0,1
-10,6,0,0,0,0,0,1,0,0,2
18,4,0,0,0,0,0,0,0,0,1
7,8,0,0,0,0,0,0,0,0,1
-15,4,0,0,0,0,0,0,0,0,1
19,-7,0,0,0,0,0,0,0,1,0
-8,1,0,0,0,0,0,0,0,0,1
-16,-10,0,0,0,0,0,0,0,0,0
8,-5,0,0,0,0,0,0,1,0,0
13,2,0,0,0,0,0,0,0,1,1
-1,-12,0,1,0,0,1,0,0,0,2
-22,12,0,0,0,1,0,0,0,1,1
12,9,0,0,0,0,1,0,0,0,1
-5,-9,0,0,0,0,1,0,0,0,2
-18,-2,0,0,0,0,0,1,0,0,0
14,-1,0,0,0,0,0,0,0,0,0
1,10,0,0,0,0,0,0,0,0,1
1,1,0,0,0,0,0,0,1,0,1
9,-3,0,0,0,0,0,0,1,0,0
6,10,0,0,0,0,0,0,1,0,1
-7,-5,0,1,0,0,0,1,0,0,0
23,0,0,0,0,0,0,0,0,1,0
20,12,0,0,0,0,0,0,0,0,1
-10,14,0,0,0,0,0,1,0,0,2
-7,10,0,0,0,1,0,0,0,0,1
14,5,0,0,0,0,0,0,0,0,1
0,6,0,0,0,0,0,0,0,0,1
2,-5,0,1,0,0,0,1,1,0,0
5,-4,0,0,0,0,0,0,0,0,0
-5,12,0,0,0,0,1,0,0,0,1
21,-9,0,0,0,0,0,0,0,0,0
-13,1,0,1,0,0,0,0,0,0,2
-9,2,0,0,0,0,0,0,0,0,1
-4,4,0,0,0,0,0,0,0,0,1
8,5,0,0,0,0,0,1,0,0,3
-22,1,0,0,0,0,1,0,0,0,1
15,6,0,0,0,0,1,0,0,0,1
-14,6,1,0,0,0,0,1,1,0,3
8,-3,0,0,0,0,0,0,0,0,0
-8,2,0,0,0,0,1,0,0,0,1
-23,10,0,0,0,0,1,1,0,0,2
-28,0,0,0,0,1,0,0,1,0,0
-18,-5,0,0,0,0,0,0,0,0,0
-18,6,0,0,0,1,0,0,0,1,1
-10,2,0,0,0,0,0,0,0,0,1
-18,16,1,0,0,0,0,0,0,0,1
-6,6,1,0,0,0,0,0,0,1,1
-7,1,0,0,0,0,0,0,0,0,1
8,-12,0,0,0,0,1,0,0,0,3
-19,-6,0,0,0,0,1,0,0,0,2
14,-4,0,0,0,0,0,0,0,1,0
1,-6,0,0,0,0,0,0,0,0,0
-13,-12,0,0,0,0,0,0,0,0,0
22,-7,0,0,0,0,0,0,0,0,0
-5,1,0,1,0,0,0,0,1,0,0
-6,-2,0,0,0,0,0,0,0,0,0
-3,-5,0,1,0,0,0,0,0,0,0
1,1,0,0,0,0,0,1,1,1,0
3,-8,0,0,1,0,0,0,0,0,0
3,-15,0,0,0,0,0,1,0,0,0
3,2,0,0,0,0,1,1,0,0,3
-7,0,0,0,0,0,0,0,0,0,2
-4,8,0,0,0,0,0,0,0,0,1
-11,1,0,1,0,0,0,0,0,0,2
-9,8,0,0,0,0,0,0,0,1,1
-1,-9,0,0,1,0,0,0,0,0,0
26,-3,0,0,1,0,0,0,0,0,0
20,-7,0,0,0,0,1,0,1,0,3
5,8,0,0,0,0,0,0,1,0,1
-4,0,0,0,0,0,0,0,0,0,2
2,8,0,0,1,0,0,0,0,0,1
0,1,0,0,0,0,0,0,0,0,1
-10,-3,0,0,0,0,0,1,0,0,0
-16,0,0,0,0,1,0,0,0,1,2
-22,-1,0,0,0,0,0,0,0,1,0
1,-7,0,0,0,0,0,0,0,0,0
-16,7,0,0,0,0,0,0,0,0,1
22,0,0,0,0,0,0,0,0,0,3
7,-2,0,0,0,0,0,0,0,0,0
-1,-11,0,1,0,0,0,0,0,0,0
18,6,0,0,0,0,0,0,1,0,1
12,0,0,0,0,0,0,0,0,0,3
4,-6,0,0,0,0,1,0,0,0,3
11,-1,0,0,0,0,0,0,0,0,0
-6,2,0,0,0,0,0,0,0,0,1
14,-11,0,1,0,0,0,0,0,1,0
2,5,0,0,0,0,0,0,0,0,1
1,-7,0,0,0,0,0,0,0,0,0
-8,-12,0,0,0,0,0,0,0,0,0
-10,2,0,0,0,0,1,0,0,0,1
6,10,0,0,0,0,0,0,0,0,1
-2,10,0,0,0,0,0,0,0,0,1
21,5,0,0,0,0,0,0,0,1,1
7,9,0,0,0,0,0,0,1,0,1
3,-5,0,0,0,0,0,1,0,0,0
-9,-2,0,0,0,0,0,0,0,0,0
10,15,0,0,0,0,0,0,0,0,1
-8,-7,0,0,0,0,0,0,0,0,0
-12,2,0,0,0,0,0,0,0,0,1
16,-1,0,0,0,0,0,0,0,0,0
-11,1,0,0,0,0,0,0,0,0,1
-9,-2,0,0,0,0,0,0,0,0,0
-22,-5,0,0,0,0,0,0,0,0,0
6,-6,0,0,0,0,0,0,0,0,0
-20,-8,0,0,0,0,0,0,0,0,0
-25,5,0,0,0,0,0,0,0,0,1
-6,0,0,1,0,0,0,0,0,0,2
20,-17,0,0,0,0,0,0,0,0,0
-3,0,0,0,0,0,0,0,0,0,2
7,-7,0,0,0,0,0,0,0,0,0
1,8,1,0,0,0,0,0,0,0,1
6,-11,0,0,0,0,0,0,0,0,0
-19,-1,0,0,0,0,0,0,1,0,0
3,4,0,0,0,0,0,0,0,0,1
14,2,0,0,0,0,0,0,0,0,1
5,-2,0,0,0,0,0,0,0,0,0
16,0,0,0,0,0,0,0,0,0,3
14,-7,0,0,0,0,0,0,0,0,0
0,-2,0,0,0,0,1,0,0,0,1
9,-1,0,0,0,0,0,0,0,0,0
20,0,0,0,0,0,0,1,0,0,3
-17,10,0,0,0,0,0,0,1,0,1
-1,3,0,0,0,0,0,1,0,0,2
-22,-1,0,0,0,0,0,0,1,0,0
17,-3,0,0,0,0,0,0,0,0,0
13,11,0,0,0,0,0,0,0,0,1
-20,-4,0,0,0,1,0,0,1,0,0
-5,-3,0,0,0,0,0,0,1,0,0
-8,3,0,0,0,0,0,0,1,0,1
-17,-8,0,0,0,0,0,0,0,0,0
15,11,0,0,0,0,0,1,0,0,3
-2,13,0,0,0,0,0,0,1,0,1
-4,8,0,0,0,0,0,0,0,0,1
-3,-4,0,0,0,0,0,0,0,0,0
12,0,0,0,1,0,0,0,0,0,3
-6,3,1,0,0,0,0,0,0,0,1
-14,-3,0,0,0,0,1,0,0,0,2
-7,-1,0,0,0,0,0,1,0,0,0
1,0,0,0,0,0,0,0,0,0,3
1,-4,0,0,0,0,0,0,0,0,0
-1,7,0,0,0,0,0,0,0,0,1
-19,-3,0,0,0,0,0,0,0,0,0
-22,7,1,0,0,0,0,0,0,0,1
-1,-4,0,0,0,0,0,0,0,0,0
-9,-5,0,0,0,0,0,0,0,0,0
5,-8,0,0,0,0,0,0,0,1,0
-2,-2,0,0,0,0,0,0,1,1,0
1,-8,0,0,0,0,0,0,0,0,0
17,-2,0,0,0,0,0,0,0,1,0
-19,4,0,0,0,1,0,0,0,0,1
-14,11,0,0,0,0,0,0,0,0,1
14,-5,0,0,0,0,0,0,0,0,0
2,7,0,0,0,0,0,0,1,0,1
6,-2,0,0,0,0,0,0,0,0,0
4,6,0,0,0,0,1,0,0,0,1
11,-4,0,0,0,0,1,0,0,0,3
4,2,0,0,0,0,0,0,0,0,1
10,6,0,0,0,0,0,0,0,0,1
-6,0,0,0,0,0,0,1,0,0,2
16,-7,0,0,0,0,0,0,0,0,0
-3,2,0,0,0,0,0,0,0,0,1
10,-2,0,0,0,0,0,0,0,0,0
-9,4,0,0,0,0,0,0,0,0,1
-24,-2,0,0,0,0,0,0,0,0,0
-10,-17,0,1,0,0,0,0,1,0,0
10,-1,0,0,0,0,0,0,0,0,0
3,-10,0,0,0,0,0,0,0,0,0
-4,8,0,0,0,0,0,0,0,0,1
-8,-11,0,0,0,1,0,0,0,0,0
-19,0,0,0,0,1,1,0,0,0,2
4,-10,0,1,0,0,0,0,0,0,0
1,-13,0,1,0,0,0,0,0,0,0
-26,7,0,0,0,0,1,0,0,0,1
-15,-5,0,0,0,0,0,0,0,0,0
0,-5,0,0,0,0,0,0,0,0,0
7,-9,0,0,0,0,0,0,0,0,0
-12,-3,0,0,0,0,0,0,0,0,0
-7,-7,0,0,0,0,0,0,0,0,0
10,12,1,0,0,0,0,0,0,0,1
-6,11,0,0,0,0,0,0,0,0,1
-12,8,0,0,0,0,0,0,0,0,1
17,-12,0,1,0,0,0,0,0,0,0
-11,4,0,0,0,0,0,0,0,0,1
10,-11,0,0,0,0,1,0,0,0,3
2,-12,0,0,0,0,0,0,0,0,0
14,1,0,0,0,0,0,0,0,0,1
-4,-8,0,0,0,1,0,0,0,1,0
-3,-1,0,0,0,0,0,0,1,0,0
-12,12,0,0,0,0,0,1,0,1,2
16,2,1,0,0,0,0,0,0,0,1
3,1,0,0,0,0,0,0,0,0,1
-15,-12,0,0,0,1,0,0,0,0,0
-1,-5,0,0,0,0,0,0,0,1,0
-2,-8,0,0,0,1,0,0,0,0,0
-12,0,0,0,0,0,0,0,1,0,0
-10,-10,0,0,0,0,0,0,0,0,0
19,-17,0,1,0,0,0,0,0,0,0
0,0,0,0,0,0,0,0,0,0,0
-7,6,0,0,0,0,0,1,0,0,2
-6,7,0,0,0,0,0,0,0,0,1
14,-1,0,0,0,0,0,0,0,0,0
-9,-3,0,0,0,0,1,0,0,0,2
-22,-2,0,0,0,0,0,0,0,0,0
2,-12,0,0,0,0,0,0,1,0,0
-9,-2,0,0,0,0,1,1,0,0,2
3,6,0,0,0,0,0,0,1,0,1
20,6,0,0,0,0,0,0,0,1,1
20,-8,0,0,0,0,0,0,0,1,0
-15,-7,0,0,0,0,0,0,0,0,0
2,3,0,0,0,0,0,0,0,0,1
-7,2,0,0,0,0,0,0,0,1,1
-24,16,0,0,0,0,0,0,0,0,1
-2,-12,0,0,0,0,0,0,0,0,0
1,-6,0,0,0,0,1,0,1,0,3
12,5,0,0,0,0,0,0,1,1,1
23,-17,0,0,1,0,0,0,1,0,0
15,11,0,0,0,0,0,0,1,1,1
23,0,0,0,0,0,0,0,0,0,3
-1,-17,0,1,0,0,0,0,0,0,0
2,4,0,0,0,0,0,1,0,0,3
-5,11,0,0,0,0,0,0,0,0,1
15,-4,0,0,0,0,0,0,0,0,0
5,-1,0,0,1,0,0,0,0,0,0
5,15,0,0,0,0,0,0,0,0,1
15,0,0,0,0,0,0,0,1,0,3
2,14,0,0,0,0,0,0,0,0,1
-8,-6,0,0,0,0,0,0,0,0,0
23,-8,0,0,0,0,0,0,0,0,0
21,4,0,0,0,0,0,0,0,0,1
-6,17,1,0,0,0,1,0,0,0,1
0,-10,0,0,0,0,0,0,0,0,0
-8,-3,0,0,0,0,0,0,0,0,0
-12,10,0,0,0,0,0,0,0,0,1
-5,4,1,0,0,0,1,0,0,0,1
-5,-5,0,0,0,0,0,0,0,0,0
21,1,0,0,0,0,1,0,0,0,1
19,5,0,0,0,0,0,0,0,0,1
-12,-1,0,0,0,0,0,0,0,0,0
-18,2,1,0,0,0,0,1,0,0,2
9,-10,0,0,0,0,0,0,0,1,0
7,0,0,0,0,0,0,0,0,0,3
1,5,0,0,0,0,1,0,0,1,1
5,-9,0,0,0,0,0,0,0,0,0
-10,10,0,0,0,0,0,0,0,0,1
0,12,0,0,0,0,0,0,0,0,1
4,5,0,0,0,0,0,0,0,0,1
14,2,0,0,0,0,0,0,0,0,1
9,-12,0,0,0,0,0,1,0,0,0
-9,10,0,0,0,0,0,0,0,0,1
15,-7,0,0,0,0,0,0,0,0,0
7,11,0,0,0,0,0,0,0,0,1
8,11,0,0,0,0,0,0,0,1,1
-7,-5,0,0,0,0,0,0,0,0,0
-10,-1,0,0,0,0,0,0,0,0,0
-2,0,1,0,0,0,0,0,0,0,2
-11,3,0,0,0,0,0,0,0,0,1
-8,2,0,0,0,0,0,0,0,0,1
8,11,1,0,0,0,0,0,0,0,1
-2,-1,0,0,0,0,1,0,0,0,2
-14,-6,0,0,0,0,0,0,0,0,0
1,9,0,0,0,0,0,0,0,0,1
-6,-3,0,0,0,0,0,1,0,0,0
22,2,0,0,0,0,0,0,0,0,1
10,-2,0,0,0,0,0,0,0,1,0
-24,-7,0,0,0,0,0,0,0,0,0
-15,-2,0,1,0,1,0,0,0,0,0
14,0,0,0,0,0,1,0,0,0,3
5,-10,0,0,0,0,0,0,0,0,0
-7,-8,0,0,0,0,0,1,0,0,0
-16,-3,0,0,0,1,0,0,0,0,0
9,-5,0,0,1,0,0,0,0,1,0
23,9,0,0,0,0,0,1,0,0,3
-4,6,0,0,0,0,0,0,0,0,1
15,5,0,0,0,0,0,0,0,0,1
-18,-14,0,0,0,0,1,0,0,0,2
-8,-10,0,0,0,0,0,0,0,0,0
5,-4,0,0,1,0,0,0,1,0,0
17,1,0,0,0,0,0,0,0,0,1
-20,5,0,0,0,0,0,0,0,1,1
22,-2,0,0,0,0,0,0,0,0,0
21,1,0,0,0,0,0,0,0,1,1
2,7,1,0,0,0,1,0,0,0,1
0,2,0,0,0,0,0,0,0,0,1
2,-7,0,1,0,0,0,0,0,0,0
-12,16,0,0,0,0,0,0,0,0,1
-11,2,0,0,0,0,0,0,0,0,1
-18,-3,0,0,0,0,0,1,0,0,0
9,-2,0,0,0,0,1,0,0,0,3
6,3,0,0,0,0,0,0,0,0,1
0,15,1,0,0,0,0,0,0,0,1
1,0,0,0,1,0,0,0,0,0,3
5,6,0,0,0,0,0,0,0,0,1
20,-15,0,0,0,0,0,0,1,0,0
9,11,0,0,0,0,0,0,0,0,1
-11,-2,0,0,0,0,0,0,0,0,0
5,10,0,0,0,0,0,0,0,0,1
9,-16,0,0,1,0,1,0,0,0,3
17,8,0,0,0,0,0,0,0,0,1
-11,-5,0,0,0,0,0,0,0,0,0
-4,12,1,0,0,0,0,0,0,0,1
-4,-2,0,0,0,0,1,0,0,0,2
8,9,0,0,0,0,0,0,0,0,1
15,-2,0,0,1,0,0,0,1,0,0
5,5,0,0,0,0,0,1,0,0,3
-6,9,0,0,0,0,0,0,0,0,1
10,10,0,0,0,0,0,0,0,0,1
-3,-13,0,0,0,0,0,0,0,1,0
-6,-11,0,1,0,0,0,0,0,0,0
4,0,0,0,0,0,1,0,0,0,3
-4,5,0,0,0,1,0,0,0,0,1
-9,-16,0,0,0,0,0,0,0,0,0
-19,-8,0,0,0,0,1,0,0,0,2
-19,9,0,0,0,1,0,0,0,0,1
21,-12,0,0,0,0,0,0,0,0,0
-1,-7,0,0,0,0,0,0,0,0,0
1,-11,0,0,0,0,0,1,0,0,0
-20,6,0,0,0,0,0,0,0,1,1
-2,6,0,0,0,0,0,0,0,0,1
1,5,0,0,0,0,0,0,0,0,1
26,5,1,0,1,0,0,0,0,0,1
-7,10,0,0,0,0,0,0,0,0,1
-14,4,1,0,0,0,1,0,0,0,1
-2,7,0,0,0,0,1,0,0,0,1
10,10,1,0,1,0,0,0,0,0,1
-19,-12,0,0,0,0,0,0,0,0,0
9,-1,0,0,0,0,0,0,0,0,0
-1,3,1,0,0,0,1,0,0,0,1
-7,-8,0,0,0,0,0,0,0,0,0
23,8,0,0,0,0,0,0,0,0,1
1,-15,0,0,0,0,0,0,0,0,0
4,-10,0,0,0,0,0,0,0,0,0
5,4,0,0,0,0,0,0,0,0,1
-21,11,1,0,0,0,0,0,0,0,1
24,-7,0,0,0,0,0,0,0,0,0
24,0,1,0,0,0,0,0,0,1,1
-4,-1,0,0,0,0,0,0,0,0,0
3,3,0,0,0,0,0,0,0,0,1
-15,-9,0,0,0,0,0,0,0,0,0
-13,1,0,1,0,0,0,1,0,0,2
-2,-2,0,0,0,0,0,0,0,0,0
-12,8,0,0,0,0,0,0,0,0,1
-7,1,0,0,0,0,0,0,0,0,1
6,0,0,1,0,0,1,0,0,0,3
-1,2,0,0,0,0,0,0,0,0,1
19,8,0,0,0,0,0,0,1,0,1
3,6,0,0,0,0,0,0,0,0,1
4,-11,0,0,0,0,0,0,0,0,0
0,-4,0,0,0,0,0,0,0,0,0
-21,13,0,0,0,0,0,0,0,0,1
-22,-6,0,0,0,0,0,0,0,0,0
-6,-6,0,0,0,0,0,1,0,0,0
-24,-1,0,0,0,0,0,1,0,0,0
17,-11,0,0,0,0,0,0,1,0,0
12,-14,0,0,0,0,0,0,0,0,0
-8,-9,0,0,0,0,0,0,0,0,0
14,-11,0,0,0,0,0,0,0,1,0
2,10,0,0,0,0,0,0,0,0,1
1,-14,0,0,0,0,0,0,1,0,0
-2,-6,0,0,0,0,0,0,0,1,0
-4,9,0,0,0,0,0,0,0,0,1
8,1,0,0,0,0,0,0,0,0,1
-15,-6,0,0,0,0,0,0,0,0,0
-12,-15,0,0,0,0,0,0,0,1,0
5,-6,0,0,0,0,1,0,0,0,3
11,-9,0,0,0,0,1,0,1,0,3
0,-11,0,0,0,0,0,0,0,0,0
-17,13,0,0,0,0,1,0,0,0,1
-15,-14,0,0,0,0,0,0,1,0,0
-5,-9,0,0,0,0,1,1,0,0,2
22,-2,0,0,0,0,0,0,0,0,0
-21,3,0,0,0,0,0,0,0,0,1
5,-16,0,1,0,0,1,0,0,1,2
10,-4,0,0,0,0,0,0,0,0,0
-3,12,0,0,0,0,0,0,0,0,1
-13,-3,0,0,0,0,0,0,1,1,0
-10,-8,0,0,0,0,0,0,0,0,0
4,-2,0,0,0,0,0,0,0,0,0
-9,3,0,0,0,0,0,0,0,0,1
22,9,0,0,0,0,0,0,0,0,1
19,-10,0,0,0,0,0,0,0,0,0
-3,-16,0,0,0,0,0,0,0,0,0
0,7,0,0,0,0,0,1,0,0,0
-17,1,0,1,0,0,0,0,0,0,2
-4,7,0,0,0,1,0,0,0,0,1
-9,11,0,0,0,0,0,0,0,0,1
11,7,1,0,0,0,0,1,0,0,3
5,-16,0,1,0,0,0,0,0,0,0
-8,9,0,0,0,0,0,0,0,0,1
15,2,1,0,0,0,0,0,0,1,1
15,-2,0,0,0,0,0,0,0,0,0
-24,-13,0,0,0,0,0,0,0,1,0
-5,-6,0,0,0,0,0,0,0,0,0
-6,6,0,0,0,1,0,0,0,0,1
3,3,0,0,0,0,0,0,1,0,1
8,-15,0,0,0,0,0,0,0,0,0
-17,9,0,0,0,0,0,0,0,0,1
0,10,0,0,0,0,1,0,0,0,1
4,2,0,0,0,0,0,0,0,0,1
11,6,0,0,1,0,0,0,0,0,1
3,12,0,0,0,0,0,0,0,0,1
8,-7,0,0,0,0,0,1,0,0,0
11,-3,0,0,0,0,0,1,0,0,0
27,14,1,0,1,0,1,0,0,0,1
-11,0,0,0,0,0,0,0,1,0,0
-2,-4,0,0,0,0,0,1,0,0,0
2,-3,0,0,0,0,0,0,0,0,0
-1,8,0,0,0,0,0,0,0,0,1
-11,14,0,0,0,0,0,0,0,1,1
-1,-4,0,0,0,0,0,0,0,0,0
10,3,0,0,0,0,0,0,0,0,1
1,-9,0,0,0,0,1,0,0,0,3
20,5,0,0,0,0,0,0,0,0,1
-11,-4,0,0,0,0,1,0,1,0,1
-3,-1,0,0,0,0,0,0,1,0,0
12,-3,0,0,0,0,0,0,0,0,0
-3,0,1,0,0,0,0,0,0,0,2
-1,10,0,0,0,0,0,0,1,0,1
10,-2,0,0,0,0,0,0,0,0,0
14,-4,0,0,0,0,0,0,0,0,0
11,-1,0,0,0,0,0,0,0,0,0
6,9,0,0,0,0,0,0,0,0,1
-6,-9,0,0,0,0,1,0,0,0,2
-11,4,0,0,0,0,0,0,0,0,1
4,-4,0,0,0,0,0,0,0,0,0
0,8,0,0,0,0,0,0,0,0,1
1,2,0,0,0,0,0,0,0,0,1
-2,-5,0,0,0,0,0,0,0,0,0
-17,10,0,0,0,0,0,0,0,0,1
12,4,0,0,0,0,0,0,0,0,1
2,-7,0,0,0,0,0,0,0,0,0
4,0,0,0,1,0,0,0,0,0,3
15,6,0,0,0,0,0,0,1,0,1
20,2,0,0,0,0,1,0,0,0,1
-2,-7,0,0,0,0,0,0,0,0,0
3,-3,0,1,0,0,0,0,0,0,0
-4,15,0,0,0,0,0,0,0,0,1
22,-9,0,0,0,0,0,0,0,0,0
22,-2,0,0,0,0,0,0,0,0,0
-8,7,1,0,0,0,0,0,0,0,1
-3,12,0,0,0,0,0,0,0,0,1
-10,1,0,0,0,0,0,0,0,0,1
0,1,0,0,0,0,0,0,0,0,1
10,-1,0,0,0,0,0,0,0,0,0
9,-3,0,0,0,0,1,0,0,0,3
-1,-12,0,0,0,1,0,0,0,0,0
1,-3,0,0,0,0,0,0,0,0,0
9,4,0,0,0,0,0,0,0,0,1
-1,-8,0,0,0,0,0,0,0,0,0
0,4,0,0,0,0,0,0,0,0,1
13,1,0,0,0,0,0,0,0,1,1
-15,-2,0,0,0,0,0,0,0,0,0
-13,4,0,0,0,0,0,0,1,0,1
-20,-2,0,0,0,0,0,0,0,0,0
-10,-2,0,0,0,0,1,0,0,0,2
5,-10,0,0,0,0,0,0,0,0,0
0,-7,0,0,0,0,0,0,0,0,0
-14,-8,0,0,0,0,0,0,0,1,0
4,-5,0,0,0,0,0,0,0,1,0
19,16,1,0,0,0,0,0,0,0,1
-12,0,0,0,0,0,0,0,0,0,2
4,3,0,0,0,0,0,0,0,0,1
2,-12,0,0,0,0,0,0,1,0,0
10,2,1,0,0,0,0,0,0,0,1
-2,4,0,0,0,0,0,0,0,0,1
-12,-4,0,0,0,0,0,0,0,0,0
12,-12,0,0,0,0,0,0,0,0,0
1,0,0,0,0,0,0,0,0,1,0
1,6,0,0,0,0,0,0,0,0,1
5,-8,0,0,0,0,0,0,1,0,0
5,5,0,0,0,0,0,0,0,0,1
14,-7,0,0,0,0,0,0,1,0,0
9,-5,0,1,0,0,1,0,0,0,3
1,6,0,0,0,0,0,0,0,0,1
10,-1,0,1,0,0,0,0,0,0,0
-4,6,0,0,0,0,0,0,0,0,1
-13,2,0,0,0,0,1,0,0,0,1
-14,-14,0,0,0,0,1,0,0,0,2
-9,5,0,0,0,0,0,0,1,0,1
-8,-1,0,0,0,0,0,0,0,0,0
15,0,0,0,0,0,0,0,0,0,3
10,14,1,0,0,0,0,0,0,0,1
12,-15,0,1,0,0,0,0,0,0,0
-13,0,0,0,0,0,0,0,0,1,2
-1,-11,0,1,0,0,0,0,0,1,0
7,1,0,0,0,0,0,0,0,0,1
16,-1,0,0,0,0,0,0,0,0,0
-10,5,0,0,0,0,0,0,0,0,1
10,1,1,0,0,0,0,0,0,0,1
6,6,0,0,0,0,0,0,0,0,1
-17,-4,0,0,0,0,0,0,0,0,0
19,-2,0,0,0,0,0,0,0,0,0
8,-1,0,0,0,0,0,0,0,1,0
-12,1,0,0,0,0,0,0,0,0,1
-20,-17,0,1,0,0,0,0,0,0,0
-6,9,0,0,0,0,0,0,0,0,1
2,-6,0,0,0,0,1,0,0,0,3
15,9,0,0,0,0,0,0,0,0,1
-5,4,0,0,0,0,0,0,0,0,1
-7,-8,0,0,0,0,1,0,0,0,2
0,1,0,0,0,0,0,0,0,0,1
5,-1,0,0,0,0,0,0,0,0,0
-12,-8,0,1,0,0,0,0,0,0,0
-5,-3,0,0,0,0,0,0,0,0,0
6,-6,0,0,0,0,0,0,0,0,0
7,7,0,0,0,0,0,0,0,0,1
-8,-2,0,0,0,0,0,0,0,0,0
-8,6,0,0,0,0,0,0,0,1,1
-4,-8,0,0,0,0,0,0,1,0,0
-25,3,0,0,0,1,0,0,1,0,1
12,3,0,0,0,0,0,0,0,0,1
8,6,0,0,0,0,1,0,0,0,1
6,-5,0,0,0,0,0,0,0,0,0
-14,0,0,0,0,0,0,0,0,0,2
-2,-5,0,0,0,0,0,1,0,0,0
10,-14,0,0,0,0,0,0,0,0,0
4,14,0,0,0,0,0,0,0,1,1
-19,-10,0,0,0,0,0,0,0,0,0
8,-1,0,1,0,0,0,1,0,0,0
5,-5,0,0,0,0,0,0,0,0,0
12,1,0,0,0,0,0,0,0,0,1
6,9,0,0,1,0,1,0,0,0,1
13,-13,0,0,0,0,0,0,0,0,0
-13,1,0,0,0,0,0,1,0,0,2
-7,1,0,0,0,0,1,0,0,0,1
-4,-2,0,0,0,0,1,0,0,0,2
-1,-14,0,0,0,0,0,0,0,0,0
17,-7,0,0,0,0,0,0,0,1,0
8,-10,0,0,0,0,0,0,0,0,0
-11,-7,0,0,0,0,0,0,0,0,0
14,1,0,0,0,0,0,0,1,0,1
-4,-3,0,0,0,0,0,0,1,0,0
6,5,1,0,0,0,0,0,0,0,1
14,3,0,0,0,0,1,1,0,0,3
-12,11,0,0,0,0,0,0,1,0,1
-20,-3,0,0,0,0,0,1,0,0,0
-9,-10,0,0,0,0,0,0,0,0,0
-26,-1,0,0,0,0,0,0,0,0,0
11,-15,0,0,0,0,0,0,0,0,0
-4,9,0,0,0,0,0,1,0,0,2
9,-6,0,0,0,0,0,0,0,0,0
10,0,0,0,0,0,0,0,0,0,3
5,0,0,0,0,0,0,0,0,0,3
-16,-5,0,0,0,1,1,0,0,0,2
-19,2,0,0,0,0,0,0,0,0,1
13,3,0,0,0,0,0,1,0,0,3
-1,-4,0,0,0,0,0,1,0,0,0
9,-6,0,0,0,0,0,0,0,0,0
5,-1,0,0,0,0,0,0,0,0,0
20,-7,0,1,1,0,0,0,1,0,0
1,8,0,0,0,0,0,0,0,0,1
7,2,0,0,0,0,0,0,0,0,1
5,7,0,0,0,0,1,0,0,0,1
18,-4,0,0,0,0,1,1,0,0,3
-14,-5,0,1,0,0,1,1,0,1,2
3,6,0,0,0,0,0,0,0,0,1
-2,-4,0,0,0,0,0,0,0,0,0
-2,-7,0,0,0,1,0,0,0,0,0
5,12,0,0,0,0,0,0,0,0,1
16,-1,0,0,0,0,0,0,0,0,0
5,15,1,0,1,0,0,0,1,1,1
-4,5,0,0,0,0,0,0,1,0,1
19,0,0,0,0,0,0,0,0,1,0
4,-1,0,0,0,0,0,1,0,0,0
-7,0,0,0,0,0,0,0,0,0,2
16,2,0,0,0,0,0,0,1,0,1
-14,2,0,0,0,0,0,0,0,0,1
-4,-6,0,0,0,0,0,0,0,0,0
14,3,0,0,0,0,0,0,0,0,1
-4,-8,0,0,0,0,0,1,0,0,0
6,13,0,0,0,0,0,1,0,0,3
-17,4,0,0,0,0,0,0,0,0,1
6,-14,0,0,0,0,0,0,0,0,0
0,-3,0,0,0,0,0,0,0,0,0
2,-13,0,1,0,0,0,0,0,0,0
14,-5,0,0,0,0,0,0,0,0,0
-12,0,0,0,0,0,0,0,1,0,0
-6,1,0,0,0,0,0,1,1,0,0
7,15,0,0,0,0,0,0,0,0,1
-6,2,0,0,0,0,0,0,0,0,1
14,10,0,0,0,0,1,0,0,1,1
-7,-2,0,0,0,0,0,0,0,0,0
-17,-8,0,0,0,0,0,0,0,0,0
-9,-13,0,0,0,0,0,0,0,0,0
17,-2,0,0,0,0,0,0,0,0,0
-10,0,0,0,0,0,0,0,0,0,2
-1,-8,0,0,0,0,0,0,0,0,0
2,-1,0,0,0,0,0,0,1,0,0
7,-4,0,0,0,0,0,0,0,0,0
-16,-2,0,0,0,0,0,0,0,0,0
-23,0,0,0,0,1,0,0,0,0,2
-13,-13,0,0,0,0,1,0,0,0,2
-7,-3,0,0,0,0,0,0,0,0,0
-1,-14,0,0,1,0,0,0,0,0,0
-12,12,1,0,0,0,0,0,0,0,1
-20,7,1,0,0,0,0,0,0,0,1
3,14,0,0,0,0,1,0,0,0,1
3,-5,0,0,0,0,0,0,0,0,0
6,1,0,0,0,0,0,1,0,0,3
-19,6,0,0,0,0,0,0,0,0,1
-6,-13,0,0,0,0,0,0,1,1,0
-3,7,0,0,0,0,0,1,0,0,2
18,4,0,0,1,0,0,0,1,0,1
-6,-8,0,0,0,0,0,1,0,1,0
7,10,0,0,1,0,0,0,0,0,1
8,15,0,0,0,0,0,0,0,0,1
27,10,1,0,0,0,0,0,0,0,1
-16,2,0,0,0,0,0,1,0,0,2
6,11,1,0,0,0,0,0,0,0,1
12,4,0,0,0,0,0,1,0,0,3
-8,-3,0,0,0,0,0,0,0,0,0
-7,-11,0,0,0,0,0,0,0,1,0
6,3,0,0,0,0,0,0,0,0,1
-25,-2,0,0,0,0,0,0,0,1,0
-14,-11,0,0,0,0,1,1,0,0,2
-20,-6,0,0,0,0,0,0,1,0,0
2,7,0,0,0,0,0,0,0,0,1
12,14,1,0,1,0,0,0,0,1,1
-14,7,0,0,0,0,0,0,0,0,1
7,9,0,0,0,0,0,0,0,0,1
-4,5,0,0,0,0,0,0,0,0,1
23,-10,0,0,0,0,0,0,1,0,0
-2,-7,0,0,0,0,0,0,0,0,0
-5,11,0,0,0,0,0,0,0,1,1
7,-16,0,0,0,0,0,0,0,0,0
1,-8,0,0,0,0,0,0,0,0,0
10,-16,0,1,1,0,0,0,0,0,0
-4,-2,0,1,0,0,0,1,1,0,0
-2,-4,0,0,0,0,0,0,0,0,0
0,-5,0,0,0,0,0,0,0,0,0
-12,2,0,0,0,0,0,0,0,0,1
3,7,0,0,0,0,0,0,0,0,1
6,-9,0,0,0,0,0,0,0,1,0
21,0,0,0,0,0,0,0,0,0,3
-9,15,0,0,0,0,0,0,1,0,1
-4,-10,0,0,0,0,1,0,0,0,2
1,3,0,0,0,0,0,0,0,0,1
5,-5,0,0,0,0,0,0,0,1,0
-1,-9,0,0,0,0,0,1,1,0,0
12,-5,0,0,0,0,0,0,0,0,0
3,1,0,0,0,0,0,0,0,0,1
3,-14,0,0,0,0,0,0,0,0,0
-10,-7,0,0,0,0,0,0,0,0,0
-7,11,0,0,0,0,0,0,0,0,1
-3,10,0,0,0,0,0,0,0,0,1
-14,2,0,0,0,0,0,0,0,1,1
-2,-8,0,0,0,0,0,0,0,0,0
-8,14,0,0,0,0,0,1,0,0,2
-22,-7,0,0,0,0,0,0,0,0,0
-15,15,0,0,0,0,0,0,0,0,1
3,-15,0,1,0,0,0,0,0,0,0
8,4,0,0,0,0,0,0,0,0,1
5,1,0,0,0,0,0,0,0,0,1
-7,5,0,0,0,0,0,1,0,0,2
1,14,0,0,0,0,0,0,0,0,1
-12,10,0,0,0,0,0,0,0,0,1
12,2,0,0,0,0,0,1,1,0,3
-3,-6,0,0,0,0,0,0,0,0,0
-16,-5,0,1,0,0,0,1,0,0,0
6,-5,0,0,0,0,0,0,0,1,0
4,1,1,0,0,0,0,0,0,0,1
2,-1,1,0,0,0,0,0,0,0,3
6,6,0,0,0,0,0,0,1,0,1
17,-10,0,1,0,0,0,0,0,0,0
-10,3,0,0,0,0,0,0,0,0,1
13,11,0,0,0,0,0,0,0,0,1
-2,-6,0,0,0,0,0,0,0,0,0
3,16,0,0,0,0,1,0,0,0,1
-15,7,0,0,0,0,0,0,1,0,1
-4,6,0,0,0,0,0,0,0,0,1
-5,-4,0,0,0,0,0,0,0,0,0
-9,0,0,0,0,0,0,0,0,0,2
-16,1,0,0,0,0,0,1,0,0,2
9,3,0,0,0,0,0,0,0,0,1
-11,-4,0,0,0,1,0,0,0,0,0
2,-4,0,0,0,0,1,0,0,1,1
2,15,1,0,0,0,0,0,0,0,1
7,9,0,0,0,0,0,0,0,0,1
-7,6,0,0,0,0,0,1,0,0,2
5,2,0,0,0,0,0,0,0,0,1
-3,0,0,0,0,0,0,0,0,0,2
0,11,0,0,0,0,0,0,1,0,1
13,-6,0,0,0,0,0,0,0,0,0
6,2,0,0,0,0,0,0,0,0,1
-19,1,0,0,0,0,0,0,0,0,1
-4,4,0,0,0,0,0,0,0,0,1
-7,16,1,0,0,0,0,0,0,1,1
3,6,0,0,0,0,0,0,0,0,1
17,-15,0,0,0,0,0,0,0,1,0
4,8,0,0,0,0,0,0,0,1,1
0,5,0,0,0,0,0,0,0,0,1
5,2,0,0,0,0,1,0,0,1,1
8,-5,0,1,0,0,0,0,0,0,0
21,1,0,0,0,0,0,0,0,0,1
6,10,0,0,0,0,1,0,0,0,1
-2,3,0,0,0,0,0,0,0,0,1
-9,-10,0,0,0,0,0,0,0,0,0
1,-6,0,0,0,0,0,0,0,0,0
10,-1,0,0,0,0,0,0,0,1,0
-8,3,0,0,0,0,0,0,0,0,1
-18,-1,0,0,0,0,0,0,0,0,0
-13,5,0,0,0,0,0,0,0,0,1
23,5,0,0,0,0,0,0,0,0,1
1,15,0,0,0,0,0,0,0,1,1
-12,-1,0,0,0,0,0,0,0,0,0
-25,-7,0,0,0,0,0,0,0,0,0
24,-1,0,1,1,0,0,0,0,0,0
2,-4,0,0,0,0,0,0,0,1,0
2,4,0,0,0,0,0,0,0,0,1
20,4,0,0,0,0,0,1,1,0,3
-7,-3,0,0,0,1,0,0,0,0,0
-2,-9,0,0,0,0,0,0,0,0,0
11,1,0,0,0,0,0,0,0,1,1
9,2,0,0,0,0,1,0,1,0,1
-9,-7,0,0,0,0,0,0,0,0,0
21,14,0,0,0,0,0,1,0,0,3
0,-3,0,0,0,0,0,0,0,0,0
-11,0,0,0,0,0,0,0,0,0,2
-1,-9,0,0,0,0,0,0,0,0,0
9,0,0,0,0,0,0,0,0,0,3
-19,0,0,0,0,0,1,0,0,0,2
18,0,0,0,0,0,0,0,0,1,0
7,-6,0,0,0,0,0,0,1,0,0
0,-8,0,0,0,0,0,0,0,0,0
0,-1,0,0,0,0,0,0,0,0,0
2,-10,0,0,0,0,0,0,0,0,0
-6,0,0,0,0,0,0,0,0,0,2
-4,14,1,0,0,0,0,0,0,0,1
-12,2,0,0,0,0,0,0,0,0,1
16,-4,0,0,1,0,0,0,0,1,0
-4,4,1,0,0,0,0,0,0,0,1
16,-8,0,0,0,0,0,0,0,0,0
-5,2,0,0,0,0,0,0,0,0,1
13,4,1,0,0,0,0,1,0,0,3
10,5,0,0,1,0,0,0,0,0,1
22,9,0,0,0,0,1,0,0,0,1
1,12,0,0,0,0,0,0,0,0,1
1,-1,0,0,0,0,0,1,0,0,0
1,6,0,0,0,0,0,0,0,0,1
6,3,0,0,0,0,1,0,1,0,1
-3,-14,0,0,0,0,0,0,0,1,0
15,8,0,0,0,0,0,0,0,0,1
-6,0,0,0,0,0,0,0,0,0,2
15,2,0,0,1,0,0,0,0,0,1
11,0,0,0,0,0,0,0,1,0,3
7,4,0,0,0,0,1,1,0,0,3
-17,-4,0,0,0,0,0,0,0,0,0
-20,3,0,0,0,0,0,0,0,0,1
-2,0,0,0,0,0,0,0,0,0,2
1,-3,0,0,0,0,0,1,1,0,0
2,-9,0,0,0,0,0,0,0,0,0
13,1,0,0,0,0,0,0,0,0,1
-15,-2,0,1,0,0,0,1,0,0,0
8,-8,0,0,0,0,0,0,0,1,0
11,12,0,0,0,0,0,0,1,0,1
-26,-13,0,0,0,0,0,1,0,1,0
-2,-5,0,0,0,1,0,0,0,0,0
-17,-2,0,0,0,0,1,0,0,0,2
-6,-6,0,0,0,0,0,0,0,0,0
15,-5,0,0,0,0,0,0,0,0,0
-13,-1,0,0,0,0,0,0,0,1,0
-12,-11,0,0,0,0,0,0,0,0,0
2,-10,0,0,0,0,0,0,1,0,0
1,1,0,1,0,0,0,0,0,0,3
10,4,0,0,1,0,0,0,0,0,1
7,-13,0,0,1,0,0,0,0,0,0
5,-3,0,0,0,0,0,0,0,0,0
-14,4,0,0,0,0,0,0,1,0,1
-8,-16,0,0,0,0,0,0,1,0,0
22,-4,0,0,0,0,1,0,0,0,3
5,8,0,0,0,0,0,1,0,0,3
-6,-2,0,0,0,0,0,0,0,0,0
-8,-8,0,0,0,0,0,0,0,0,0
1,-7,0,0,0,0,1,0,0,0,3
12,-7,0,0,0,0,0,0,0,0,0
-8,-3,0,0,0,0,0,0,0,0,0
20,-3,0,0,0,0,0,0,0,0,0
-13,8,0,0,0,0,0,0,0,0,1
-9,3,0,0,0,0,0,0,0,0,1
7,8,0,0,0,0,0,0,0,1,1
-7,4,0,0,0,0,0,0,0,0,1
-3,-8,0,1,0,0,0,1,0,0,0
-18,-6,0,0,0,0,0,0,0,0,0
13,-5,0,0,0,0,0,0,1,0,0
0,3,0,0,0,0,0,0,0,0,1
-11,-2,0,0,0,0,0,0,0,0,0
-8,14,0,0,0,0,1,0,0,0,1
-24,-17,0,1,0,0,0,0,1,0,0
17,0,0,0,0,0,0,0,0,0,3
-11,-9,0,1,0,0,0,0,0,0,0
4,-4,0,0,0,0,0,0,0,0,0
2,-4,0,0,0,0,0,1,0,1,0
6,-18,0,1,1,0,0,0,0,0,0
-23,4,0,0,0,1,1,0,0,1,1
-14,-3,0,0,0,0,0,0,0,0,0
-8,5,0,0,0,0,0,0,0,1,1
10,3,0,0,0,0,0,0,0,0,1
-12,-5,0,0,0,0,0,0,1,0,0
1,4,0,0,0,0,0,0,0,0,1
-11,-15,0,1,0,0,0,0,0,0,0
-7,-3,0,0,0,0,0,0,0,0,0
19,9,0,0,1,0,0,0,0,0,1
0,11,0,0,0,0,0,0,0,0,1
-6,0,0,0,0,0,0,0,0,0,2
24,7,0,0,0,0,0,0,1,0,1
18,10,0,0,0,0,1,0,0,0,1
-16,0,0,0,0,0,0,0,0,0,2
-7,4,0,0,0,0,0,0,0,0,1
10,3,0,0,0,0,1,0,0,0,1
5,10,0,0,0,0,0,0,0,0,1
-14,2,1,0,0,0,0,0,0,0,1
-9,2,0,0,0,0,0,0,0,0,1
-14,2,0,0,0,0,0,1,0,0,2
3,5,0,0,0,0,1,0,0,0,1
-12,-12,0,0,0,0,0,0,0,0,0
21,5,0,0,0,0,0,0,0,1,1
-5,0,0,0,0,0,0,0,0,1,2
-4,6,0,0,0,0,0,0,0,0,1
-20,-4,0,0,0,0,0,0,0,0,0
11,-11,0,0,0,0,0,0,0,0,0
-6,0,0,0,0,0,0,0,0,0,2
1,-5,0,0,0,0,0,0,0,1,0
0,7,0,0,0,0,0,0,0,0,1
23,6,0,0,0,0,0,0,0,0,1
1,-15,0,0,0,0,0,0,0,0,0
9,9,0,0,0,0,0,0,0,0,1
-9,2,0,0,0,0,0,0,0,0,1
-11,-9,0,0,0,0,0,0,1,0,0
-15,-2,0,0,0,0,0,0,0,0,0
-1,10,0,0,0,0,0,0,0,0,1
13,-1,0,1,0,0,0,0,0,0,0
-9,-8,0,0,0,1,0,0,0,1,0
-12,6,0,0,0,0,1,0,0,0,1
-12,4,0,0,0,0,0,0,0,0,1
-9,10,0,0,0,0,0,0,0,0,1
-2,8,0,0,0,0,0,1,1,0,0
1,-8,0,0,0,0,0,0,0,0,0
7,4,0,0,1,0,0,0,0,0,1
8,0,0,0,0,0,0,0,0,0,3
7,9,0,0,0,0,0,0,0,0,1
-10,10,0,0,0,0,0,0,0,0,1
21,-5,0,0,0,0,0,0,0,0,0
0,-12,0,1,0,0,0,0,0,0,0
-3,13,0,0,0,0,0,0,1,0,1
5,2,0,0,0,0,0,0,1,0,1
3,2,0,0,0,0,0,0,0,0,1
3,3,0,0,0,0,0,0,0,0,1
18,-5,0,0,0,0,0,0,0,0,0
12,7,0,0,0,0,0,1,0,0,3
8,-1,0,0,0,0,0,0,0,0,0
4,-6,0,0,0,0,0,1,1,0,0
20,0,0,0,0,0,0,0,0,1,0
7,8,0,0,0,0,0,0,0,0,1
5,0,0,0,0,0,0,0,1,0,3
-4,8,0,0,0,0,1,0,1,0,1
-13,-13,0,0,0,0,1,0,0,0,2
21,4,0,0,0,0,0,0,0,0,1
-10,-4,0,0,0,0,0,0,1,0,0
-23,-3,0,0,0,0,0,0,1,0,0
22,7,0,0,0,0,0,0,0,0,1
16,10,0,0,0,0,0,0,0,0,1
-17,-1,0,0,0,0,0,0,0,0,0
-3,2,0,0,0,1,0,0,0,0,1
-21,-1,0,0,0,0,0,0,0,1,0
-13,-2,0,0,0,0,0,1,0,0,0
-6,-12,0,0,0,0,0,0,0,0,0
1,0,0,0,0,0,0,0,0,0,3
3,-15,0,0,0,0,0,0,0,0,0
3,-6,0,0,0,0,0,0,1,0,0
-26,-13,0,1,0,1,0,0,0,1,0
-18,1,0,0,0,0,0,0,0,1,1
13,-13,0,0,0,0,0,0,0,0,0
-16,5,0,0,0,0,1,0,1,0,1
12,-3,0,0,0,0,1,0,0,0,3
12,11,0,0,0,0,0,0,0,0,1
-4,-16,0,1,0,0,0,0,1,0,0
22,3,0,0,0,0,0,0,0,0,1
23,14,0,0,0,0,0,0,0,0,1
20,13,0,0,0,0,0,0,1,0,1
19,3,0,0,0,0,0,0,0,0,1
-4,-16,0,0,0,0,0,0,0,1,0
6,4,0,0,0,0,0,0,0,0,1
-13,-7,0,0,0,0,0,0,0,0,0
1,-3,0,0,0,0,0,0,0,0,0
-21,13,0,0,0,1,0,0,0,0,1
18,3,0,0,1,0,0,0,0,0,1
17,-7,0,0,0,0,0,0,0,0,0
-9,-10,0,0,0,0,0,0,0,0,0
-2,-10,0,0,0,0,1,0,0,0,2
18,10,0,0,0,0,0,0,1,0,1
-6,3,0,0,0,0,0,0,0,0,1
13,-1,0,1,1,0,0,0,0,0,0
15,7,0,0,0,0,0,0,1,0,1
-16,-5,0,0,0,0,0,0,0,0,0
-1,-6,0,0,0,0,0,1,0,0,0
-14,-1,0,0,0,0,0,0,0,0,0
2,-13,0,1,0,0,0,0,0,0,0
-15,12,0,0,0,0,0,0,0,1,1
22,1,0,0,0,0,0,0,0,0,1
-20,-2,0,0,0,0,0,0,0,0,0
-16,-11,0,1,0,0,1,0,0,0,2
-10,0,0,1,0,0,0,0,0,0,2
9,1,0,0,0,0,0,0,0,0,1
16,1,0,0,0,0,1,0,0,0,1
-24,-5,0,0,0,0,0,0,0,0,0
2,-7,0,1,0,0,0,0,0,0,0
10,-3,0,0,0,0,0,0,0,0,0
-10,5,0,0,0,0,0,0,0,0,1
-22,-5,0,0,0,0,0,0,0,1,0
-8,-9,0,0,0,0,0,0,0,0,0
12,-2,0,0,0,0,0,0,0,0,0
3,-11,0,0,0,0,0,0,0,0,0
-2,12,0,0,0,0,0,0,0,0,1
8,-17,0,1,0,0,0,0,0,0,0
-21,-1,0,0,0,1,0,0,1,0,0
-6,-3,0,0,0,0,0,0,0,0,0
10,-5,0,0,0,0,0,0,0,0,0
-14,13,0,0,0,0,0,0,0,0,1
-7,8,0,0,0,0,0,0,0,0,1
-4,-15,0,0,0,0,0,0,0,0,0
0,11,0,0,0,0,0,0,0,1,1
10,11,0,0,0,0,0,1,0,0,3
-2,-13,0,1,0,0,0,0,0,0,0
-3,5,0,0,0,0,1,0,0,0,1
13,0,0,0,0,0,0,1,1,0,3
1,-3,0,0,1,0,0,0,1,0,0
19,-12,0,0,0,0,0,0,0,0,0
2,11,0,0,1,0,0,0,1,0,1
5,7,0,0,0,0,0,0,1,0,1
0,-18,0,1,0,0,0,1,0,0,0
4,-11,0,0,0,0,0,0,0,0,0
13,-5,0,0,0,0,0,0,0,0,0
-1,5,0,0,0,0,0,0,0,0,1
19,-4,0,0,1,0,0,0,0,0,0
8,-4,0,0,0,0,0,0,0,1,0
1,6,0,0,0,0,0,0,0,0,1
-5,-4,0,0,0,0,0,0,1,0,0
-4,-4,0,0,0,0,0,0,0,0,0
-5,-4,0,0,0,0,0,1,0,0,0
-2,15,1,0,0,1,0,0,0,0,1
-3,11,0,0,0,0,0,0,0,0,1
-3,-2,0,0,0,0,0,0,0,0,0
14,3,0,0,1,0,0,0,0,0,1
-6,12,0,0,0,0,1,0,1,0,1
13,6,0,0,0,0,0,0,0,0,1
-3,8,0,0,0,0,0,0,0,0,1
1,-10,0,0,0,0,1,1,0,0,3
-15,-1,0,0,0,0,0,0,0,0,0
-3,-6,0,0,0,0,0,0,0,0,0
-2,-4,0,0,0,0,0,1,0,0,0
-8,-4,0,0,0,0,0,0,1,0,0
4,-5,0,0,0,0,0,1,0,0,0
-3,6,1,0,0,0,0,0,0,0,1
-1,1,0,0,0,0,0,0,0,0,1
19,7,0,0,1,0,0,0,0,0,1
11,-2,0,0,0,0,0,0,0,0,0
4,-4,0,0,0,0,0,1,0,0,0
-8,-4,0,0,0,0,0,0,0,0,0
23,12,0,0,0,0,0,0,0,0,1
-6,0,1,0,0,1,0,0,0,0,2
26,-2,0,0,0,0,0,0,0,0,0
-24,7,0,0,0,1,1,0,0,0,1
-23,-8,0,0,0,1,0,0,0,0,0
1,6,0,0,0,0,0,0,0,0,1
20,-1,0,0,1,0,0,0,0,0,0
-1,-17,0,1,0,0,0,0,0,0,0
4,6,0,0,0,0,0,0,0,0,1
-11,10,0,0,0,0,0,0,0,0,1
13,-4,0,0,0,0,0,0,0,1,0
12,-2,0,0,0,0,0,0,0,0,0
1,4,1,0,0,0,0,0,0,1,1
-7,-3,0,0,0,0,0,0,0,0,0
-6,-2,0,0,0,0,0,0,0,0,0
-6,6,0,0,0,1,0,0,1,0,1
-7,-5,0,0,0,0,0,0,0,1,0
2,-13,0,0,0,0,1,0,0,0,3
-2,-14,0,0,0,0,0,0,0,0,0
6,-6,0,0,0,0,1,0,0,0,3
14,-10,0,0,1,0,0,0,0,0,0
-10,-12,0,0,0,0,0,0,0,0,0
6,7,0,0,0,0,0,1,0,0,3
-17,-10,0,0,0,0,1,1,0,0,2
-19,6,0,0,0,1,0,0,0,0,1
4,0,0,0,0,0,0,0,0,0,3
-12,2,0,0,0,0,0,1,0,1,2
1,-7,0,0,0,0,0,0,0,1,0
6,-4,0,0,0,0,1,1,1,0,3
11,17,0,0,0,0,0,0,0,0,1
-6,15,0,0,0,0,1,0,0,0,1
-14,2,0,0,0,0,0,0,1,0,1
10,6,1,0,0,0,0,0,0,0,1
19,-16,0,0,0,0,0,0,0,0,0
-20,6,0,0,0,0,0,0,0,1,1
-17,8,0,0,0,0,0,1,0,0,2
-5,2,0,0,0,0,0,0,0,0,1
-3,0,0,0,0,0,0,0,0,0,2
14,16,0,0,0,0,0,0,0,0,1
16,-14,0,0,0,0,0,0,1,0,0
-4,7,0,0,0,0,0,0,0,0,1
-7,3,0,0,0,0,0,0,0,0,1
2,2,0,0,0,0,0,0,0,0,1
-10,-3,0,1,0,0,0,1,0,0,0
15,12,0,0,0,0,0,0,0,0,1
8,-9,0,0,0,0,0,0,0,0,0
-12,9,0,0,0,0,1,1,0,0,2
-17,-5,0,0,0,0,0,0,0,0,0
0,-3,0,0,0,0,0,0,0,0,0
-21,-5,0,0,0,0,0,0,0,0,0
13,3,0,0,0,0,0,0,0,0,1
19,0,0,0,0,0,0,0,0,0,3
15,-14,0,0,0,0,0,0,0,0,0
9,-5,0,0,0,0,0,0,0,0,0
13,3,0,0,1,0,0,0,0,0,1
-1,-4,0,0,0,0,0,0,0,0,0
-2,-1,0,0,0,0,0,0,0,0,0
5,6,0,0,0,0,1,1,0,0,3
-20,-3,0,0,0,0,0,0,0,0,0
15,18,1,0,0,0,0,0,1,0,1
14,-1,0,0,0,0,0,0,1,0,0
-2,-1,0,0,0,0,0,1,0,0,0
-14,2,0,0,0,0,1,0,1,0,1
-12,-8,0,0,0,0,0,0,0,0,0
1,1,0,0,0,0,1,0,0,0,1
4,-6,0,0,0,0,0,0,0,0,0
-22,-14,0,0,0,0,0,0,0,0,0
-21,-8,0,0,0,0,0,0,0,0,0
2,0,0,0,1,0,1,0,0,0,3
1,-7,0,0,0,0,0,0,0,0,0
-8,-8,0,0,0,0,0,0,0,0,0
16,6,0,0,0,0,0,0,0,0,1
-6,3,0,0,0,0,0,0,0,0,1
-8,-1,0,0,0,0,0,1,0,0,0
14,1,0,0,0,0,0,0,1,0,1
26,-11,0,1,1,0,0,0,0,0,0
0,4,0,0,0,0,0,1,0,0,0
6,6,0,0,0,0,0,0,0,0,1
24,7,0,0,0,0,0,0,0,0,1
-20,1,1,0,0,1,0,0,0,0,1
-18,10,0,0,0,0,0,0,0,0,1
-15,13,0,0,0,0,0,1,0,0,2
-10,0,0,0,0,0,0,0,0,0,2
2,-8,0,0,0,0,0,0,0,0,0
-7,5,0,0,0,0,0,0,0,0,1
17,8,0,0,0,0,0,0,0,0,1
20,-9,0,0,0,0,0,0,0,1,0
1,18,1,0,0,0,0,1,0,0,3
-12,2,1,0,0,0,1,0,1,0,1
14,-12,0,1,0,0,0,0,0,0,0
13,-2,0,0,0,0,1,0,0,0,3
-2,-9,0,0,0,0,0,0,0,0,0
-2,-6,0,0,0,0,0,0,0,0,0
14,12,0,0,0,0,0,0,0,1,1
-4,4,0,0,0,0,0,0,0,0,1
27,3,0,0,0,0,1,0,1,0,1
-1,2,0,0,0,0,0,0,0,0,1
12,-3,0,1,0,0,0,0,0,0,0
17,3,0,0,0,0,0,1,0,0,3
5,4,0,0,0,0,0,0,0,0,1
12,9,0,0,0,0,0,0,0,0,1
-7,-9,0,0,0,0,0,0,0,0,0
7,-12,0,0,0,0,0,0,0,1,0
10,-2,0,1,0,0,0,0,0,0,0
-2,4,1,0,0,0,0,0,0,0,1
5,-8,0,0,0,0,0,0,0,0,0
12,-4,0,0,0,0,1,0,0,1,1
22,1,0,1,0,0,0,0,0,0,3
1,11,0,0,0,0,1,0,0,0,1
17,-1,0,0,0,0,0,1,0,0,0
1,14,0,0,0,0,0,0,0,1,1
9,-5,0,0,0,0,0,1,0,0,0
7,13,0,0,0,0,0,0,0,0,1
-9,11,1,0,0,0,0,0,0,0,1
-16,7,0,0,0,0,0,0,0,0,1
14,3,0,0,0,0,0,0,0,0,1
17,2,0,0,0,0,0,0,0,0,1
3,2,0,0,0,0,0,0,0,0,1
23,5,0,0,0,0,0,0,1,0,1
-13,-5,0,0,0,0,0,0,0,0,0
21,4,0,0,0,0,0,0,1,1,1
-16,-13,0,0,0,0,0,0,0,0,0
-2,0,0,0,0,0,0,0,0,0,2
23,-2,0,0,1,0,0,0,0,0,0
8,-4,0,0,0,0,0,0,0,0,0
-15,-9,0,0,0,0,0,1,0,0,0
26,-2,0,0,0,0,0,0,0,0,0
3,-12,0,0,0,0,0,0,0,0,0
-2,12,0,0,0,1,0,0,0,0,1
4,5,0,0,0,0,0,0,0,0,1
28,-3,0,0,1,0,0,0,0,0,0
-2,7,0,0,0,0,0,1,0,0,2
-14,-4,0,0,0,0,0,0,0,0,0
1,-4,0,0,0,0,0,0,0,0,0
8,-9,0,0,0,0,0,0,0,0,0
-14,13,0,0,0,0,0,0,0,0,1
16,15,0,0,0,0,0,0,0,0,1
3,-3,0,0,0,0,0,0,0,0,0
9,-13,0,0,0,0,0,0,0,0,0
5,-14,0,1,0,0,1,0,1,0,3
-3,10,0,0,0,0,0,0,0,0,1
7,-11,0,0,0,0,0,0,0,0,0
-1,-6,0,0,0,0,0,0,0,0,0
-4,-11,0,0,0,0,0,0,0,0,0
-4,0,0,0,0,0,0,0,0,0,2
-17,-11,0,0,0,0,0,0,0,0,0
-1,-4,0,0,0,0,0,0,0,0,0
2,-6,0,0,0,0,0,0,0,0,0
-12,11,0,0,0,0,0,0,0,0,1
8,12,1,0,0,0,0,0,1,0,1
4,8,1,0,0,0,0,0,0,1,1
0,11,0,0,0,0,0,0,0,0,1
11,-8,0,0,0,0,0,0,0,1,0
-3,3,1,0,0,0,0,0,0,0,1
3,-12,0,0,0,0,1,1,0,0,3
-13,11,0,0,0,0,0,1,0,0,2
11,4,0,0,0,0,0,0,0,0,1
4,-6,0,0,0,0,0,0,0,0,0
-2,-16,0,1,0,0,0,0,0,0,0
20,-1,0,0,0,0,0,0,0,0,0
-4,-1,0,0,0,0,0,0,0,0,0
6,-4,0,0,0,0,1,0,0,0,3
19,9,0,0,0,0,0,0,0,0,1
-10,-3,0,0,0,0,0,1,1,0,0
17,3,0,0,1,0,0,0,0,0,1
-5,6,0,0,0,0,0,0,0,0,1
12,11,0,0,0,0,1,0,0,0,1
7,5,0,0,0,0,0,1,0,0,3
8,8,0,0,0,0,0,0,0,0,1
3,3,0,0,0,0,0,0,0,0,1
16,9,0,0,0,0,1,0,0,0,1
2,-2,0,1,0,0,0,0,0,0,0
-24,-12,0,0,0,0,1,0,1,0,1
-6,-4,0,0,0,0,0,0,0,0,0
23,-7,0,0,0,0,0,0,0,0,0
8,-14,0,0,0,0,1,0,0,0,3
-3,7,0,0,0,0,0,0,0,0,1
-14,0,0,0,0,0,0,0,0,0,2
4,-3,0,0,0,0,0,0,0,1,0
-2,5,0,0,0,0,0,0,0,0,1
-2,-8,0,0,0,0,0,0,0,1,0
3,4,0,0,0,0,0,0,0,0,1
23,-4,0,0,0,0,1,0,0,0,3
-6,18,1,0,0,0,0,0,0,0,1
-9,4,0,0,0,0,0,0,0,0,1
18,2,0,0,0,0,0,0,0,0,1
0,-3,0,0,0,0,0,0,0,0,0
-14,-6,0,0,0,0,0,0,0,0,0
-12,-4,0,0,0,0,0,0,0,0,0
6,1,0,0,0,0,0,0,0,1,1
9,9,0,0,0,0,0,1,0,0,3
-24,-10,0,0,0,0,0,0,0,1,0
4,-5,0,0,0,0,0,0,0,0,0
6,-4,0,0,0,0,0,0,0,1,0
-12,-12,0,0,0,1,0,0,1,0,0
6,-7,0,0,0,0,0,0,1,0,0
25,3,1,0,1,0,0,0,0,0,1
-4,-3,0,0,0,0,0,0,0,0,0
4,3,0,0,0,0,0,0,0,0,1
-17,5,0,0,0,0,0,0,0,0,1
25,2,0,0,0,0,0,0,0,0,1
17,-5,0,0,0,0,0,0,0,0,0
4,-15,0,0,0,0,0,0,0,0,0
-24,-11,0,0,0,0,0,0,0,0,0
5,-4,0,0,0,0,0,0,0,0,0
-25,9,0,0,0,0,0,0,0,0,1
-15,2,0,0,0,0,0,0,0,0,1
10,-1,0,0,0,0,0,0,0,0,0
11,-3,0,0,0,0,0,0,0,0,0
4,8,0,0,0,0,0,0,0,0,1
4,-5,0,0,0,0,0,0,1,0,0
6,1,0,0,0,0,0,0,0,1,1
0,-14,0,0,0,0,0,0,0,0,0
10,14,0,0,0,0,0,0,0,0,1
20,-1,1,0,0,0,0,0,0,0,3
-23,11,0,0,0,0,0,0,0,0,1
-4,4,0,0,0,0,0,0,0,0,1
-10,4,0,0,0,0,0,0,0,0,1
-2,0,0,0,0,0,0,0,0,0,2
0,-5,0,1,0,0,0,0,0,0,0
-14,-14,0,0,0,0,0,0,0,0,0
-3,-10,0,0,0,0,0,0,1,1,0
-16,6,0,0,0,1,0,0,1,0,1
-14,-14,0,0,0,0,0,0,0,0,0
7,4,1,0,0,0,0,0,0,0,1
8,-4,0,0,0,0,1,0,0,0,3
12,13,0,0,0,0,0,0,0,0,1
22,-8,0,0,0,0,0,0,0,1,0
-6,-10,0,0,0,0,0,0,0,0,0
-9,0,0,0,0,0,0,0,0,0,2
3,-4,0,1,0,0,0,0,0,0,0
10,-4,0,0,0,0,1,0,1,0,3
6,13,0,0,0,0,0,0,0,0,1
11,4,0,0,0,0,0,0,0,0,1
7,14,0,0,0,0,1,0,0,0,1
2,3,0,0,0,0,0,0,1,0,1
-7,-4,0,0,0,0,0,0,0,0,0
-13,-6,0,0,0,0,0,0,0,0,0
-2,-7,0,0,0,0,0,0,0,0,0
-24,16,0,0,0,1,0,0,0,0,1
3,5,0,0,0,0,0,0,0,0,1
12,5,0,0,0,0,0,0,0,0,1
8,-5,0,0,0,0,0,0,0,0,0
-24,-13,0,0,0,1,0,0,0,0,0
22,2,0,0,0,0,0,0,0,1,1
6,-9,0,1,0,0,0,0,0,0,0
-22,-3,0,1,0,0,0,0,0,0,0
-9,1,0,0,0,0,0,0,0,0,1
-17,-10,0,0,0,0,0,0,0,0,0
-9,10,0,0,0,0,0,0,0,0,1
4,-2,0,0,0,0,0,1,1,1,0
-11,2,0,0,0,0,1,0,0,1,1
20,5,0,0,0,0,0,0,0,0,1
7,3,1,0,0,0,0,0,0,0,1
14,-2,0,0,0,0,0,0,0,0,0
-1,1,0,0,0,0,0,0,0,0,1
22,2,0,0,0,0,0,0,0,0,1
2,9,0,0,0,0,0,0,0,0,1
-5,8,1,0,0,0,0,1,0,0,2
20,1,0,0,0,0,0,0,0,0,1
-21,-4,0,0,0,0,1,0,1,0,1
-7,-7,0,0,0,0,0,0,0,1,0
1,0,0,0,0,0,0,1,0,0,3
-7,-1,0,0,0,0,0,0,1,0,0
10,10,1,0,0,0,1,0,0,0,1
0,2,0,0,0,0,0,0,0,0,1
-3,-4,0,0,0,1,0,0,0,0,0
-2,0,0,0,0,0,0,0,0,0,2
0,-11,0,1,0,0,0,0,0,0,0
-8,-3,0,0,0,0,0,0,0,0,0
0,-12,0,0,1,0,0,0,0,0,0
-26,-7,0,1,0,0,0,0,1,0,0
-7,0,1,0,0,0,0,0,0,0,2
11,-1,0,0,0,0,0,0,0,0,0
-5,-5,0,0,0,0,0,0,0,0,0
7,1,0,0,0,0,0,0,0,0,1
4,6,0,0,0,0,0,0,0,0,1
-14,-5,0,0,0,0,0,0,0,0,0
10,1,1,0,0,0,0,0,0,0,1
17,-8,0,0,0,0,0,0,0,1,0
-2,-11,0,0,0,0,0,0,0,0,0
-18,-3,0,0,0,0,0,0,0,0,0
17,5,0,0,0,0,0,0,0,0,1
11,0,0,0,0,0,0,0,0,0,3
-12,1,0,0,0,0,0,0,0,0,1
7,7,0,0,0,0,0,1,0,0,3
7,-18,0,1,0,0,0,0,0,0,0
-6,0,0,0,0,0,0,0,0,0,2
10,9,0,0,0,0,0,0,0,0,1
-1,-3,0,0,0,0,0,0,0,1,0
10,-8,0,0,0,0,0,0,0,0,0
-2,0,0,0,0,0,1,0,0,0,2
6,-1,0,0,0,0,0,0,0,0,0
-24,-1,0,0,0,0,0,0,0,0,0
0,-16,0,0,0,0,0,0,0,0,0
-8,7,0,0,0,1,0,1,0,0,2
-6,5,0,0,0,0,0,0,0,0,1
5,9,0,0,1,0,0,0,0,0,1
-10,-10,0,0,0,0,0,1,0,0,0
2,3,0,0,0,0,0,0,0,0,1
-3,2,0,0,0,0,0,0,1,0,1
23,2,0,0,1,0,0,0,0,0,1
-5,5,0,0,0,0,1,0,0,0,1
12,4,0,0,1,0,0,0,1,0,1
-13,0,0,0,0,0,0,0,0,0,2
-1,-12,0,1,0,1,0,0,0,0,0
-18,-3,0,0,0,0,0,0,0,0,0
-13,2,0,0,0,0,0,0,0,0,1
-11,12,0,0,0,0,1,0,0,0,1
-16,-10,0,0,0,0,0,0,0,0,0
2,-3,0,1,0,0,0,0,0,0,0
1,-3,0,0,0,0,0,0,0,0,0
-5,1,0,0,0,0,0,0,0,0,1
-17,5,0,0,0,0,0,0,0,0,1
2,-13,0,0,0,0,1,0,0,0,3
-6,-8,0,0,0,0,0,0,0,0,0
-9,-1,0,0,0,0,0,1,0,1,0
-15,-2,0,0,0,0,0,0,0,1,0
7,-2,0,0,0,0,0,1,0,0,0
-1,-6,0,0,0,0,0,0,0,1,0
-3,-7,0,0,0,0,0,0,0,0,0
2,-2,0,0,0,0,0,0,0,0,0
15,9,0,0,0,0,0,0,1,0,1
5,-2,0,1,0,0,0,0,0,0,0
-13,-6,0,0,0,0,0,0,0,0,0
-1,-8,0,0,0,0,0,0,0,0,0
2,-9,0,1,0,0,0,0,0,0,0
18,-13,0,0,0,0,0,0,0,0,0
12,-2,0,1,0,0,0,0,0,0,0
-14,0,0,0,0,0,0,0,0,0,2
1,4,0,0,0,0,0,0,0,0,1
15,-17,0,1,1,0,0,0,0,0,0
-8,-2,0,0,0,0,0,0,0,0,0
7,-5,0,0,0,0,0,0,0,1,0
6,-13,0,0,0,0,0,0,0,0,0
15,-8,0,0,0,0,0,0,0,0,0
5,12,0,0,0,0,0,0,0,0,1
-7,6,0,0,0,0,0,0,0,0,1
21,-5,0,0,0,0,0,0,0,0,0
0,-2,0,0,0,0,0,1,0,0,0
10,-3,0,0,0,0,0,1,0,0,0
-6,14,0,0,0,0,0,0,0,0,1
6,11,0,0,0,0,0,0,0,0,1
7,3,0,0,0,0,0,1,0,0,3
-7,4,0,0,0,0,0,0,0,0,1
4,-15,0,1,0,0,0,0,0,0,0
18,7,0,0,0,0,0,0,0,0,1
20,-14,0,0,0,0,0,0,0,0,0
17,-2,0,0,0,0,0,0,0,0,0
7,-4,0,0,0,0,0,0,0,0,0
-16,7,0,0,0,0,0,0,0,0,1
1,0,0,0,0,0,0,1,0,0,3
-13,-13,0,0,0,0,0,0,0,0,0
-2,-2,0,0,0,0,1,0,0,0,2
8,-14,0,0,0,0,1,0,0,0,3
-13,4,0,0,0,0,0,0,0,0,1
6,0,0,0,0,0,0,0,0,1,0
10,7,0,0,0,0,0,1,0,0,3
4,-13,0,0,0,0,0,0,0,0,0
6,13,1,0,0,0,0,0,1,0,1
10,-4,0,0,0,0,0,0,0,0,0
16,1,0,0,0,0,0,0,0,0,1
4,-11,0,0,0,0,0,0,0,1,0
-4,-2,0,0,0,0,0,0,0,0,0
0,9,0,0,0,0,0,0,0,0,1
5,-5,0,0,0,0,0,0,0,0,0
-20,-7,0,0,0,0,0,0,0,0,0
-10,4,0,0,0,0,1,0,1,0,1
12,4,0,0,0,0,0,1,0,0,3
15,-2,0,0,0,0,0,0,0,0,0
-8,11,0,0,0,0,0,0,0,0,1
16,3,1,0,1,0,0,0,0,0,1
-1,-5,0,0,0,0,0,0,0,0,0
-4,5,0,0,0,1,0,0,0,0,1
-3,-3,0,0,0,0,0,0,0,0,0
1,-3,0,0,0,0,0,0,0,0,0
-1,6,0,0,0,1,0,0,0,1,1
-7,-1,0,0,0,0,0,1,0,0,0
-8,7,0,0,0,0,0,0,0,1,1
-13,15,1,0,0,0,0,0,0,0,1
-1,8,0,0,0,0,0,0,0,0,1
8,1,0,0,0,0,0,0,0,0,1
2,14,0,0,0,0,0,0,0,1,1
-8,13,0,0,0,0,0,0,0,0,1
22,-6,0,0,0,0,0,0,0,0,0
-4,-2,0,0,0,1,1,0,0,0,2
-6,-3,0,0,0,0,0,0,0,1,0
-6,11,0,0,0,0,0,1,0,0,2
7,-16,0,0,0,0,0,0,0,0,0
-21,-8,0,0,0,0,0,0,0,0,0
-15,-4,0,0,0,0,1,0,0,0,2
8,5,0,0,0,0,1,0,0,0,1
18,-13,0,0,0,0,0,0,0,0,0
7,1,0,0,0,0,0,0,0,0,1
-6,-11,0,0,0,0,0,0,1,0,0
2,-5,0,0,0,0,0,0,0,1,0
20,-11,0,0,0,0,1,0,0,0,3
-13,11,0,0,0,0,1,0,0,0,1
-19,5,0,0,0,0,0,0,1,0,1
-14,0,0,0,0,0,0,1,0,1,2
-2,10,0,0,0,0,0,0,0,1,1
-5,-6,0,0,0,0,0,1,0,0,0
-1,-11,0,1,0,0,0,0,0,0,0
4,10,0,0,0,0,0,0,0,0,1
9,-6,0,0,0,0,0,0,0,0,0
20,6,0,0,0,0,0,0,0,0,1
-6,-4,0,0,0,0,0,0,0,0,0
-27,-10,0,0,0,1,0,0,1,0,0
3,13,1,0,0,0,0,0,0,0,1
24,-16,0,1,1,0,0,0,0,0,0
-12,2,0,0,0,0,0,0,0,0,1
-17,2,0,0,0,0,0,0,0,0,1
-10,-1,0,0,0,0,0,0,0,0,0
1,4,0,0,0,0,0,0,0,0,1
-25,-9,0,0,0,0,0,0,0,0,0
2,-4,0,1,0,0,0,0,1,1,0
2,-11,0,0,0,0,0,0,0,0,0
14,-2,0,0,0,0,0,0,0,1,0
-20,-3,0,0,0,0,0,0,0,0,0
15,2,0,0,0,0,0,0,1,0,1
15,-8,0,0,0,0,0,0,0,0,0
6,7,1,0,0,0,0,0,0,0,1
-3,5,0,0,0,0,1,0,0,0,1
-17,-7,0,0,0,0,0,1,0,0,0
25,17,1,0,1,0,0,0,0,0,1
14,7,0,0,0,0,0,1,0,0,3
8,11,0,0,0,0,0,0,0,0,1
2,-13,0,0,0,0,0,0,0,0,0
9,12,0,0,0,0,1,0,0,0,1
1,5,0,0,0,0,0,0,0,1,1
-8,-12,0,0,0,0,0,0,1,1,0
-19,2,0,0,0,0,0,0,0,1,1
-20,8,0,0,0,1,0,0,0,0,1
2,17,0,0,1,0,0,0,1,0,1
-19,-9,0,0,0,0,0,0,0,0,0
-1,-7,0,0,0,0,0,0,1,0,0
13,11,0,0,0,0,0,0,0,0,1
-16,-18,0,1,0,0,0,0,0,0,0
-18,14,0,0,0,0,0,0,0,0,1
21,1,0,0,0,0,0,0,0,0,1
-3,7,0,0,0,0,0,0,0,0,1
6,-11,0,0,0,0,0,0,0,0,0
15,3,0,0,0,0,0,0,1,0,1
-18,-6,0,0,0,0,0,0,0,0,0
13,-13,0,1,0,0,0,0,0,0,0
-17,-1,1,0,0,0,1,1,0,0,2
18,-4,0,0,0,0,0,0,0,0,0
6,-1,0,0,0,0,0,0,0,0,0
23,6,0,0,0,0,0,1,1,0,3
-10,-6,0,0,0,0,0,0,0,1,0
-1,-6,0,0,0,0,0,0,0,0,0
7,-5,0,0,0,0,0,0,0,0,0
-13,-13,0,0,0,0,0,0,0,0,0
10,9,0,0,0,0,0,0,0,0,1
-5,1,0,0,0,0,0,0,0,0,1
5,-7,0,0,0,0,0,0,0,0,0
-25,-2,0,0,0,0,0,0,0,0,0
-2,0,0,0,0,0,0,0,0,0,2
3,-1,0,0,0,0,0,0,0,0,0
-5,11,0,0,0,0,0,1,0,0,2
-2,-13,0,1,0,0,0,0,1,0,0
14,-6,0,0,0,0,0,0,0,0,0
-1,5,0,0,0,0,0,0,0,0,1
-5,1,0,0,0,0,0,0,0,0,1
-7,13,0,0,0,0,0,0,0,0,1
6,3,0,0,0,0,0,0,0,0,1
7,-1,1,0,0,0,0,0,0,0,3
-6,1,0,0,0,0,0,0,0,0,1
23,-10,0,0,0,0,1,0,0,0,3
6,3,0,0,0,0,0,0,0,0,1
6,-2,0,0,0,0,0,0,0,0,0
-9,0,1,0,0,0,0,0,0,1,2
9,0,0,0,0,0,0,1,1,0,3
-25,6,0,0,0,0,0,0,0,0,1
-15,6,0,0,0,0,0,0,0,1,1
10,11,0,0,0,0,0,0,0,0,1
4,3,0,0,0,0,0,0,0,0,1
12,1,0,0,0,0,0,1,0,0,3
-1,0,0,0,0,1,0,1,0,0,2
10,0,0,0,0,0,1,0,0,0,3
-13,10,1,0,0,0,0,0,0,0,1
7,-6,0,0,0,0,0,0,0,0,0
5,9,0,0,0,0,0,0,0,0,1
18,13,0,0,1,0,0,0,0,0,1
-12,-3,0,0,0,0,0,0,0,0,0
-16,0,0,0,0,0,0,0,0,0,2
19,-1,0,0,1,0,0,0,0,0,0
-17,0,0,0,0,0,0,0,0,0,2
-11,0,1,0,0,0,0,0,1,0,1
-23,13,0,0,0,0,0,0,0,1,1
13,1,0,1,0,0,0,0,0,0,3
-10,-3,0,0,0,0,0,0,0,0,0
1,-6,0,0,0,0,1,0,0,0,3
24,15,0,0,1,0,0,0,0,0,1
1,4,1,0,0,0,0,0,0,0,1
-25,-13,0,0,0,0,0,1,0,0,0
-4,-5,0,0,0,0,0,0,0,0,0
5,14,1,0,0,0,0,0,1,0,1
16,0,0,0,0,0,0,0,0,1,0
-13,-5,0,0,0,0,0,0,0,0,0
-10,-11,0,0,0,0,0,0,0,0,0
-7,8,0,0,0,0,0,0,0,0,1
0,13,0,0,0,0,0,0,0,0,1
-5,15,0,0,0,0,1,1,0,0,2
-4,6,0,0,0,0,0,0,0,0,1
6,-4,0,0,0,0,0,0,0,0,0
21,7,0,0,1,0,0,0,0,0,1
-6,-5,0,0,0,1,0,1,0,0,0
22,-5,0,0,0,0,0,0,1,0,0
5,-4,0,0,1,0,0,0,0,0,0
-3,-1,0,0,0,0,0,0,0,0,0
-10,7,0,0,0,0,0,0,0,0,1
3,-15,0,0,0,0,0,0,0,0,0
16,-3,0,0,0,0,0,0,0,0,0
-19,-4,0,0,0,0,0,1,0,0,0
-2,9,0,0,0,0,0,0,0,0,1
3,-14,0,0,0,0,0,0,0,0,0
-3,-1,1,0,0,0,0,0,0,0,2
4,9,1,0,0,0,0,0,0,0,1
-11,2,0,0,0,0,0,0,0,0,1
5,-14,0,0,0,0,0,0,0,1,0
-1,-6,0,0,0,0,0,0,0,0,0
-6,-2,0,1,0,0,0,0,0,0,0
-16,-4,0,0,0,0,0,1,0,0,0
3,-12,0,0,0,0,0,0,0,1,0
-3,0,0,0,0,0,0,0,0,0,2
-2,-1,0,0,0,0,0,0,0,1,0
7,-6,0,0,0,0,1,0,0,0,3
-8,-11,0,0,0,0,0,0,0,0,0
9,1,0,0,0,0,0,0,0,0,1
-4,-2,0,0,0,0,0,0,0,0,0
-8,-13,0,0,0,0,0,0,0,0,0
-5,-8,0,0,0,0,0,0,0,0,0
-4,5,0,0,0,0,0,0,1,0,1
7,8,0,0,0,0,0,0,0,0,1
21,-13,0,0,1,0,0,1,0,0,0
-11,-12,0,1,0,0,0,0,0,0,0
1,-1,0,0,0,0,0,0,0,0,0
9,9,0,0,0,0,0,0,0,1,1
-9,-11,0,0,0,0,1,0,0,0,2
-6,6,0,0,0,0,1,0,1,0,1
11,1,0,0,0,0,0,0,0,0,1
-10,1,0,0,0,0,0,0,0,0,1
0,-1,0,0,0,0,0,0,0,0,0
-22,10,0,0,0,0,0,0,0,0,1
1,-1,0,0,0,0,0,0,0,0,0
17,-1,0,0,0,0,0,0,0,0,0
7,4,0,0,0,0,0,0,0,0,1
20,-7,0,0,0,0,0,0,0,0,0
-5,-6,0,0,0,0,1,0,0,0,2
9,5,0,0,1,0,0,0,0,1,1
15,9,0,0,0,0,0,0,1,0,1
9,0,0,0,0,0,0,0,0,0,3
11,-16,0,0,0,0,0,0,0,1,0
-4,-7,0,0,0,0,0,0,0,0,0
10,0,0,0,0,0,0,1,0,0,3
-2,-3,0,0,0,0,0,0,0,0,0
12,12,0,0,0,0,0,0,1,0,1
22,11,0,0,1,0,0,0,0,0,1
6,-2,0,0,0,0,0,0,0,0,0
-20,-2,0,0,0,0,0,1,0,0,0
6,0,0,0,0,0,0,0,0,0,3
-1,-8,0,1,0,0,0,0,0,0,0
-2,-2,0,0,0,0,0,0,0,0,0
-1,-10,0,0,0,0,0,0,1,0,0
12,11,0,0,0,0,0,0,0,0,1
5,4,0,0,0,0,0,0,0,0,1
-10,2,0,0,0,0,0,1,0,0,2
0,-6,0,0,0,0,0,0,0,0,0
-13,2,0,0,0,0,0,0,0,0,1
-3,3,0,0,0,0,1,0,1,1,1
-5,6,1,0,0,0,0,0,0,0,1
-26,-16,0,1,0,0,0,0,0,0,0
12,-11,0,0,0,0,0,0,1,0,0
-3,-2,0,0,0,0,0,0,0,0,0
-7,4,0,0,0,0,0,0,0,0,1
-8,-8,0,0,0,0,0,0,0,0,0
-27,7,0,0,0,0,0,0,0,0,1
-3,1,0,0,0,0,0,0,0,0,1
7,10,0,0,0,0,0,0,0,0,1
-5,2,0,0,0,0,0,0,0,0,1
-22,-2,0,0,0,0,0,0,1,0,0
16,1,0,0,0,0,0,0,0,0,1
-10,-7,0,0,0,0,0,0,0,0,0
-26,3,0,0,0,0,0,0,0,0,1
-24,-4,0,0,0,0,0,1,0,0,0
18,-4,0,0,0,0,0,0,0,0,0
2,-2,0,0,1,0,0,0,0,0,0
2,1,0,0,0,0,0,0,1,0,1
-15,-10,0,0,0,0,0,0,0,0,0
1,9,0,0,0,0,0,0,0,0,1
-4,8,0,0,0,0,0,0,0,0,1
-5,-1,0,0,0,0,0,1,0,0,0
27,-6,0,0,1,0,1,0,0,0,3
3,11,0,0,0,0,0,0,0,0,1
-14,-9,0,0,0,0,0,0,0,0,0
23,0,0,0,0,0,1,0,0,0,3
6,-3,0,0,0,0,0,0,0,0,0
-6,-1,0,0,0,0,0,0,0,0,0
16,2,0,0,0,0,0,0,0,0,1
5,10,0,0,0,0,0,0,0,0,1
-2,8,0,0,0,0,0,0,1,0,1
-4,-5,0,0,0,0,0,0,0,0,0
-17,4,0,0,0,0,0,0,1,0,1
7,-11,0,0,0,0,0,0,0,0,0
-5,-6,0,0,0,0,0,0,1,0,0
11,-6,0,0,0,0,1,0,0,0,3
-10,2,0,0,0,0,0,0,0,0,1
-11,-2,0,1,0,0,0,0,0,0,0
15,11,0,0,0,0,0,0,0,1,1
-11,4,0,0,0,0,0,0,0,0,1
-11,-7,0,1,0,0,0,0,1,0,0
-19,-2,0,0,0,0,0,0,0,0,0
20,1,0,0,0,0,0,0,0,0,1
-8,3,0,0,0,0,0,0,0,1,1
9,-6,0,0,0,0,0,0,0,0,0
11,14,0,0,0,0,0,0,1,0,1
1,2,0,0,0,0,0,0,0,0,1
-27,-5,0,0,0,0,0,0,0,0,0
7,-3,0,0,0,0,0,0,0,0,0
25,-10,0,0,0,0,0,0,0,0,0
-16,-10,0,0,0,0,0,0,0,0,0
12,-14,0,0,0,0,0,0,1,1,0
10,-8,0,0,0,0,0,0,0,0,0
4,8,0,0,0,0,0,0,0,0,1
9,12,0,0,0,0,0,0,0,0,1
4,3,1,0,0,0,0,0,0,0,1
8,1,0,0,0,0,0,0,0,1,1
10,-9,0,0,0,0,0,0,0,1,0
1,2,0,0,0,0,0,0,0,0,1
0,4,0,0,0,0,0,0,0,0,1
8,-7,0,0,0,0,0,0,0,0,0
-7,2,0,0,0,0,0,0,0,0,1
11,-1,1,0,0,0,1,1,0,0,3
-1,4,0,0,0,0,0,0,0,0,1
-16,1,0,0,0,1,0,0,0,0,1
-10,10,0,0,0,0,0,1,0,0,2
-2,0,0,0,0,0,0,0,0,1,2
13,2,0,0,0,0,1,0,0,0,1
19,-4,0,1,0,0,0,0,0,0,0
-18,4,0,0,0,0,0,0,0,0,1
22,-13,0,0,0,0,1,0,0,0,3
-23,13,1,0,0,0,0,0,0,0,1
-14,1,0,0,0,0,0,0,0,0,1
-3,8,0,0,0,0,0,0,0,0,1
-8,-5,0,0,0,0,0,0,0,0,0
-14,-1,0,0,0,0,1,0,1,0,1
12,-2,0,0,0,0,1,0,0,0,3
-19,12,1,0,0,0,0,0,1,0,1
0,1,0,0,0,0,0,0,0,0,1
0,-1,0,0,0,0,0,0,0,0,0
9,-4,0,0,0,0,0,0,0,0,0
-13,-6,0,0,0,0,0,0,0,0,0
4,-4,0,0,0,0,0,0,0,0,0
-1,-8,0,0,0,0,0,1,0,0,0
-25,6,0,0,0,0,0,0,0,0,1
3,6,0,0,0,0,0,1,0,0,3
0,11,1,0,0,0,1,1,0,0,2
4,5,0,0,0,0,0,0,0,1,1
-2,9,0,0,0,1,1,1,0,0,2
0,9,0,0,0,0,0,0,0,1,1
-17,3,0,0,0,0,0,0,0,0,1
7,-5,0,0,0,0,0,0,0,0,0
-3,2,0,0,0,0,1,0,0,1,1
5,-10,0,0,0,0,0,0,0,0,0
-22,3,0,0,0,0,0,0,0,0,1
-10,5,0,0,0,0,1,0,0,0,1
18,2,0,0,0,0,0,0,0,0,1
-3,4,0,0,0,0,0,0,0,0,1
12,6,0,0,0,0,0,0,0,0,1
18,-18,0,1,0,0,0,0,0,0,0
-12,0,0,0,0,0,0,0,0,0,2
-20,-17,0,0,0,0,0,0,1,0,0
24,3,0,0,0,0,0,0,0,0,1
-1,1,0,0,0,0,0,0,0,0,1
-12,-7,0,0,0,0,0,0,0,0,0
5,0,0,0,1,0,0,0,1,1,0
8,14,0,0,0,0,1,0,0,0,1
13,5,0,0,0,0,1,0,0,0,1
9,9,0,0,0,0,0,0,0,0,1
-7,-1,0,0,0,0,0,0,0,0,0
16,15,0,0,1,0,0,0,0,0,1
21,5,0,0,0,0,0,0,0,1,1
18,1,1,0,0,0,0,0,0,0,1
1,-6,0,0,0,0,0,0,0,0,0
6,0,0,0,0,0,0,0,0,0,3
7,-5,0,0,0,0,0,0,0,0,0
21,6,1,0,0,0,0,0,0,0,1
-14,-11,0,0,0,0,0,0,0,0,0
17,9,0,0,0,0,0,0,0,0,1
-14,10,0,0,0,0,0,0,0,0,1
-3,-5,0,0,0,0,0,0,0,0,0
5,9,0,0,0,0,0,0,0,1,1
-19,0,0,0,0,0,0,0,0,1,2
11,13,0,0,0,0,1,0,1,0,1
3,10,1,0,0,0,1,0,0,0,1
-16,-1,0,0,0,0,0,0,0,0,0
8,7,1,0,0,0,0,0,0,0,1
-23,-13,0,0,0,0,0,0,0,1,0
19,5,0,0,0,0,0,1,0,0,3
0,4,0,0,0,0,0,0,1,0,1
14,-3,0,0,0,0,1,0,0,0,3
-1,3,0,0,0,0,1,0,0,0,1
11,-9,0,0,0,0,0,0,0,0,0
-6,2,0,0,0,0,0,0,0,0,1
0,-11,0,1,0,0,0,1,0,1,0
18,13,0,0,0,0,0,0,0,0,1
-10,-8,0,0,0,0,0,0,0,0,0
-17,12,0,0,0,0,0,0,0,0,1
-21,10,0,0,0,1,0,0,0,0,1
-6,4,0,0,0,1,1,0,0,0,1
-8,-14,0,0,0,0,0,0,0,0,0
-11,4,0,0,0,0,0,0,0,0,1
18,14,0,0,0,0,1,0,0,0,1
3,-13,0,0,0,0,1,0,0,0,3
4,10,0,0,0,0,0,1,0,0,3
-2,-7,0,0,0,0,0,0,0,0,0
-18,14,0,0,0,0,0,0,0,0,1
1,2,0,0,0,0,0,0,0,0,1
8,-7,0,0,0,0,0,0,0,0,0
-9,0,0,0,0,0,0,0,0,1,2
-8,-1,0,0,0,0,0,0,0,0,0
-19,-15,0,1,0,0,0,0,0,0,0
15,3,0,0,0,0,0,0,0,0,1
2,-18,0,1,0,0,0,0,0,0,0
-9,-3,0,0,0,0,0,0,1,0,0
7,7,0,0,0,0,0,0,0,0,1
-10,10,0,0,0,0,0,0,0,0,1
15,-3,0,0,0,0,0,0,1,1,0
-6,-1,0,0,0,0,0,0,0,0,0
4,7,0,0,0,0,0,0,1,0,1
22,-11,0,0,0,0,0,0,0,1,0
2,2,0,0,0,0,0,0,0,0,1
-18,10,0,0,0,0,0,0,0,0,1
-2,-6,0,0,0,0,0,0,0,0,0
17,-12,0,0,0,0,0,0,0,0,0
6,1,0,0,0,0,0,0,0,0,1
24,-10,0,0,0,0,1,0,0,0,3
-2,-16,0,0,0,0,0,0,1,0,0
2,4,0,0,0,0,0,0,1,0,1
-1,-7,0,0,0,0,0,0,1,0,0
-12,-6,0,0,0,0,1,0,0,0,2
0,10,0,0,0,0,0,0,0,0,1
-11,3,0,0,0,0,0,0,0,0,1
12,-11,0,0,0,0,0,0,0,0,0
-1,10,0,0,0,0,0,0,0,0,1
-12,7,0,0,0,0,0,0,1,0,1
12,0,0,0,0,0,0,0,0,0,3
-24,-2,0,0,0,0,0,0,1,0,0
-11,-2,0,0,0,0,0,0,0,0,0
12,-2,0,0,0,0,0,0,0,0,0
-4,-13,0,0,0,0,0,0,0,0,0
7,0,0,1,0,0,0,0,0,0,3
14,-10,0,1,0,0,0,0,0,0,0
-8,6,0,0,0,0,0,0,0,1,1
14,-6,0,0,0,0,0,0,0,0,0
-9,-8,0,0,0,0,0,0,0,0,0
16,12,0,0,0,0,1,0,0,0,1
9,14,0,0,0,0,0,0,0,0,1
-18,9,0,0,0,0,0,0,0,1,1
-4,-8,0,1,0,0,0,0,0,0,0
3,1,0,0,1,0,0,0,1,0,1
-3,-2,0,1,0,0,0,0,0,0,0
-8,0,0,0,0,0,0,0,0,0,2
6,1,0,0,0,0,1,0,0,0,1
-7,-1,1,0,0,0,0,0,0,1,2
-23,-11,0,1,0,0,0,0,0,0,0
-9,-4,0,0,0,0,0,0,0,0,0
8,14,0,0,0,0,0,0,0,0,1
13,7,0,0,0,0,0,0,0,0,1
3,5,0,0,0,0,0,0,0,0,1
7,-6,0,0,0,0,0,0,0,0,0
15,0,0,0,0,0,0,0,0,0,3
-3,-13,0,0,0,0,0,0,1,0,0
15,-4,0,0,0,0,0,0,0,0,0
-3,13,0,0,0,0,0,0,0,0,1
-13,14,0,0,0,0,1,0,0,0,1
-4,-13,0,0,0,0,0,0,0,0,0
9,-11,0,1,0,0,0,0,1,0,0
7,1,0,0,0,0,0,0,0,0,1
-12,-4,0,0,0,1,0,0,0,0,0
-2,16,0,0,0,0,0,0,0,1,1
1,-4,0,0,0,0,0,0,0,0,0
1,13,1,0,0,0,0,0,0,0,1
-3,9,0,0,0,0,0,0,0,0,1
-18,4,0,0,0,0,0,0,0,0,1
-1,2,0,0,0,0,1,0,0,0,1
-5,4,1,0,0,0,0,0,0,0,1
-4,13,1,0,0,0,0,0,0,0,1
1,-5,0,0,0,0,0,1,0,0,0
9,-10,0,0,0,0,1,0,0,1,1
9,-6,0,0,0,0,1,0,0,0,3
-13,8,0,0,0,0,0,0,0,0,1
3,13,0,0,0,0,0,0,0,0,1
-9,1,0,0,0,0,0,0,0,0,1
-13,-2,0,0,0,0,0,0,0,0,0
-15,8,0,0,0,0,0,0,0,0,1
-10,-5,0,0,0,0,1,0,1,0,1
20,-3,0,0,0,0,0,0,0,1,0
8,0,0,0,0,0,0,0,0,0,3
9,11,0,0,0,0,0,0,0,0,1
9,7,0,0,0,0,1,0,0,0,1
-6,-6,0,0,0,0,0,0,0,0,0
22,7,0,0,0,0,0,0,0,0,1
5,3,1,0,0,0,0,0,0,0,1
-24,14,0,0,0,1,0,0,0,0,1
-12,6,0,0,0,0,0,0,1,1,1
-3,-1,0,0,0,0,0,0,0,1,0
11,9,0,0,0,0,0,0,1,0,1
-6,-4,0,0,0,0,0,0,0,0,0
7,16,0,0,0,0,0,0,0,0,1
15,-8,0,0,0,0,0,0,0,1,0
-14,-9,0,0,0,0,0,0,0,0,0
-1,6,0,0,0,0,0,1,0,0,2
0,10,0,0,0,0,0,0,0,0,1
-17,-7,0,0,0,0,0,1,0,0,0
0,3,0,0,0,0,0,0,0,0,1
21,-10,0,1,0,0,0,0,0,0,0
6,-7,0,0,0,0,0,0,0,0,0
21,6,0,0,0,0,0,0,0,0,1
12,-3,0,0,0,0,0,0,1,0,0
-4,-4,0,0,0,0,0,0,0,0,0
0,-1,0,0,0,0,1,0,0,0,1
-2,13,0,0,0,0,0,0,0,0,1
1,-10,0,0,0,0,0,0,0,0,0
-13,-2,0,0,0,0,0,0,0,0,0
-9,-2,0,0,0,0,0,1,0,1,0
12,-6,0,0,0,0,0,1,0,0,0
2,0,0,0,0,0,0,0,0,0,3
-8,6,0,0,0,0,0,1,1,0,0
6,-10,0,1,0,0,0,0,0,0,0
-21,4,0,0,0,0,0,0,0,1,1
8,1,0,0,0,0,0,0,0,0,1
14,9,0,0,0,0,1,0,0,0,1
3,-10,0,0,0,0,0,0,0,1,0
-13,4,0,0,0,0,0,1,0,0,2
0,2,0,0,0,0,0,0,0,1,1
18,11,1,0,0,0,0,0,0,0,1
18,-10,0,0,0,0,0,0,0,0,0
-15,-5,0,0,0,0,0,0,0,1,0
-1,10,1,0,0,0,0,0,0,0,1
10,7,0,0,0,0,0,0,0,0,1
15,-4,0,0,1,0,0,0,0,0,0
-2,-4,0,0,0,1,0,0,1,0,0
1,-1,0,0,0,0,0,0,0,0,0
-4,-12,0,0,0,0,0,0,1,0,0
7,10,0,0,0,0,0,0,0,0,1
6,-2,0,0,0,0,0,0,0,0,0
9,-6,0,0,0,0,0,0,0,0,0
10,13,0,0,0,0,0,0,0,0,1
-5,8,0,0,0,0,0,0,0,0,1
-1,17,0,0,0,0,0,0,0,0,1
21,6,0,0,0,0,0,0,0,0,1
10,-6,0,0,0,0,0,1,0,0,0
14,8,0,0,0,0,0,0,0,0,1
5,-6,0,0,0,0,0,0,0,0,0
21,-6,0,0,1,0,0,0,0,0,0
-18,-1,0,0,0,0,1,0,0,0,2
5,2,0,0,0,0,0,0,0,0,1
23,-2,0,0,1,0,0,1,0,0,0
18,-5,0,1,0,0,0,0,0,0,0
7,-10,0,0,0,0,0,0,0,0,0
26,1,0,0,1,0,0,1,0,0,3
-8,-8,0,0,0,0,0,1,0,0,0
23,8,0,0,0,0,0,0,0,0,1
-26,-1,0,0,0,0,0,0,0,0,0
-11,-4,0,0,0,0,0,0,0,0,0
-10,6,0,0,0,0,1,0,0,0,1
18,9,0,0,0,0,0,0,0,0,1
22,5,0,0,1,0,1,1,0,0,3
-10,-2,0,0,0,0,0,0,0,0,0
11,3,0,0,0,0,0,0,0,1,1
1,-5,0,1,0,0,0,0,0,0,0
-20,-11,0,0,0,0,0,0,0,0,0
4,5,0,0,0,0,0,0,0,0,1
11,1,0,0,0,0,0,0,0,0,1
-22,-3,0,0,0,0,0,0,1,0,0
6,-3,0,0,0,0,0,0,0,0,0
-14,-10,0,0,0,0,0,0,1,0,0
-3,0,0,1,0,0,0,0,0,0,2
1,5,0,0,0,0,0,0,0,0,1
15,-12,0,0,0,0,0,0,0,1,0
20,-12,0,0,0,0,0,0,0,0,0
-1,6,1,0,0,0,0,0,0,1,1
-3,-11,0,0,0,0,0,0,0,0,0
-14,14,0,0,0,0,1,0,0,0,1
12,-5,0,0,0,0,0,0,1,0,0
-11,9,0,0,0,0,0,0,0,1,1
22,-4,0,0,0,0,0,0,0,0,0
-2,-7,0,0,0,0,0,0,0,0,0
0,-1,0,0,0,0,0,0,1,0,0
-9,-6,0,0,0,0,0,0,0,0,0
20,-9,0,0,0,0,0,0,0,1,0
5,-11,0,0,0,0,0,0,1,0,0
-9,15,0,0,0,0,0,0,1,0,1
10,0,0,0,0,0,0,0,0,0,3
-16,3,0,0,0,0,0,0,0,1,1
24,2,0,0,0,0,0,0,0,0,1
-18,-6,0,1,0,0,0,0,0,0,0
-1,5,0,0,0,0,1,0,0,0,1
-21,9,0,0,0,1,0,0,0,0,1
-1,-3,0,0,0,0,0,0,0,0,0
-1,-7,0,0,0,0,1,0,0,0,2
-12,7,0,0,0,0,0,0,0,0,1
21,13,1,0,0,0,0,0,0,0,1
14,-10,0,0,0,0,0,0,0,0,0
15,-1,0,0,0,0,0,0,0,0,0
-2,3,0,0,0,0,0,0,0,0,1
-6,-6,0,0,0,0,0,0,0,0,0
-1,-7,0,0,0,0,0,0,0,0,0
-13,-6,0,0,0,0,0,0,0,0,0
9,1,0,0,0,0,1,0,0,0,1
10,-11,0,0,0,0,0,0,0,0,0
-9,-5,0,0,0,0,0,0,0,0,0
-9,13,1,0,0,0,0,0,0,0,1
-5,5,0,0,0,0,0,0,0,0,1
-12,-2,0,1,0,0,0,0,0,0,0
14,-13,0,0,0,0,0,0,0,0,0
-15,-2,0,1,0,0,0,1,0,0,0
-8,-2,0,1,0,0,0,0,0,0,0
11,3,0,0,0,0,0,0,0,0,1
-9,14,1,0,0,0,0,0,0,0,1
-18,0,0,0,0,0,0,0,0,0,2
3,6,0,0,0,0,0,0,0,0,1
3,-1,0,0,0,0,1,0,0,0,3
-1,-12,0,1,0,0,0,0,0,0,0
-9,14,0,0,0,0,0,0,0,0,1
12,-15,0,0,0,0,0,0,0,0,0
4,15,0,0,0,0,0,0,1,0,1
18,7,0,0,0,0,0,0,0,0,1
6,2,0,0,0,0,0,1,0,0,3
19,-10,0,1,0,0,0,0,1,0,0
-19,4,0,0,0,0,1,0,0,0,1
6,9,0,0,0,0,0,0,0,0,1
14,11,0,0,0,0,0,0,0,0,1
6,1,0,0,0,0,0,0,0,0,1
0,3,0,0,0,0,1,0,0,0,1
-19,0,0,0,0,0,0,0,0,0,2
18,2,0,0,0,0,0,1,1,1,0
-12,1,0,0,0,0,0,0,0,1,1
-13,14,0,0,0,0,0,0,1,0,1
-7,10,0,0,0,0,0,1,0,0,2
6,14,1,0,0,0,0,0,0,1,1
-3,-10,0,1,0,0,0,0,0,0,0
-4,-1,0,0,0,0,0,0,0,0,0
19,5,0,0,0,0,0,0,0,0,1
4,-9,0,0,0,0,0,0,0,0,0
6,-2,0,0,0,0,0,0,0,0,0
15,5,0,0,0,0,0,0,1,0,1
4,-1,0,0,0,0,0,0,0,0,0
-3,6,0,0,0,0,0,0,0,0,1
-4,-9,0,0,0,0,0,0,0,0,0
-4,1,0,0,0,0,0,0,0,0,1
4,-5,0,1,0,0,0,0,0,0,0
10,6,0,0,0,0,0,0,0,0,1
18,-12,0,0,0,0,0,1,0,0,0
-10,-3,0,0,0,0,0,0,0,1,0
-4,-2,0,0,0,0,0,0,0,0,0
0,12,0,0,0,0,0,0,0,0,1
9,-4,0,0,0,0,1,0,0,1,1
6,-8,0,0,0,0,1,0,0,0,3
-2,-8,0,0,0,0,0,0,0,0,0
-2,-6,0,0,0,0,0,0,1,0,0
-6,3,0,0,0,0,1,0,0,0,1
-3,8,0,0,0,0,1,1,0,0,2
12,2,0,0,0,0,0,0,0,0,1
-18,-2,0,0,0,0,0,0,0,0,0
15,-2,0,0,0,0,0,0,0,0,0
-23,0,0,0,0,0,0,0,0,0,2
-7,2,0,0,0,0,0,0,0,0,1
12,3,0,0,0,0,0,0,0,0,1
6,-3,0,0,0,0,0,0,0,0,0
22,-5,0,0,0,0,1,0,0,0,3
-9,-1,0,0,0,0,0,0,0,0,0
7,14,1,0,0,0,0,0,1,0,1
3,0,0,0,0,0,1,0,0,0,3
23,6,0,0,1,0,0,0,0,0,1
-6,-7,0,0,0,0,0,1,0,0,0
0,7,0,0,0,0,0,0,0,0,1
-10,0,0,0,0,0,0,1,0,0,2
-15,14,0,0,0,0,0,0,0,0,1
-7,-11,0,1,0,0,0,0,0,0,0
-10,-1,0,0,0,0,1,0,0,0,2
-7,-10,0,1,0,1,0,0,0,0,0
4,8,0,0,0,0,0,0,0,0,1
14,-5,0,0,1,0,0,0,1,0,0
-11,-7,0,0,0,0,0,0,0,0,0
8,4,0,0,0,0,0,0,0,0,1
-16,12,0,0,0,0,0,0,0,0,1
12,6,0,0,0,0,0,0,0,1,1
20,-5,0,0,0,0,0,0,0,0,0
-9,15,0,0,0,0,0,0,0,0,1
-2,-7,0,0,0,0,0,0,0,0,0
7,1,0,0,0,0,0,0,0,0,1
15,-6,0,0,1,0,0,0,0,0,0
13,-10,0,0,0,0,0,0,0,0,0
6,4,1,0,0,0,0,0,0,0,1
-12,-10,0,0,0,0,0,0,0,0,0
-4,-6,0,1,0,0,0,1,0,0,0
-1,-4,0,0,0,0,0,0,0,0,0
0,9,0,0,0,0,1,0,0,0,1
26,8,0,0,1,0,0,0,0,0,1
-10,10,0,0,0,0,0,0,0,1,1
-4,-7,0,0,0,0,0,0,0,0,0
6,-14,0,1,0,0,0,0,0,0,0
-18,-1,0,0,0,0,0,0,0,0,0
14,-5,0,0,0,0,0,0,0,0,0
9,-9,0,0,0,0,0,1,0,0,0
-2,5,0,0,0,0,0,0,0,1,1
5,6,0,0,0,0,0,0,0,0,1
5,-2,0,0,0,0,0,0,0,0,0
-25,-6,0,1,0,0,0,0,0,1,0
13,-4,0,0,0,0,0,0,0,0,0
0,-6,0,0,0,0,0,0,0,0,0
11,-6,0,0,0,0,0,0,0,0,0
0,-12,0,0,0,0,0,0,0,0,0
3,-11,0,1,0,0,0,1,0,1,0
23,-10,0,0,0,0,0,1,0,0,0
7,-4,0,0,0,0,1,0,0,0,3
5,0,0,0,0,0,0,0,0,0,3
-16,-8,0,0,0,0,0,0,0,0,0
-13,11,0,0,0,0,0,0,0,0,1
6,-7,0,0,0,0,0,0,0,1,0
-18,-7,0,1,0,0,0,1,0,0,0
5,12,0,0,0,0,0,1,0,0,3
-1,4,0,0,0,0,0,0,0,0,1
0,9,1,0,0,0,0,0,0,1,1
-12,12,0,0,0,0,0,0,0,0,1
-1,15,0,0,0,0,0,0,0,0,1
9,13,1,0,0,0,0,0,0,0,1
13,5,1,0,0,0,0,0,0,0,1
3,-4,0,0,0,0,0,0,0,0,0
-4,1,0,1,0,0,0,0,0,0,2
26,-8,0,0,1,0,0,0,0,0,0
13,-6,0,0,0,0,1,0,0,0,3
0,-12,0,0,0,0,0,1,0,0,0
24,-4,0,0,0,0,0,0,0,1,0
16,2,0,0,0,0,0,0,0,0,1
-11,-7,0,0,0,0,0,0,0,0,0
5,-10,0,0,0,0,0,1,1,0,0
3,-6,0,0,0,0,1,0,0,0,3
-5,-3,0,0,0,0,0,0,0,0,0
16,1,0,0,0,0,0,0,0,0,1
9,11,0,0,1,0,0,0,0,0,1
-7,3,0,0,0,1,0,0,0,0,1
-16,2,0,0,0,0,0,0,0,0,1
-4,-8,0,0,0,0,0,0,0,0,0
-4,-5,0,1,0,0,0,0,0,0,0
-11,-13,0,0,0,0,0,0,0,0,0
-9,17,1,0,0,0,0,0,0,0,1
4,-4,0,0,0,0,0,1,0,1,0
15,3,0,0,0,0,0,0,1,0,1
0,-5,0,0,0,0,0,0,0,0,0
17,2,0,0,0,0,0,0,0,0,1
5,-4,0,0,0,0,0,1,0,0,0
-14,3,0,0,0,0,0,1,0,0,2
1,2,0,0,0,0,1,0,0,1,1
15,-5,0,0,0,0,0,0,0,0,0
-6,9,0,0,0,0,0,0,0,0,1
-9,7,0,0,0,0,0,0,1,0,1
-19,-12,0,0,0,0,0,0,0,0,0
7,0,0,0,0,0,0,0,0,0,3
19,9,0,0,0,0,0,0,0,0,1
16,-5,0,0,0,0,0,1,0,0,0
-4,-3,0,1,0,0,0,1,1,0,0
0,4,0,0,0,0,0,0,0,0,1
15,-6,0,0,0,0,0,0,0,0,0
23,13,0,0,0,0,0,0,0,0,1
7,10,0,0,0,0,1,1,0,0,3
-2,-7,0,0,0,0,1,0,0,0,2
1,-5,0,0,0,0,0,0,0,0,0
-20,-10,0,0,0,0,0,0,0,0,0
-9,-1,1,0,0,1,0,0,0,0,2
7,-4,0,0,0,0,0,0,0,0,0
-1,1,0,0,0,0,1,0,0,0,1
9,-4,0,0,0,0,0,0,0,0,0
-11,11,0,0,0,0,0,0,0,0,1
14,-3,0,0,0,0,0,0,0,0,0
-13,1,0,0,0,0,0,0,0,0,1
-1,-3,0,0,0,0,0,0,0,1,0
-9,-11,0,0,0,0,0,0,0,1,0
11,8,0,0,0,0,0,1,0,0,3
21,-13,0,1,0,0,0,0,0,0,0
-23,-6,0,0,0,0,0,1,0,0,0
13,6,0,0,0,0,0,0,0,0,1
9,-5,0,0,0,0,1,0,0,0,3
0,5,0,0,0,0,1,0,0,0,1
1,-1,0,0,0,0,0,0,0,0,0
-7,-2,0,0,0,0,0,0,0,0,0
-6,-1,0,0,0,0,0,0,0,0,0
-4,0,0,0,0,0,0,1,0,0,2
-12,5,0,0,0,0,0,0,0,0,1
-10,-17,0,0,0,0,0,1,0,0,0
-9,2,0,0,0,0,0,0,0,0,1
4,-3,0,0,1,0,0,0,0,0,0
10,3,0,0,0,0,0,1,0,0,3
-16,14,0,0,0,0,0,0,0,0,1
-19,3,0,0,0,0,0,0,0,0,1
2,-7,0,0,0,0,0,0,0,0,0
23,9,0,0,0,0,0,0,0,1,1
4,2,0,0,0,0,0,1,0,0,3
-4,17,0,0,0,0,0,0,0,0,1
-12,-8,0,1,0,0,0,0,0,0,0
-11,-13,0,1,0,0,0,0,0,0,0
1,7,0,0,0,0,0,0,0,0,1
-8,14,0,0,0,0,0,0,1,0,1
-28,4,0,0,0,1,0,0,0,0,1
16,-7,0,0,0,0,0,0,0,0,0
3,-13,0,0,0,0,0,0,0,0,0
19,5,0,0,0,0,0,0,0,0,1
13,-12,0,0,1,0,0,0,0,0,0
-9,-4,0,0,0,0,0,1,0,0,0
12,3,0,0,0,0,1,0,0,0,1
-4,10,0,0,0,0,0,0,1,0,1
3,2,0,0,0,0,0,0,1,0,1
0,7,0,0,0,0,0,0,0,0,1
-5,4,0,0,0,0,1,0,0,0,1
16,5,0,0,0,0,0,0,1,0,1
14,-4,0,0,1,0,0,1,0,1,0
14,-13,0,0,0,0,0,0,0,0,0
17,-4,0,0,0,0,0,0,1,0,0
16,-2,0,0,0,0,0,0,1,0,0
8,-3,0,0,0,0,0,0,0,0,0
-3,-7,0,0,0,0,0,0,0,1,0
-3,-9,0,0,0,0,0,0,0,0,0
-3,-4,0,0,0,0,0,0,0,0,0
12,14,0,0,0,0,1,0,0,0,1
-14,1,0,0,0,1,0,0,0,0,1
-6,4,1,0,0,0,0,0,0,1,1
3,-12,0,0,0,0,0,0,0,0,0
4,-10,0,0,0,0,0,0,1,0,0
14,5,0,0,0,0,0,0,1,0,1
-3,-12,0,0,0,0,0,0,0,0,0
3,6,0,0,0,0,0,0,0,0,1
20,-13,0,0,0,0,0,0,0,0,0
5,7,0,0,0,0,0,0,0,0,1
3,-2,0,0,0,0,0,0,0,0,0
-4,-11,0,0,0,0,0,0,0,1,0
12,3,0,0,1,0,0,1,0,1,0
15,1,0,0,0,0,0,0,0,0,1
-4,2,0,0,0,0,0,0,0,0,1
-6,-11,0,0,0,0,0,0,0,0,0
-2,-6,0,0,0,0,0,0,0,0,0
-5,2,0,0,0,0,0,0,0,0,1
-1,5,0,0,0,0,0,0,0,0,1
6,-1,0,0,0,0,0,1,0,0,0
12,-2,0,0,0,0,0,1,0,0,0
6,4,0,0,0,0,0,0,0,1,1
-8,-6,0,0,0,0,0,1,0,0,0
3,-10,0,0,0,0,0,0,0,0,0
1,-8,0,0,0,0,0,0,0,0,0
-23,-6,0,0,0,1,0,1,0,0,0
-6,1,0,0,0,0,0,0,0,0,1
-10,-3,0,0,0,0,0,1,0,0,0
14,0,0,0,0,0,0,0,1,0,3
-6,-1,0,0,0,0,0,0,0,0,0
-4,2,0,0,0,0,0,0,0,0,1
-15,3,0,0,0,0,0,0,0,0,1
-5,-4,0,0,0,0,0,0,0,0,0
-6,10,0,0,0,0,0,1,0,0,2
-7,12,0,0,0,0,0,0,0,0,1
0,-1,0,0,0,1,0,0,0,0,0
-21,-9,0,0,0,0,0,0,0,0,0
-13,3,0,0,0,0,0,0,0,0,1
8,7,0,0,0,0,0,0,0,0,1
9,5,0,0,0,0,0,1,0,0,3
-13,4,0,0,0,0,0,1,0,0,2
-1,-9,0,0,0,0,0,0,0,0,0
11,2,0,0,0,0,1,0,0,0,1
-11,-8,0,0,0,0,0,0,0,0,0
-22,-11,0,1,0,0,0,0,0,0,0
-21,1,0,0,0,0,0,0,0,0,1
12,-8,0,0,0,0,0,0,0,0,0
22,6,0,0,1,0,0,0,0,0,1
-18,-8,0,0,0,0,0,1,0,0,0
-2,12,0,0,0,0,0,0,0,1,1
-10,16,1,0,0,0,0,0,0,0,1
-22,11,0,0,0,0,0,0,0,0,1
-4,8,0,0,0,0,0,0,0,0,1
12,-5,0,0,1,0,0,0,0,0,0
-4,7,0,0,0,0,0,0,1,0,1
-16,13,0,0,0,0,0,0,0,1,1
-5,-3,0,0,0,0,0,0,0,1,0
4,3,0,0,0,0,0,0,1,0,1
-10,5,0,0,0,0,0,0,0,0,1
4,-3,0,0,1,0,0,0,0,0,0
-13,3,0,0,0,0,0,0,0,0,1
15,12,0,0,0,0,0,0,0,1,1
14,6,0,0,0,0,0,0,1,1,1
6,1,0,0,0,0,0,0,0,1,1
6,-3,0,0,0,0,0,0,0,0,0
0,8,0,0,0,0,0,0,0,1,1
-8,7,0,0,0,0,0,0,0,0,1
1,-2,0,0,0,0,0,0,1,0,0
10,-14,0,1,0,0,0,0,0,0,0
4,7,0,0,0,0,0,0,0,0,1
1,-6,0,0,0,0,0,0,0,0,0
8,-13,0,1,0,0,0,0,0,0,0
12,5,0,0,0,0,0,1,0,0,3
-1,-2,0,0,0,0,0,0,0,0,0
-7,-7,0,0,0,0,0,0,0,0,0
11,2,1,0,0,0,1,0,0,0,1
-18,-7,0,0,0,0,0,0,1,0,0
-21,13,1,0,0,0,0,0,1,0,1
13,-7,0,0,0,0,0,0,1,0,0
14,7,0,0,0,0,0,0,0,0,1
8,10,0,0,0,0,0,1,0,0,3
-9,-6,0,0,0,0,0,0,0,0,0
-2,2,0,0,0,0,0,0,0,0,1
8,8,0,0,0,0,0,0,0,0,1
-7,-17,0,1,0,0,0,0,1,0,0
-1,11,1,0,0,0,0,1,0,0,2
-14,9,0,0,0,0,1,0,0,1,1
17,7,0,0,0,0,0,0,0,1,1
3,-9,0,0,0,0,0,0,0,0,0
-4,7,0,0,0,0,0,0,0,0,1
11,-5,0,0,0,0,1,0,0,0,3
3,4,0,0,0,0,0,0,0,0,1
9,12,0,0,0,0,0,0,1,0,1
-3,13,1,0,0,0,0,0,0,1,1
-8,8,0,0,0,0,0,0,0,0,1
-5,4,0,0,0,1,0,0,0,1,1
6,5,0,0,0,0,1,0,0,0,1
0,-2,0,0,0,0,0,0,0,0,0
5,-4,0,0,0,0,0,0,0,0,0
6,4,0,0,0,0,0,0,0,0,1
-1,-10,0,0,0,0,0,0,0,0,0
-18,7,0,0,0,0,0,0,0,0,1
6,4,0,0,0,0,0,0,0,0,1
-8,3,0,0,0,0,0,0,0,0,1
21,-14,0,1,1,0,0,1,0,0,0
-18,-11,0,0,0,0,0,0,0,0,0
3,11,0,0,0,0,0,0,0,1,1
-6,11,0,0,0,0,0,0,0,0,1
12,-5,0,0,0,0,0,0,1,0,0
-12,10,0,0,0,0,0,0,0,0,1
22,1,0,0,0,0,0,0,0,1,1
-7,5,0,0,0,0,0,1,0,1,2
8,14,1,0,0,0,0,0,0,1,1
15,4,0,0,0,0,0,0,0,0,1
-14,-6,0,0,0,0,1,0,0,0,2
23,-15,0,0,0,0,0,0,0,0,0
-2,-10,0,0,0,0,0,0,0,0,0
-1,-10,0,0,0,0,1,0,1,0,1
20,5,0,0,0,0,0,0,0,0,1
-6,3,0,0,0,0,0,0,1,0,1
4,-10,0,0,0,0,0,1,0,0,0
4,11,0,0,0,0,0,0,0,0,1
-21,4,0,0,0,0,0,0,0,1,1
-6,0,0,0,0,0,0,0,0,0,2
2,-4,0,0,0,0,0,0,1,0,0
-1,-2,0,0,0,0,0,0,0,0,0
-20,8,0,0,0,0,0,0,0,0,1
19,15,1,0,0,0,1,0,0,0,1
-12,-2,0,0,0,0,0,0,0,0,0
-3,-13,0,0,0,0,0,0,0,0,0
-5,-2,0,0,0,0,0,0,1,0,0
-2,-10,0,0,0,0,0,0,0,0,0
10,4,0,0,0,0,0,0,0,0,1
-6,-17,0,0,0,0,0,0,1,0,0
-24,-1,0,1,0,0,0,0,1,0,0
-15,7,1,0,0,0,0,0,0,0,1
3,-5,0,0,0,0,0,0,0,0,0
1,1,0,0,0,0,1,0,0,0,1
19,-2,0,0,0,0,0,0,0,0,0
-6,-3,0,0,0,0,0,0,0,0,0
-22,4,0,0,0,0,0,0,1,0,1
7,6,0,0,0,0,0,0,0,0,1
7,18,1,0,0,0,0,0,1,0,1
1,0,0,0,0,0,0,0,0,0,3
-14,-5,0,1,0,0,0,0,1,0,0
-13,-1,0,0,0,0,1,1,0,0,2
-1,-10,0,0,0,0,0,0,0,0,0
-15,8,0,0,0,0,1,0,0,0,1
-10,8,0,0,0,0,1,0,0,0,1
13,-1,1,0,0,0,0,0,0,0,3
-1,7,0,0,0,0,1,0,0,0,1
1,1,0,0,0,0,0,0,0,0,1
-2,-13,0,0,0,0,1,0,0,0,2
-14,-3,0,0,0,0,0,0,0,0,0
-2,-7,0,0,0,0,0,0,0,0,0
-3,-12,0,0,0,0,0,0,0,1,0
3,0,0,0,0,0,0,0,0,0,3
15,-2,0,0,0,0,0,0,1,0,0
0,-1,0,0,0,0,1,0,0,0,1
20,10,0,0,0,0,0,0,0,0,1
-14,-3,0,0,0,0,0,0,0,0,0
5,11,0,0,0,0,0,0,0,0,1
-15,1,0,0,0,0,0,0,0,0,1
12,1,0,1,0,0,0,0,0,0,3
7,2,0,0,0,0,0,0,0,0,1
14,1,0,0,0,0,0,0,0,0,1
5,-15,0,0,0,0,0,0,0,0,0
-1,6,0,0,0,0,1,0,0,0,1
-12,2,0,0,0,0,0,0,0,0,1
19,2,0,0,0,0,0,0,0,0,1
-13,7,0,0,0,0,0,0,0,1,1
-13,2,0,0,0,0,0,0,0,0,1
-2,-7,0,0,0,0,0,0,0,0,0
2,-7,0,1,1,0,0,0,0,0,0
-20,1,0,0,0,1,0,0,0,0,1
1,9,0,0,0,0,0,0,0,0,1
-24,6,0,0,0,0,0,0,0,1,1
-15,6,0,0,0,0,0,0,1,0,1
-8,-6,0,0,0,0,0,0,0,1,0
-8,2,0,0,0,0,0,1,1,0,0
0,-4,0,0,0,0,0,0,0,0,0
2,-6,0,0,0,0,0,0,0,0,0
0,6,0,0,0,1,0,0,0,0,1
-2,9,0,0,0,0,0,0,0,0,1
-3,0,0,0,0,0,0,0,0,0,2
-2,13,0,0,0,0,1,0,0,0,1
6,14,0,0,0,0,0,0,0,0,1
9,-3,0,0,0,0,0,0,0,0,0
-24,15,0,0,0,0,0,0,0,0,1
4,-13,0,0,0,0,0,1,0,0,0
14,-6,0,0,0,0,1,0,0,0,3
-14,3,0,0,0,0,0,0,0,0,1
-18,1,0,0,0,1,0,0,0,0,1
-10,-13,0,0,0,0,0,0,0,0,0
4,1,0,0,0,0,0,0,0,0,1
0,4,0,0,0,0,0,0,0,0,1
-9,-11,0,1,0,0,0,0,1,0,0
3,-9,0,0,0,0,0,0,0,1,0
19,11,0,0,0,0,0,1,0,0,3
13,1,0,0,0,0,1,0,0,0,1
8,5,1,0,0,0,0,0,0,1,1
7,1,0,0,0,0,1,0,0,0,1
12,0,0,0,0,0,0,1,0,1,0
20,9,1,0,0,0,0,0,0,0,1
1,-8,0,0,0,0,0,0,0,0,0
16,1,0,0,0,0,0,0,0,0,1
-15,-1,0,0,0,0,0,0,0,0,0
-5,3,0,0,0,0,1,1,0,0,2
2,6,0,0,0,0,0,1,0,0,3
13,-11,0,0,0,0,0,0,0,0,0
-5,-11,0,0,0,0,0,0,0,0,0
4,0,0,1,1,0,0,0,1,0,3
1,6,0,0,0,0,0,0,0,1,1
6,-7,0,0,0,0,0,0,0,0,0
6,2,0,0,0,0,0,0,0,0,1
12,3,0,0,1,0,0,0,0,0,1
-2,11,0,0,0,0,0,0,0,0,1
-20,3,0,0,0,0,0,0,0,0,1
8,-7,0,0,0,0,0,0,0,0,0
-4,-11,0,0,0,0,0,0,0,0,0
-14,-4,0,0,0,1,0,0,0,0,0
1,-4,0,0,0,0,0,0,0,1,0
21,12,1,0,0,0,0,0,0,0,1
-18,-5,0,0,0,0,0,0,0,0,0
8,7,0,0,0,0,0,0,0,0,1
-1,-9,0,0,0,0,0,0,0,0,0
-23,-8,0,0,0,0,0,1,0,0,0
-17,-8,0,0,0,0,0,0,0,0,0
-15,-1,0,0,0,0,0,0,0,0,0
-19,-6,0,0,0,0,0,0,1,0,0
-9,-3,0,0,0,0,0,0,0,0,0
-15,6,0,0,0,0,0,0,0,1,1
11,-1,0,0,0,0,0,0,0,1,0
-9,5,0,0,0,0,1,0,0,0,1
-9,-7,0,0,0,0,0,0,0,0,0
-8,10,0,0,0,0,0,0,0,0,1
14,2,0,0,0,0,0,0,0,0,1
0,-10,0,0,0,0,0,0,0,0,0
17,9,0,0,0,0,0,0,0,1,1
2,11,1,0,0,0,0,0,0,0,1
19,1,0,0,0,0,0,0,0,0,1
-3,4,0,0,0,0,0,0,0,0,1
-21,0,0,0,0,0,1,0,0,1,2
18,0,0,0,0,0,0,1,0,0,3
0,14,0,0,0,0,0,0,0,0,1
-3,-4,0,0,0,0,0,0,1,0,0
6,-2,0,0,0,0,0,0,0,0,0
-4,-3,0,0,0,0,0,0,0,0,0
1,-2,0,0,0,0,0,0,0,0,0
-10,-3,0,0,0,0,0,0,0,0,0
4,-8,0,1,0,0,0,0,0,0,0
-24,7,0,0,0,0,0,0,0,0,1
-3,-2,0,0,0,0,0,0,1,0,0
-10,7,0,0,0,0,1,0,0,0,1
-22,-4,0,0,0,0,0,0,0,0,0
16,5,0,0,0,0,0,0,0,0,1
-16,-1,0,0,0,1,0,0,0,0,0
-23,-2,0,1,0,0,1,0,0,0,2
12,-6,0,0,0,0,0,0,0,0,0
5,2,0,0,0,0,0,0,0,0,1
-23,1,0,0,0,0,1,0,0,0,1
19,12,0,0,0,0,0,0,0,0,1
10,1,0,0,0,0,0,0,0,0,1
8,6,0,0,0,0,0,0,0,0,1
7,12,0,0,0,0,0,1,0,0,3
3,-3,0,0,0,0,0,0,0,0,0
7,11,0,0,0,0,0,0,0,0,1
-7,-11,0,0,0,0,0,0,0,0,0
-14,6,0,0,0,0,0,0,0,0,1
-8,3,0,0,0,0,0,0,0,0,1
-10,5,1,0,0,0,0,0,0,0,1
-6,3,0,0,0,0,0,0,0,1,1
8,-6,0,0,0,0,0,0,0,0,0
-18,1,0,0,0,0,0,0,0,0,1
-6,-2,0,0,0,0,0,0,1,0,0
2,-8,0,0,0,0,0,0,0,0,0
-12,8,0,0,0,0,0,0,0,0,1
9,-5,0,0,0,0,0,1,0,0,0
15,-12,0,0,0,0,0,0,1,0,0
24,0,0,0,0,0,0,0,0,0,3
-7,0,0,0,0,0,0,0,0,0,2
-6,7,0,0,0,0,0,0,0,1,1
0,-13,0,0,0,0,0,0,0,0,0
-9,-16,0,0,0,0,0,0,0,1,0
1,-13,0,0,0,0,0,0,0,0,0
2,-14,0,0,0,0,0,0,0,0,0
-5,11,0,0,0,1,0,0,0,0,1
13,14,0,0,0,0,0,0,0,0,1
12,-7,0,0,0,0,0,0,0,0,0
1,3,0,0,0,0,0,0,0,1,1
18,-9,0,0,0,0,0,0,0,0,0
-6,3,0,0,0,0,0,0,0,0,1
1,-9,0,1,0,0,0,0,0,0,0
-5,1,0,0,0,0,1,0,0,0,1
14,9,0,0,0,0,0,0,0,0,1
-12,5,0,0,0,0,0,0,0,0,1
-1,-3,0,0,0,0,1,0,0,0,2
-5,10,0,0,0,0,0,0,0,0,1
4,-11,0,0,0,0,0,1,1,0,0
-2,4,0,0,0,0,0,0,0,0,1
6,1,0,0,0,0,0,0,0,0,1
2,-14,0,0,0,0,1,0,0,0,3
-2,3,0,0,0,0,1,0,0,0,1
-22,-8,0,0,0,0,0,0,0,0,0
5,7,0,0,0,0,0,0,0,0,1
8,-9,0,0,0,0,0,0,0,0,0
6,5,0,0,0,0,1,0,0,0,1
22,-3,0,0,1,0,0,0,0,0,0
-16,-15,0,0,0,0,1,0,0,0,2
-5,15,0,0,0,0,0,0,1,0,1
12,-8,0,0,0,0,0,0,0,0,0
8,4,1,0,0,0,0,1,0,0,3
0,0,0,0,0,0,0,0,0,0,0
-4,9,0,0,0,0,0,0,0,0,1
-10,2,0,0,0,0,0,0,0,0,1
5,-16,0,1,0,0,1,0,0,0,3
3,-7,0,0,0,0,0,0,0,0,0
-3,1,0,0,0,0,0,1,0,0,2
10,-6,0,0,1,0,0,1,0,0,0
-10,7,0,0,0,0,0,1,0,0,2
-13,-9,0,0,0,0,1,0,1,1,1
-5,-13,0,1,0,0,0,0,0,0,0
-20,-10,0,0,0,0,0,0,0,0,0
-3,0,0,0,0,0,0,0,0,0,2
18,-11,0,0,0,0,0,0,0,0,0
11,-3,0,0,0,0,0,0,1,0,0
4,12,0,0,0,0,0,0,0,0,1
-13,12,0,0,0,1,0,0,0,0,1
18,6,0,0,0,0,0,0,0,1,1
13,3,0,0,0,0,0,0,0,0,1
0,-8,0,0,0,0,0,0,0,0,0
1,-5,0,0,0,0,0,0,0,0,0
-3,9,0,0,0,0,0,0,0,0,1
19,-7,0,0,0,0,0,0,0,1,0
-2,15,1,0,0,0,0,0,0,0,1
-16,-7,0,0,0,0,0,0,0,0,0
5,8,0,0,0,0,1,0,0,1,1
-3,-8,0,0,0,0,0,1,0,0,0
-10,-1,0,0,0,0,0,0,1,0,0
-18,-15,0,0,0,0,0,0,0,0,0
-11,-3,0,0,0,0,0,0,0,0,0
17,13,0,0,0,0,0,0,0,0,1
-16,-3,0,1,0,0,0,0,0,0,0
19,10,0,0,0,0,0,0,0,1,1
-6,1,0,0,0,0,1,1,0,0,2
10,3,0,0,0,0,0,0,0,0,1
3,-7,0,0,0,0,0,0,0,0,0
21,-13,0,0,1,0,0,1,0,0,0
-2,0,0,0,0,0,0,0,0,0,2
-11,-4,0,0,0,0,0,0,1,0,0
-21,4,0,0,0,0,0,0,1,0,1
5,13,1,0,0,0,0,0,0,0,1
-11,-3,0,0,0,0,0,1,0,0,0
-11,13,0,0,0,1,0,0,0,0,1
-10,11,0,0,0,0,0,0,0,0,1
-11,10,0,0,0,0,1,0,0,0,1
-5,5,0,0,0,0,0,0,0,0,1
-1,2,0,0,0,0,0,0,0,0,1
0,3,0,0,0,0,0,0,0,0,1
-8,-12,0,0,0,0,0,0,0,0,0
10,-3,0,0,1,0,0,0,0,1,0
16,11,0,0,0,0,0,1,0,0,3
-21,-4,0,0,0,1,0,0,1,0,0
23,-15,0,0,0,0,0,1,0,0,0
-9,-1,0,0,0,0,0,1,0,0,0
0,5,0,0,0,0,0,0,0,0,1
2,2,1,0,0,0,0,0,0,0,1
-3,-8,0,0,0,0,0,1,0,0,0
-13,-1,0,0,0,0,0,0,0,1,0
-10,2,0,0,0,0,0,0,0,0,1
-7,-7,0,0,0,0,0,0,0,0,0
3,1,0,0,1,0,0,0,0,0,1
-15,2,0,0,0,0,0,0,0,0,1
-3,-9,0,1,0,0,0,0,0,0,0
15,-5,0,0,0,0,0,0,0,0,0
7,-14,0,0,0,0,0,0,0,0,0
8,9,0,0,0,0,0,0,0,0,1
5,2,0,0,0,0,0,0,1,0,1
-13,0,0,0,0,0,1,0,0,0,2
-5,-11,0,0,0,0,0,0,0,0,0
23,-2,0,0,0,0,0,0,1,0,0
-2,-4,0,0,0,0,0,0,0,0,0
-11,3,0,0,0,0,1,0,0,0,1
15,-14,0,0,0,0,0,0,1,0,0
-2,3,0,0,0,0,0,0,0,0,1
9,-3,0,0,0,0,1,0,0,0,3
1,-13,0,0,0,0,1,1,0,0,3
-20,10,0,0,0,0,0,0,0,1,1
-8,-12,0,0,0,0,0,0,1,0,0
23,-1,0,0,1,0,0,0,0,0,0
8,-3,0,0,0,0,0,0,0,0,0
-4,6,0,0,0,0,0,0,0,0,1
10,-7,0,0,0,0,0,0,0,0,0
-13,-10,0,1,0,0,0,0,1,0,0
6,0,0,0,0,0,0,0,0,0,3
-12,3,0,0,0,0,0,0,0,0,1
-7,3,0,0,0,0,0,0,0,0,1
-23,7,0,0,0,0,0,0,0,0,1
7,-1,0,0,0,0,0,0,0,0,0
11,6,0,0,0,0,0,0,0,0,1
7,-6,0,0,0,0,0,0,0,0,0
20,9,0,0,0,0,0,0,0,0,1
2,0,0,0,0,0,0,0,0,0,3
4,14,0,0,0,0,0,0,0,0,1
14,8,0,0,1,0,0,0,0,0,1
-15,-6,0,0,0,0,0,0,0,0,0
-20,5,0,0,0,0,0,0,1,0,1
8,1,0,0,0,0,0,0,0,0,1
6,-10,0,0,0,0,0,0,0,0,0
16,-14,0,0,0,0,0,0,1,0,0
-10,-5,0,0,0,0,0,0,0,0,0
24,-3,0,0,1,0,0,0,0,0,0
-14,-7,0,1,0,0,0,0,0,1,0
-20,-3,0,0,0,0,0,0,0,0,0
-11,-7,0,0,0,0,0,0,0,0,0
2,8,0,0,0,0,0,0,0,0,1
-24,9,0,0,0,0,0,0,0,0,1
-2,6,0,0,0,0,0,0,0,0,1
-14,-11,0,0,0,0,0,0,0,0,0
-17,-12,0,1,0,1,0,0,0,0,0
5,9,0,0,0,0,0,1,0,0,3
-14,-5,0,1,0,0,1,0,0,0,2
-23,4,0,0,0,0,0,0,0,0,1
-13,0,0,0,0,0,1,0,0,0,2
-6,16,0,0,0,0,0,0,0,1,1
6,-7,0,0,0,0,0,0,0,0,0
-9,4,1,0,0,0,0,0,0,0,1
11,7,1,0,0,0,0,1,0,0,3
-19,-10,0,0,0,0,0,0,0,0,0
7,-4,0,0,0,0,0,0,0,0,0
-13,-1,0,0,0,0,1,0,0,0,2
15,3,0,0,0,0,1,0,0,0,1
9,2,0,0,0,0,0,0,0,0,1
-16,3,0,0,0,0,0,0,0,0,1
10,18,1,0,0,0,0,0,0,0,1
-12,-14,0,0,0,0,1,1,0,0,2
-7,1,1,0,0,0,0,1,0,0,2
10,-2,0,0,0,0,0,0,0,0,0
18,8,1,0,0,0,0,0,0,0,1
1,-9,0,0,0,0,0,0,0,1,0
22,-10,0,0,1,0,0,1,0,0,0
-10,-3,0,0,0,0,0,0,0,0,0
-12,4,0,0,0,0,0,0,0,0,1
-5,-7,0,0,0,0,0,0,0,0,0
-3,-8,0,0,0,0,0,0,1,1,0
2,1,0,0,0,0,0,1,0,1,0
3,-4,0,0,0,0,1,0,0,0,3
-21,11,0,0,0,1,0,0,0,0,1
10,-16,0,0,0,0,0,0,0,0,0
2,-4,0,1,0,0,1,1,0,0,3
-3,-4,0,0,0,0,0,0,0,0,0
16,5,0,0,0,0,0,0,0,0,1
19,-1,0,0,0,0,0,0,0,0,0
6,-3,0,1,0,0,0,0,0,0,0
6,-2,0,0,0,0,0,0,0,0,0
6,-13,0,0,1,0,0,0,0,0,0
-9,7,0,0,0,1,0,1,0,1,2
0,6,0,0,0,0,0,0,0,1,1
-6,-4,0,0,0,0,0,0,0,0,0
4,2,0,0,0,0,0,0,0,0,1
8,-6,0,0,0,0,0,0,0,0,0
2,1,0,0,0,0,0,0,1,0,1
-22,-6,0,0,0,0,0,0,0,0,0
-17,2,0,0,0,0,0,0,0,0,1
-12,12,0,0,0,0,0,0,0,0,1
2,-6,0,0,0,0,0,0,0,0,0
-15,-7,0,0,0,0,0,0,0,0,0
2,-4,0,0,0,0,0,0,1,0,0
4,-13,0,0,0,0,0,0,1,0,0
-7,10,0,0,0,0,0,0,0,0,1
6,17,0,0,0,0,1,0,0,0,1
16,15,0,0,0,0,0,0,0,0,1
-5,-1,0,0,0,0,1,0,0,0,2
-4,-1,0,1,0,0,0,0,0,0,0
-1,4,0,0,0,0,0,0,0,0,1
-23,-5,0,1,0,0,0,0,0,0,0
9,8,0,0,1,0,0,0,0,0,1
3,0,0,0,0,0,0,1,0,0,3
2,-2,0,0,0,0,0,0,1,0,0
-3,-1,0,0,0,0,0,0,1,0,0
-17,-3,0,0,0,0,0,0,0,0,0
10,0,0,0,0,0,0,0,0,0,3
12,-4,0,0,0,0,0,0,0,0,0
4,-6,0,0,0,0,1,0,0,0,3
-12,-4,0,0,0,0,0,0,0,0,0
2,7,0,0,0,0,0,1,0,0,3
26,13,0,0,0,0,0,0,0,0,1
18,-6,0,0,1,0,0,0,0,1,0
24,4,0,0,0,0,0,0,0,0,1
7,-14,0,0,0,0,0,0,0,0,0
9,-3,0,0,0,0,0,0,1,1,0
7,1,0,0,0,0,0,0,0,0,1
-1,16,0,0,0,0,0,0,0,0,1
0,7,1,0,1,0,0,0,1,0,1
-13,-9,0,0,0,0,0,0,0,0,0
-21,-4,0,0,0,1,0,0,0,0,0
-21,-11,0,1,0,0,0,0,0,0,0
1,2,0,0,0,0,0,0,0,0,1
-19,-6,0,0,0,0,0,0,0,0,0
-3,9,1,0,0,0,0,0,0,0,1
21,4,0,0,0,0,0,0,0,0,1
-2,-10,0,0,0,0,0,0,0,0,0
-11,1,0,0,0,0,0,0,0,0,1
3,-1,0,0,1,0,0,1,0,0,0
-16,10,0,0,0,0,0,0,0,1,1
-10,8,0,0,0,0,1,0,0,0,1
-9,-2,0,1,0,0,0,1,0,0,0
-12,2,0,0,0,0,0,0,1,0,1
1,8,1,0,0,0,0,0,0,0,1
8,-9,0,0,0,0,0,0,1,0,0
-8,-4,0,0,0,0,0,0,0,0,0
-24,-9,0,0,0,0,0,0,0,1,0
-7,2,0,0,0,0,0,0,0,0,1
-5,2,0,0,0,0,0,0,0,0,1
-5,0,0,0,0,0,0,0,0,0,2
-4,-10,0,0,0,0,0,1,0,0,0
-8,-10,0,0,0,0,0,0,0,0,0
22,-9,0,1,0,0,0,0,0,0,0
-23,-3,0,0,0,0,0,0,0,0,0
-11,-7,0,0,0,0,0,0,0,0,0
11,13,0,0,0,0,0,0,1,0,1
8,-3,0,0,0,0,0,0,0,0,0
0,15,0,0,0,0,0,0,0,0,1
8,6,0,0,0,0,0,0,0,0,1
20,-8,0,1,0,0,1,1,0,0,3
-1,0,1,0,0,0,0,0,0,0,2
26,-14,0,0,1,0,0,0,0,0,0
10,-15,0,0,0,0,0,0,1,0,0
15,2,0,0,0,0,0,0,0,0,1
-5,4,0,0,0,0,0,0,0,0,1
-22,10,0,0,0,0,0,0,0,0,1
-12,9,0,0,0,0,0,0,0,0,1
9,3,0,0,0,0,0,0,0,0,1
-13,-8,0,0,0,0,0,0,0,0,0
12,1,0,0,1,0,0,0,0,0,1
5,3,0,0,0,0,0,0,0,0,1
-12,12,0,0,0,0,0,0,0,0,1
-7,0,0,0,0,0,0,0,0,0,2
-20,-11,0,0,0,0,0,0,0,0,0
16,-2,0,0,0,0,0,0,0,0,0
4,0,0,0,0,0,0,0,0,0,3
16,2,0,0,0,0,0,0,0,0,1
-12,1,0,0,0,0,0,0,0,0,1
4,5,0,0,0,0,1,0,0,0,1
15,-3,0,1,0,0,0,0,0,0,0
-1,-6,0,0,0,0,0,0,0,0,0
10,-8,0,0,0,0,0,0,0,0,0
-10,-1,0,0,0,0,0,0,0,0,0
-8,-6,0,0,0,0,0,0,0,0,0
-2,6,0,0,0,0,0,0,0,1,1
11,-7,0,0,0,0,1,0,0,0,3
-3,-2,0,0,0,0,0,0,0,0,0
4,-5,0,0,0,0,0,0,0,0,0
2,2,0,0,0,0,0,0,0,0,1
1,-7,0,0,0,0,0,0,0,0,0
19,3,0,0,0,0,0,1,0,1,0
4,-6,0,0,0,0,0,0,0,0,0
-2,4,0,0,0,0,0,0,0,0,1
0,6,0,0,0,0,0,1,0,0,0
0,10,0,0,0,0,1,0,0,0,1
11,-9,0,0,0,0,0,0,0,1,0
-13,-7,0,0,0,0,0,0,1,1,0
8,-2,0,0,0,0,0,0,1,1,0
18,1,0,0,0,0,0,0,0,0,1
8,12,0,0,0,0,0,0,0,0,1
14,1,0,1,0,0,0,0,0,0,3
-14,-9,0,0,0,0,0,1,0,0,0
-10,-5,0,0,0,0,0,0,0,0,0
14,13,0,0,0,0,0,1,1,0,3
5,11,0,0,0,0,0,0,0,0,1
-13,6,0,0,0,1,1,0,0,0,1
-5,7,0,0,0,0,0,0,0,0,1
4,-5,0,0,0,0,0,0,0,0,0
-12,2,0,0,0,0,0,0,0,0,1
-12,-7,0,0,0,0,0,0,0,0,0
-1,-7,0,0,0,0,0,0,0,0,0
-10,-6,0,0,0,0,0,0,0,0,0
-5,-7,0,0,0,0,0,0,0,0,0
-11,-4,0,0,0,0,0,0,0,0,0
-25,3,0,0,0,0,0,1,0,0,2
-13,2,0,0,0,0,0,0,0,0,1
0,-5,0,0,0,0,0,1,0,0,0
-9,2,0,0,0,0,0,0,0,0,1
-8,-10,0,0,0,0,0,0,0,0,0
-2,4,0,0,0,0,0,0,0,0,1
-11,-6,0,0,0,0,0,0,0,0,0
-12,8,0,0,0,1,0,0,0,0,1
12,-3,0,0,0,0,0,0,0,1,0
9,-8,0,0,0,0,1,0,1,0,3
8,-5,0,0,0,0,0,0,0,0,0
-1,11,0,0,0,0,0,0,0,0,1
17,8,0,0,0,0,0,0,0,0,1
-2,9,0,0,0,0,0,1,0,0,2
-4,12,0,0,0,0,0,1,0,0,2
-2,-7,0,0,0,0,0,1,0,0,0
16,2,0,0,0,0,0,0,0,0,1
-23,-3,0,0,0,0,0,0,0,0,0
5,8,0,0,0,0,0,0,0,0,1
-4,16,0,0,0,0,0,1,0,0,2
5,1,0,0,0,0,0,0,0,0,1
-20,3,0,0,0,0,0,0,0,0,1
14,-10,0,0,0,0,0,1,0,0,0
-6,11,0,0,0,0,0,0,0,0,1
-12,6,0,0,0,0,0,0,0,0,1
14,8,0,0,0,0,0,0,0,0,1
-3,5,0,0,0,0,0,0,0,0,1
-2,-9,0,0,0,0,0,0,0,0,0
2,3,1,0,0,0,0,0,0,0,1
-13,-11,0,0,0,0,0,0,0,0,0
11,3,0,0,0,0,0,0,0,0,1
-8,12,1,0,0,0,0,0,0,0,1
-15,-1,0,1,0,0,0,0,0,0,0
10,0,0,0,0,0,0,0,0,0,3
-8,-1,0,0,0,0,0,0,0,0,0
-8,7,0,0,0,0,0,0,0,0,1
10,-2,0,0,0,0,0,0,0,0,0
-1,0,0,0,0,0,0,0,0,0,2
-13,11,0,0,0,0,0,0,1,0,1
-8,12,0,0,0,0,0,0,0,0,1
-26,5,0,0,0,0,0,0,0,0,1
10,10,0,0,0,0,0,0,0,1,1
10,5,0,0,0,0,0,0,0,0,1
5,9,0,0,0,0,0,0,0,0,1
19,6,0,0,1,0,0,0,0,1,1
-4,-9,0,0,0,0,1,0,0,0,2
22,17,1,0,1,0,0,0,0,0,1
-2,-1,0,0,0,0,0,0,0,0,0
-1,4,0,0,0,0,1,0,0,0,1
6,0,0,0,0,0,0,0,0,0,3
-6,10,0,0,0,0,0,1,1,0,0
25,-13,0,0,0,0,0,0,0,0,0
-7,14,0,0,0,0,0,0,0,0,1
13,1,0,0,0,0,0,0,0,0,1
-11,5,0,0,0,0,0,0,0,0,1
3,8,0,0,0,0,0,0,0,0,1
-13,-10,0,0,0,0,0,0,0,0,0
22,-3,0,0,0,0,0,1,0,0,0
5,6,0,0,0,0,0,0,0,0,1
-12,-1,0,0,0,0,0,0,1,0,0
-14,3,0,0,0,0,0,0,0,0,1
-6,-10,0,0,0,0,0,1,0,0,0
-9,3,0,0,0,0,0,0,0,0,1
-12,-7,0,0,0,0,0,0,0,0,0
17,8,0,0,0,0,0,0,0,0,1
6,-14,0,1,1,0,0,0,0,0,0
-11,9,0,0,0,0,0,0,0,0,1
-4,-4,0,0,0,0,0,0,0,0,0
17,-7,0,0,0,0,0,0,1,0,0
10,0,1,0,0,0,1,0,0,0,3
11,2,0,0,1,0,0,0,0,0,1
2,3,0,0,0,0,0,0,0,0,1
-13,0,0,0,0,0,0,0,0,0,2
-1,-10,0,0,0,0,0,0,1,0,0
-18,4,0,0,0,1,0,0,0,0,1
0,-11,0,1,0,0,0,0,0,0,0
-16,5,0,0,0,0,0,0,0,0,1
-17,1,0,0,0,0,0,0,0,0,1
5,-6,0,0,0,0,1,0,1,0,3
2,7,0,0,0,0,1,1,0,0,3
-22,-2,0,0,0,0,0,0,0,1,0
20,2,1,0,0,0,0,0,0,0,1
-4,-6,0,0,0,0,0,0,1,0,0
15,18,1,0,0,0,1,0,0,0,1
-24,1,0,0,0,0,0,0,0,0,1
-12,-14,0,0,0,0,0,0,0,0,0
10,-3,0,0,0,0,0,0,0,0,0
13,-2,0,0,0,0,0,0,0,0,0
-6,9,1,0,0,0,0,1,0,0,2
6,-5,0,0,0,0,0,0,0,0,0
11,-13,0,1,0,0,0,0,0,1,0
8,-5,0,0,0,0,0,0,0,0,0
9,-3,0,0,0,0,0,0,1,1,0
-11,-2,0,0,0,0,0,0,0,0,0
-9,6,0,0,0,0,0,0,1,0,1
2,9,0,0,0,0,0,0,0,0,1
22,-5,0,0,0,0,0,0,0,0,0
-14,-1,0,0,0,0,0,0,0,0,0
20,-2,0,0,0,0,0,0,0,0,0
17,0,0,0,0,0,0,0,0,0,3
2,11,0,0,0,0,1,0,0,0,1
-21,-6,0,0,0,0,0,0,0,0,0
8,0,0,1,0,0,0,0,0,0,3
12,0,0,0,0,0,1,0,0,0,3
2,2,0,0,0,0,0,0,0,0,1
3,9,0,0,0,0,0,0,1,0,1
4,-3,0,0,0,0,0,0,0,0,0
3,2,0,0,0,0,0,0,0,0,1
-7,0,0,0,0,0,0,1,0,0,2
10,1,0,0,0,0,0,0,0,0,1
13,6,0,0,0,0,0,0,0,0,1
-2,9,0,0,0,0,0,0,0,0,1
-3,16,1,0,0,0,0,0,0,0,1
7,15,0,0,0,0,1,0,0,0,1
1,7,0,0,0,0,0,0,0,0,1
12,-9,0,0,0,0,0,0,0,0,0
18,-10,0,1,0,0,0,1,0,0,0
12,0,0,0,0,0,1,0,0,0,3
-8,9,0,0,0,0,0,0,0,1,1
-6,-6,0,0,0,0,0,0,0,0,0
-19,9,0,0,0,0,0,0,0,1,1
-7,-3,0,0,0,0,0,1,0,0,0
-17,5,0,0,0,0,0,0,0,0,1
-3,-1,0,1,0,0,0,1,0,0,0
5,6,0,0,0,0,0,1,0,0,3
-6,1,0,0,0,1,0,0,0,0,1
7,1,0,0,0,0,0,0,1,0,1
24,-4,0,0,0,0,0,1,0,0,0
19,-1,0,0,0,0,0,0,0,0,0
0,-6,0,1,0,0,0,0,0,0,0
15,-4,0,0,1,0,0,0,0,0,0
3,8,0,0,0,0,1,0,0,0,1
1,-1,0,0,0,0,0,0,0,1,0
16,-6,0,0,0,0,0,0,0,0,0
6,-1,0,0,0,0,0,0,0,0,0
-5,-8,0,0,0,0,0,0,0,0,0
18,-4,0,0,0,0,0,0,0,1,0
9,-4,0,0,0,0,0,0,0,0,0
-5,5,0,0,0,0,1,0,0,0,1
13,2,0,0,0,0,0,0,0,0,1
-15,-14,0,0,0,1,0,1,0,1,0
-12,-4,0,0,0,0,0,0,0,0,0
-9,-14,0,0,0,0,0,0,0,0,0
-16,9,0,0,0,0,0,0,0,0,1
24,-8,0,0,0,0,0,0,1,0,0
-15,3,0,0,0,0,0,0,1,0,1
-15,7,0,0,0,0,1,0,0,0,1
0,2,0,0,0,0,0,0,0,0,1
-19,1,0,0,0,0,0,0,0,0,1
12,3,0,0,0,0,0,1,0,0,3
10,-11,0,0,0,0,0,0,0,0,0
-8,0,0,0,0,0,1,0,0,0,2
13,-6,0,0,0,0,0,0,0,0,0
1,5,0,0,0,0,1,0,0,0,1
18,-1,0,0,0,0,0,0,0,0,0
2,8,0,0,0,0,0,0,0,0,1
20,-16,0,0,0,0,0,0,0,0,0
-15,6,0,0,0,0,0,0,0,0,1
-1,5,1,0,0,0,0,0,0,0,1
-6,-7,0,0,0,0,0,0,0,0,0
14,0,0,0,0,0,0,0,0,0,3
-23,5,0,0,0,0,0,0,0,0,1
6,-12,0,0,0,0,0,0,0,0,0
-3,-5,0,0,0,0,0,0,0,0,0
7,-1,0,0,0,0,0,0,1,1,0
12,-11,0,0,0,0,0,0,0,0,0
-8,10,0,0,0,0,0,0,0,0,1
13,-18,0,1,0,0,0,0,0,0,0
-1,-5,0,0,0,0,0,0,0,0,0
16,0,0,0,0,0,0,0,1,0,3
-4,10,1,0,0,0,0,0,0,0,1
-2,12,0,0,0,0,0,0,1,0,1
-1,-7,0,0,0,0,0,0,0,0,0
-17,-1,0,0,0,0,0,0,0,0,0
19,-16,0,0,0,0,0,0,0,0,0
10,-4,0,0,0,0,0,0,0,1,0
14,4,0,0,0,0,0,0,0,1,1
-10,10,0,0,0,0,0,0,0,0,1
-4,-3,0,0,0,0,0,0,0,0,0
-12,-2,0,0,0,0,0,0,0,0,0
10,12,0,0,0,0,0,0,0,0,1
-5,8,0,0,0,0,0,0,0,0,1
12,0,0,0,0,0,0,0,0,0,3
-4,-10,0,0,0,0,1,0,0,0,2
-13,-6,0,0,0,0,1,0,0,0,2
15,10,0,0,0,0,0,0,0,0,1
3,-3,0,0,0,0,0,0,0,0,0
2,-1,0,1,0,0,0,0,0,0,0
-13,-8,0,0,0,0,0,0,0,0,0
19,-3,0,0,0,0,0,0,0,0,0
2,-11,0,0,0,0,0,0,0,1,0
-4,-14,0,0,0,0,0,0,0,0,0
7,-2,0,0,0,0,0,0,0,0,0
-10,-6,0,1,0,0,0,0,0,0,0
14,-7,0,0,0,0,0,0,0,0,0
2,-6,0,0,0,0,0,0,0,0,0
-4,1,0,0,0,0,0,0,0,0,1
4,-1,1,0,0,0,0,0,0,0,3
16,7,0,0,0,0,0,0,0,0,1
0,0,0,0,0,0,0,0,1,0,0
-13,-8,0,0,0,0,0,1,0,1,0
1,-6,0,0,0,0,0,0,0,1,0
-6,12,0,0,0,0,0,0,0,0,1
15,12,0,0,1,0,0,0,1,0,1
-7,7,0,0,0,0,0,0,0,0,1
14,-2,0,0,0,0,0,0,0,0,0
-16,6,0,0,0,0,1,0,0,0,1
14,9,0,0,1,0,0,0,0,0,1
2,5,0,0,0,0,1,0,0,0,1
14,-10,0,0,0,0,0,0,0,0,0
-11,-4,0,0,0,0,0,0,1,0,0
11,12,0,0,0,0,0,0,0,0,1
-9,-15,0,1,0,1,0,0,0,1,0
7,8,0,0,0,0,0,0,0,0,1
3,8,0,0,0,0,0,0,0,0,1
-7,-2,0,0,0,0,1,0,0,0,2
-7,7,0,0,0,0,0,0,1,0,1
-1,-1,0,0,0,0,0,0,0,0,0
4,-13,0,1,0,0,0,0,1,0,0
11,0,0,0,0,0,0,0,0,0,3
-20,2,0,0,0,0,0,0,0,0,1
-6,0,0,0,0,0,0,0,0,0,2
-11,9,0,0,0,0,0,0,0,0,1
11,9,0,0,0,0,0,0,0,0,1
10,-16,0,0,0,0,0,0,0,0,0
-1,-15,0,0,0,0,1,0,0,0,2
0,1,0,1,0,0,0,0,0,0,0
-4,-9,0,0,0,0,0,0,0,1,0
-18,-10,0,0,0,0,0,0,0,0,0
1,6,0,0,0,0,0,0,0,0,1
5,-4,0,0,0,0,0,0,0,0,0
-10,-7,0,0,0,0,0,0,0,0,0
-10,-2,0,0,0,0,0,0,0,0,0
12,-6,0,0,0,0,0,1,0,0,0
2,4,0,0,1,0,0,0,0,0,1
5,1,0,0,0,0,0,0,0,0,1
-1,2,0,0,0,0,0,0,0,0,1
15,6,1,0,0,0,0,0,0,0,1
3,12,0,0,0,0,0,0,0,0,1
-6,8,0,0,0,0,0,0,0,0,1
4,-8,0,0,0,0,0,0,0,0,0
-12,0,0,0,0,0,0,0,0,0,2
-19,-8,0,0,0,0,0,0,0,0,0
-20,-3,0,0,0,0,1,0,0,0,2
4,-11,0,0,0,0,0,0,0,0,0
-6,-10,0,0,0,0,1,0,0,1,2
-12,-15,0,0,0,0,0,0,0,0,0
4,13,0,0,0,0,0,0,0,0,1
13,-1,0,0,0,0,0,0,1,0,0
-17,4,0,0,0,0,0,0,0,0,1
-9,-12,0,0,0,0,0,0,0,0,0
15,-12,0,0,0,0,0,0,0,0,0
6,-10,0,0,0,0,0,0,0,0,0
-21,-17,0,1,0,0,0,0,0,0,0
-11,1,0,0,0,0,0,0,0,0,1
-3,-13,0,0,0,0,0,0,0,1,0
-16,-2,0,1,0,0,0,0,0,0,0
19,-7,0,0,0,0,0,0,0,0,0
1,7,0,0,0,0,0,0,0,0,1
11,12,0,0,0,0,0,1,1,0,3
7,5,0,0,0,0,0,0,0,0,1
21,-4,0,0,1,0,1,0,0,0,3
-4,-6,0,0,0,0,0,0,0,1,0
-2,-17,0,0,0,0,0,0,0,0,0
4,0,0,0,0,0,0,0,0,0,3
12,5,0,0,1,0,0,0,0,0,1
7,-3,0,0,0,0,0,0,0,0,0
-25,0,0,0,0,0,1,0,0,0,2
-3,3,0,0,0,0,0,0,0,1,1
1,-5,0,0,0,0,0,0,0,0,0
10,-3,0,0,0,0,0,0,0,0,0
-11,10,0,0,0,0,0,0,0,1,1
14,-9,0,0,0,0,0,0,0,0,0
8,8,0,0,0,0,0,0,0,0,1
-11,7,0,0,0,0,0,0,1,0,1
-9,-1,0,0,0,0,0,0,0,0,0
-12,-8,0,0,0,0,0,0,0,0,0
-11,-1,0,0,0,0,0,0,0,1,0
16,2,0,0,0,0,0,0,0,0,1
-13,-8,0,0,0,0,0,0,0,0,0
-1,5,0,0,0,1,0,1,0,0,2
-14,-13,0,0,0,0,0,0,1,0,0
9,8,0,0,0,0,0,0,0,0,1
18,6,0,0,0,0,0,1,1,0,3
-10,2,1,0,0,0,0,0,1,0,1
-4,-7,0,0,0,0,0,0,0,0,0
27,-8,0,0,1,0,0,0,0,0,0
-3,12,0,0,0,0,0,0,0,0,1
22,-11,0,0,0,0,1,0,0,0,3
-13,-2,0,0,0,0,0,0,0,0,0
1,-12,0,1,0,0,1,0,1,0,3
18,1,0,0,0,0,0,0,0,0,1
15,-14,0,0,0,0,0,0,0,0,0
9,6,0,0,0,0,0,0,0,0,1
3,-4,0,0,0,0,0,0,0,0,0
15,5,0,0,0,0,1,0,0,0,1
19,-7,0,0,0,0,0,0,0,1,0
-10,-8,0,0,0,0,0,0,0,0,0
-8,-17,0,1,0,0,0,0,1,0,0
-6,-1,0,0,0,0,1,0,0,1,2
-12,-12,0,0,0,0,0,0,0,0,0
21,-6,0,0,0,0,0,0,0,1,0
-5,-4,0,0,0,0,1,0,0,0,2
8,-3,0,0,0,0,0,0,1,1,0
15,-3,0,0,0,0,0,0,0,0,0
10,0,0,0,0,0,0,0,0,0,3
-19,11,0,0,0,0,1,0,1,0,1
17,-1,0,0,0,0,1,0,0,0,3
-16,10,0,0,0,0,0,0,0,0,1
-16,2,0,0,0,0,0,0,0,0,1
16,-8,0,0,0,0,0,1,0,0,0
-2,-5,0,1,0,0,0,0,0,0,0
3,-2,0,0,0,0,0,0,0,1,0
-1,12,0,0,0,0,0,0,0,0,1
8,-13,0,0,0,0,0,0,0,0,0
-2,2,0,0,0,0,0,0,0,0,1
1,-7,0,0,0,0,1,0,0,0,3
-13,-9,0,0,0,0,0,0,0,0,0
-11,-6,0,0,0,0,0,0,0,0,0
-4,1,0,0,0,0,0,0,0,0,1
-27,5,0,0,0,1,0,0,0,0,1
1,7,0,0,0,0,0,0,0,0,1
-13,14,0,0,0,0,0,0,1,0,1
-9,-2,0,0,0,0,0,0,0,0,0
17,8,0,0,0,0,0,0,0,1,1
16,11,0,0,0,0,0,0,0,0,1
6,3,0,0,0,0,0,0,0,0,1
-4,1,0,0,0,0,0,0,0,0,1
2,-9,0,0,0,0,0,0,0,0,0
-10,2,0,0,0,0,0,0,0,1,1
-5,-6,0,0,0,1,0,0,0,0,0
-21,-6,0,1,0,0,0,1,0,0,0
5,-8,0,0,0,0,0,0,1,0,0
19,14,0,0,0,0,0,0,0,0,1
-6,7,0,0,0,0,0,0,1,0,1
-14,-5,0,0,0,0,0,0,0,1,0
-12,1,0,0,0,0,0,0,0,0,1
-5,-16,0,0,0,0,0,0,0,0,0
14,-1,0,0,0,0,0,0,0,0,0
-12,1,0,0,0,0,0,0,0,0,1
14,8,0,0,0,0,0,0,0,0,1
-18,-6,0,0,0,0,0,1,0,0,0
-7,12,0,0,0,0,0,0,1,0,1
-14,-3,0,0,0,0,0,0,0,0,0
5,-6,0,0,0,0,1,0,0,0,3
-7,-4,0,0,0,0,0,0,0,0,0
-24,16,0,0,0,0,0,0,0,0,1
11,-7,0,0,0,0,0,0,0,0,0
4,-7,0,0,0,0,0,0,0,0,0
-12,-8,0,0,0,0,0,0,0,0,0
3,3,0,0,0,0,0,0,0,0,1
17,-11,0,0,0,0,0,0,0,0,0
1,14,1,0,0,0,0,0,0,0,1
-21,-11,0,0,0,0,0,0,0,0,0
-11,15,0,0,0,0,0,0,0,1,1
3,4,0,0,0,0,0,0,1,0,1
-11,6,0,0,0,0,0,0,0,0,1
-13,-1,0,0,0,0,0,0,0,0,0
9,1,0,0,0,0,0,0,0,0,1
14,15,1,0,0,0,0,0,0,0,1
6,8,0,0,0,0,0,0,0,0,1
-12,-13,0,0,0,0,0,0,0,0,0
21,-3,0,0,0,0,0,0,0,0,0
-6,17,0,0,0,0,1,0,0,0,1
-2,4,0,0,0,0,0,0,0,0,1
8,9,0,0,1,0,0,0,0,0,1
-22,3,0,0,0,0,0,0,0,0,1
4,-13,0,0,0,0,1,0,0,0,3
1,-3,0,0,0,0,1,1,0,0,3
7,4,0,0,0,0,0,0,0,0,1
-1,8,0,0,0,0,0,0,0,0,1
5,2,0,0,0,0,0,0,0,0,1
24,5,0,0,0,0,0,0,0,1,1
-13,-8,0,1,0,0,0,0,0,0,0
-2,-11,0,0,0,0,0,0,0,0,0
6,-13,0,0,0,0,0,0,0,1,0
-13,-11,0,0,0,0,0,0,0,0,0
3,-10,0,0,0,0,0,0,0,0,0
6,-7,0,0,0,0,1,0,0,0,3
8,-3,0,0,0,0,0,0,0,0,0
-1,2,0,0,0,0,0,0,0,0,1
6,-1,0,0,0,0,0,0,0,0,0
8,-4,0,0,0,0,0,0,0,0,0
-16,-2,0,0,0,1,0,0,0,0,0
-6,-2,0,0,0,0,1,0,0,0,2
14,-6,0,0,0,0,0,0,0,0,0
-20,-5,0,0,0,1,0,0,0,0,0
-10,-5,0,1,0,0,0,0,1,0,0
15,-4,0,0,0,0,0,0,0,0,0
-2,-8,0,0,0,0,0,0,0,0,0
9,5,0,0,1,0,0,0,0,0,1
-11,-4,0,0,0,0,0,0,0,0,0
-2,1,0,0,0,0,0,0,0,0,1
-22,-1,0,1,0,0,0,0,1,0,0
-25,-10,0,0,0,0,0,0,0,0,0
-4,8,0,0,0,0,0,0,0,0,1
-4,2,0,0,0,0,1,0,0,0,1
17,-8,0,0,0,0,0,1,0,0,0
-2,-3,0,0,0,0,0,0,0,0,0
1,-2,0,0,0,0,0,0,0,0,0
-6,3,0,0,0,0,0,0,1,0,1
-4,8,0,0,0,1,0,0,0,0,1
16,-3,0,0,0,0,0,0,1,0,0
1,-17,0,1,0,0,0,0,1,0,0
-1,3,0,0,0,0,0,0,0,0,1
-18,-8,0,0,0,0,0,0,0,0,0
-6,4,0,0,0,0,0,0,0,0,1
14,10,0,0,0,0,0,0,0,0,1
4,0,0,0,0,0,0,0,0,0,3
1,4,0,0,0,0,0,0,0,0,1
11,3,0,0,0,0,0,0,1,0,1
9,2,0,0,0,0,0,0,0,0,1
4,-4,0,0,0,0,0,0,1,0,0
7,-1,0,1,0,0,0,1,0,0,0
-8,-6,0,0,0,0,0,0,0,0,0
-3,7,0,0,0,1,0,0,0,0,1
7,5,0,0,0,0,0,0,0,0,1
15,8,0,0,0,0,0,0,0,0,1
1,-9,0,0,0,0,0,0,0,0,0
9,-2,0,1,0,0,0,0,0,0,0
3,-2,0,0,0,0,1,0,0,0,3
21,14,1,0,0,0,0,0,0,0,1
-8,-3,0,1,0,0,0,0,0,1,0
0,-2,0,0,1,0,0,0,0,0,0
-18,-12,0,1,0,0,0,0,0,0,0
-6,-5,0,0,0,0,0,0,0,0,0
-8,-9,0,0,0,0,0,0,0,0,0
-6,-3,0,0,0,0,0,0,0,1,0
19,16,0,0,0,0,0,0,0,0,1
-15,-2,0,0,0,0,0,0,0,0,0
21,-12,0,0,0,0,0,0,1,0,0
-19,2,0,0,0,1,0,1,0,0,2
20,7,0,0,0,0,0,0,1,0,1
2,0,1,0,0,0,0,0,0,0,3
-9,0,0,0,0,1,0,0,0,0,2
-14,4,0,0,0,0,1,0,0,1,1
5,6,0,0,0,0,0,0,0,0,1
10,-4,0,0,0,0,0,0,0,0,0
-3,-1,0,0,0,0,0,0,0,0,0
9,11,0,0,0,0,0,0,0,0,1
-15,1,0,0,0,0,0,0,0,0,1
-15,16,1,0,0,0,0,0,0,0,1
-2,14,1,0,0,0,0,0,0,0,1
1,5,0,0,0,0,0,0,0,0,1
-4,-13,0,0,0,0,0,0,0,0,0
-15,11,0,0,0,0,0,0,0,0,1
0,2,0,0,0,0,0,0,0,1,1
-4,13,0,0,0,0,0,1,1,0,0
-1,-4,0,0,0,0,0,0,0,0,0
-19,0,0,0,0,0,0,0,0,0,2
1,11,0,0,0,0,0,0,0,0,1
-6,-4,0,0,0,0,0,0,0,0,0
21,5,0,0,0,0,0,0,0,0,1
-11,-1,0,0,0,0,1,0,0,0,2
-1,0,0,0,0,0,0,0,0,0,2
18,13,0,0,0,0,0,0,0,0,1
5,11,0,0,0,0,0,0,0,0,1
-12,0,0,0,0,0,0,0,0,0,2
2,-5,0,0,1,0,1,0,0,0,3
15,-3,0,0,0,0,0,1,0,0,0
12,0,0,0,0,0,0,0,0,0,3
18,2,0,0,0,0,0,0,0,0,1
2,-11,0,0,0,0,0,1,0,0,0
3,-2,0,0,0,0,0,0,0,0,0
9,14,0,0,0,0,0,0,0,0,1
2,-10,0,0,0,0,0,1,0,0,0
-26,-2,0,0,0,0,0,0,0,0,0
-12,10,0,0,0,0,1,0,0,0,1
1,-5,0,0,0,0,0,0,0,0,0
7,2,0,0,0,0,0,0,0,0,1
-8,11,0,0,0,0,0,0,0,0,1
2,-18,0,1,0,0,0,0,0,0,0
-1,12,0,0,0,0,0,0,0,0,1
-6,8,0,0,0,0,0,0,0,0,1
-8,10,0,0,0,0,0,0,0,0,1
4,8,0,0,0,0,0,1,0,0,3
-7,16,1,0,0,0,0,0,0,0,1
0,-3,0,0,0,0,0,0,0,0,0
2,-8,0,0,0,0,0,0,0,0,0
-17,6,0,0,0,0,0,0,0,0,1
23,-14,0,0,0,0,0,0,0,0,0
-8,-8,0,0,0,0,0,0,0,0,0
3,-13,0,0,0,0,0,0,0,0,0
-6,-15,0,1,0,0,0,0,0,0,0
-18,-5,0,0,0,0,0,0,0,0,0
4,-9,0,1,0,0,0,0,0,1,0
-2,3,0,0,0,0,0,0,0,0,1
6,-4,0,0,0,0,0,0,0,0,0
1,-6,0,0,0,0,0,0,0,0,0
17,3,0,0,1,0,0,0,0,0,1
18,8,0,0,0,0,0,0,0,0,1
12,5,0,0,0,0,0,0,0,0,1
0,14,0,0,0,1,1,0,0,0,1
-16,10,0,0,0,0,0,0,0,1,1
-6,-12,0,0,0,0,0,0,0,0,0
-6,6,0,0,0,0,0,0,0,0,1
-4,-2,0,0,0,0,1,0,1,0,1
8,-3,0,0,0,0,0,0,0,0,0
6,10,0,0,0,0,0,0,0,0,1
-5,-8,0,0,0,0,0,0,0,0,0
-15,1,1,0,0,0,0,0,0,1,1
17,15,1,0,0,0,0,0,0,1,1
-18,-2,0,0,0,0,0,1,0,0,0
-12,-1,0,0,0,0,0,0,1,0,0
20,-2,0,0,0,0,0,0,0,1,0
12,3,0,0,0,0,0,0,0,1,1
-3,-5,0,0,0,0,0,0,0,0,0
-4,-3,0,0,0,0,0,0,1,0,0
-10,-1,0,0,0,0,0,0,0,0,0
24,-10,0,0,0,0,1,0,0,0,3
1,4,0,0,0,0,1,0,0,0,1
8,5,0,0,0,0,0,0,0,0,1
-7,-8,0,0,0,0,0,0,1,0,0
-22,0,0,0,0,0,0,0,0,0,2
3,11,0,0,0,0,0,0,0,1,1
14,9,0,0,0,0,0,0,1,0,1
-22,-8,0,0,0,1,0,0,0,0,0
10,13,0,0,0,0,0,0,1,0,1
-2,3,0,0,0,0,0,0,0,0,1
11,0,0,0,0,0,0,0,0,0,3
-25,-2,0,0,0,0,0,0,0,0,0
-1,5,0,0,0,0,0,0,0,0,1
11,-13,0,0,0,0,0,0,0,0,0
21,-4,0,0,0,0,0,0,1,0,0
5,-9,0,0,0,0,0,0,0,0,0
8,15,0,0,0,0,0,1,0,0,3
1,11,1,0,0,0,0,0,0,0,1
-11,7,1,0,0,0,0,0,0,0,1
-1,17,0,0,0,0,0,0,0,0,1
20,6,1,0,0,0,0,0,0,0,1
11,13,1,0,0,0,0,0,0,0,1
-2,-5,0,0,0,0,1,0,0,0,2
21,4,0,0,0,0,0,0,0,0,1
18,11,0,0,0,0,0,0,0,0,1
2,6,0,0,0,0,0,0,0,0,1
-26,7,0,0,0,0,0,0,0,0,1
17,8,0,0,0,0,0,0,0,0,1
-22,5,0,0,0,0,0,0,0,0,1
-1,4,0,0,0,0,1,0,0,1,1
-6,-2,0,0,0,0,0,0,0,0,0
11,-2,0,0,0,0,0,0,0,0,0
-3,-5,0,0,0,0,0,0,0,0,0
-4,-5,0,0,0,0,0,0,0,1,0
-7,2,0,0,0,0,0,0,0,0,1
-9,12,0,0,0,0,0,1,0,0,2
0,-1,0,0,0,0,0,1,0,0,0
3,-3,0,0,0,0,0,0,0,1,0
3,4,0,0,0,0,0,0,0,0,1
-21,-1,0,0,0,0,0,0,0,0,0
-7,7,0,0,0,0,0,0,1,0,1
12,-1,0,0,0,0,0,0,0,0,0
1,-12,0,0,0,0,0,0,0,0,0
8,-3,0,0,0,0,0,0,0,0,0
-5,-6,0,0,0,1,0,0,0,0,0
5,-3,0,0,0,0,0,1,0,0,0
3,-15,0,0,0,0,0,0,0,0,0
-1,-8,0,1,0,0,0,0,0,0,0
-15,8,0,0,0,0,0,0,0,0,1
3,-13,0,0,0,0,0,0,1,0,0
-13,10,0,0,0,0,0,0,0,1,1
1,14,0,0,0,0,0,0,0,0,1
16,5,0,0,0,0,0,0,0,0,1
-7,4,0,0,0,1,0,0,0,0,1
6,1,0,0,0,0,0,1,0,0,3
-11,11,0,0,0,0,0,0,1,0,1
-3,9,0,0,0,0,0,0,0,0,1
-6,5,0,0,0,0,0,0,0,0,1
-13,8,0,0,0,0,0,0,1,1,1
-5,0,0,0,0,0,0,0,0,0,2
16,-6,0,1,0,0,0,0,0,0,0
8,-9,0,0,0,0,1,0,0,0,3
-14,-17,0,1,0,0,1,0,0,0,2
6,3,0,0,0,0,1,0,1,0,1
2,6,0,0,0,0,0,0,0,0,1
9,-18,0,1,1,0,0,0,0,0,0
5,-3,0,0,0,0,1,0,0,1,1
-11,-9,0,0,0,0,0,0,0,1,0
-8,5,0,0,0,0,0,0,0,0,1
19,-1,0,0,1,0,1,1,0,0,3
15,-4,0,0,0,0,0,0,0,1,0
8,10,1,0,0,0,0,0,0,0,1
-3,5,0,0,0,0,0,0,0,0,1
6,2,0,0,0,0,0,0,0,0,1
2,9,0,0,0,0,0,0,0,0,1
12,-1,0,0,0,0,1,0,0,0,3
-4,-8,0,0,0,0,0,0,1,0,0
13,4,0,0,0,0,0,0,0,0,1
9,8,0,0,0,0,0,0,0,0,1
11,5,0,0,0,0,0,0,0,0,1
-3,3,0,0,0,0,0,0,0,1,1
7,-12,0,0,0,0,0,0,1,0,0
-14,6,0,0,0,0,0,1,0,0,2
8,4,0,0,0,0,0,0,1,0,1
-7,-5,0,0,0,0,0,0,0,0,0
4,8,0,0,0,0,1,0,0,0,1
-10,2,0,0,0,1,0,0,0,1,1
1,-11,0,0,0,0,0,0,0,0,0
-3,15,1,0,0,0,1,0,0,0,1
-5,-3,0,0,0,0,0,0,0,0,0
-10,3,0,0,0,0,0,0,0,0,1
18,6,0,0,1,0,0,0,0,0,1
0,-3,0,0,0,1,0,0,0,0,0
15,-3,0,0,0,0,0,0,0,0,0
-21,-10,0,0,0,1,1,0,1,0,1
0,14,1,0,0,0,0,0,0,0,1
-11,7,0,0,0,0,0,0,0,0,1
0,-2,0,0,0,0,0,0,0,0,0
4,5,0,0,0,0,0,0,0,0,1
0,-12,0,0,0,0,0,0,0,0,0
-6,8,0,0,0,0,0,1,0,0,2
-6,10,0,0,0,0,0,1,0,0,2
-5,-8,0,0,0,0,0,0,0,1,0
0,-3,0,0,0,0,0,0,0,0,0
-3,-3,0,0,0,0,0,0,0,1,0
-7,7,0,0,0,0,0,0,0,0,1
-1,0,0,0,0,0,0,1,0,0,2
6,5,0,0,0,0,0,0,0,0,1
14,9,0,0,0,0,0,0,0,0,1
16,-7,0,0,0,0,0,0,0,0,0
14,13,0,0,0,0,0,0,0,0,1
-7,0,0,0,0,0,0,0,0,1,2
9,-2,0,1,0,0,0,0,0,0,0
10,-6,0,0,0,0,0,0,0,0,0
0,16,1,0,0,0,0,0,0,0,1
22,11,0,0,0,0,0,0,0,0,1
8,11,0,0,0,0,0,0,1,0,1
-8,-3,0,0,0,0,0,0,0,0,0
7,9,1,0,0,0,1,0,1,1,1
-3,-3,0,0,0,0,0,0,0,0,0
5,-4,0,0,0,0,0,0,0,0,0
-9,-3,0,0,0,0,0,0,0,0,0
-16,11,0,0,0,0,0,0,0,0,1
-23,7,0,0,0,0,0,0,0,0,1
9,-4,0,0,0,0,0,0,0,0,0
-6,4,0,0,0,0,0,0,0,0,1
13,-17,0,1,1,0,0,0,0,0,0
15,-6,0,1,0,0,0,0,0,1,0
7,6,0,0,0,0,0,0,0,0,1
5,-4,0,0,0,0,0,0,0,0,0
-28,7,0,0,0,1,0,0,0,0,1
4,-4,0,0,0,0,0,1,0,0,0
5,14,0,0,0,0,0,0,0,0,1
11,6,0,0,0,0,0,0,0,0,1
-20,0,0,0,0,0,0,0,0,0,2
-19,-2,0,1,0,0,0,0,0,0,0
-12,6,1,0,0,0,0,0,1,0,1
20,12,0,0,1,0,0,0,0,0,1
5,0,0,0,0,0,0,0,0,0,3
-13,2,0,0,0,0,0,0,0,0,1
16,-2,0,0,0,0,0,1,0,0,0
-9,7,0,0,0,0,0,0,0,0,1
-3,1,0,0,0,0,1,0,0,0,1
1,10,0,0,0,0,1,0,0,0,1
-2,-1,0,0,0,0,0,0,0,1,0
-2,9,0,0,0,0,1,0,0,0,1
15,-10,0,0,0,0,0,0,0,0,0
-3,0,1,0,0,0,0,0,0,0,2
14,-7,0,0,1,0,0,0,0,0,0
-10,7,0,0,0,0,0,0,0,0,1
2,-1,0,0,0,0,0,0,0,0,0
-18,-10,0,1,0,0,0,0,0,0,0
-13,-6,0,0,0,1,0,0,0,0,0
-14,-4,0,0,0,0,0,0,0,0,0
-7,-9,0,0,0,0,0,0,1,0,0
-1,14,0,0,1,0,0,0,0,0,1
-4,3,1,0,0,0,0,0,0,0,1
-8,-9,0,0,0,0,0,0,1,0,0
2,10,0,0,0,0,0,0,0,0,1
8,2,0,0,0,0,0,1,0,0,3
-20,6,0,0,0,0,0,0,0,0,1
0,-2,0,0,0,0,0,0,0,0,0
6,0,0,0,0,0,0,0,1,0,3
14,4,0,0,1,0,0,0,0,0,1
-9,13,0,0,0,0,0,0,0,0,1
14,1,0,0,0,0,0,0,1,1,1
-8,13,1,0,0,1,0,0,0,0,1
-1,-6,0,0,0,0,1,0,1,0,1
-11,0,0,0,0,0,0,0,0,0,2
13,-6,0,0,0,0,0,0,0,0,0
-14,-3,0,0,0,1,0,0,0,1,0
-6,-9,0,0,0,0,0,0,0,0,0
-15,-12,0,0,0,0,0,0,1,0,0
-9,4,0,0,0,0,0,0,0,0,1
11,2,0,0,0,0,0,1,1,0,3
-17,6,0,0,0,0,1,0,0,0,1
-3,6,0,0,0,0,0,0,0,0,1
-22,8,1,0,0,0,0,1,0,0,2
10,-1,0,0,0,0,0,0,0,0,0
12,-3,0,0,0,0,0,1,0,0,0
-16,3,0,0,0,0,0,0,0,0,1
22,5,0,0,0,0,1,0,0,0,1
-18,-5,0,0,0,0,0,0,0,0,0
-9,3,0,0,0,0,0,0,0,0,1
26,6,0,0,1,0,0,0,0,0,1
9,14,1,0,0,0,0,1,0,0,3
4,2,0,0,0,0,0,0,0,0,1
8,-2,0,1,0,0,0,0,0,0,0
0,16,0,0,0,0,0,0,0,0,1
14,7,0,0,0,0,0,0,0,0,1
-23,-2,0,0,0,0,0,0,0,0,0
-10,-9,0,0,0,0,0,0,0,0,0
1,10,0,0,0,0,0,0,0,0,1
10,-5,0,0,0,0,0,0,0,0,0
-11,-1,0,0,0,0,0,0,0,0,0
-13,-11,0,1,0,0,0,0,0,0,0
3,9,0,0,0,0,0,0,0,0,1
-11,-3,0,1,0,0,0,0,0,0,0
-5,-10,0,0,0,0,0,0,0,0,0
-23,-4,0,0,0,0,0,0,1,0,0
8,-14,0,0,0,0,0,0,0,0,0
-1,-1,0,0,0,0,0,0,0,0,0
-2,-6,0,1,0,0,0,0,0,0,0
12,-1,0,0,0,0,0,0,0,0,0
1,5,0,0,0,0,0,0,0,0,1
5,-2,0,0,0,0,1,0,0,0,3
9,15,0,0,0,0,0,0,1,0,1
-12,12,0,0,0,0,0,0,0,0,1
-1,13,0,0,0,0,0,0,0,0,1
-1,16,0,0,0,0,0,0,0,0,1
-5,12,0,0,0,0,0,1,0,0,2
-12,2,0,0,0,0,0,0,0,0,1
11,3,0,0,0,0,0,0,0,1,1
-4,-4,0,0,0,0,1,0,0,0,2
9,-11,0,0,1,0,0,0,0,0,0
-16,-5,0,0,0,0,0,0,0,0,0
21,7,0,0,0,0,0,0,0,0,1
17,2,0,0,0,0,0,0,0,0,1
-4,0,0,0,0,0,0,0,0,0,2
3,0,0,0,0,0,0,0,0,0,3
1,-13,0,0,0,0,0,1,0,0,0
-5,-5,0,0,0,0,1,0,0,1,2
-14,14,0,0,0,0,0,0,0,0,1
-12,-7,0,0,0,0,0,0,0,0,0
16,2,0,0,0,0,0,0,0,0,1
-21,-7,0,0,0,0,0,0,0,0,0
-8,4,0,0,0,0,0,0,1,0,1
18,0,0,0,1,0,0,0,0,0,3
-13,-11,0,0,0,0,0,0,0,0,0
-17,-4,0,0,0,0,0,0,0,0,0
-17,2,0,0,0,1,1,1,0,0,2
-1,-4,0,0,0,0,0,0,0,0,0
18,0,0,0,0,0,1,0,0,0,3
17,7,0,0,0,0,0,0,0,1,1
16,2,0,0,0,0,0,0,0,0,1
-17,-1,0,0,0,0,0,0,0,0,0
15,-4,0,0,0,0,0,0,0,0,0
-4,7,0,0,0,0,0,0,0,0,1
17,2,0,0,1,0,0,0,0,0,1
-22,11,0,0,0,0,0,1,0,0,2
1,-11,0,0,0,0,0,0,1,0,0
-1,2,1,0,0,0,1,0,0,0,1
14,-9,0,1,0,0,0,0,1,0,0
13,5,0,0,0,0,0,1,1,0,3
18,0,0,0,0,0,1,0,0,0,3
-3,-13,0,0,0,0,0,0,0,0,0
-5,-11,0,0,0,0,0,0,1,0,0
9,11,0,0,0,0,0,0,0,0,1
-20,2,0,0,0,0,0,0,0,0,1
-2,9,0,0,0,0,0,0,0,0,1
-5,6,1,0,0,0,0,0,0,0,1
-4,-6,0,0,0,0,0,0,0,0,0
-1,-8,0,0,0,0,0,0,0,0,0
-4,2,0,0,0,0,0,1,0,0,2
-17,12,0,0,0,0,0,0,1,0,1
-2,6,0,0,0,0,0,0,0,0,1
12,7,0,0,0,0,0,0,1,0,1
-6,-14,0,0,0,0,0,1,0,0,0
13,-2,0,0,0,0,0,0,0,0,0
-2,7,0,0,0,0,0,0,0,0,1
2,6,0,0,0,0,1,0,0,0,1
-7,-5,0,1,0,0,0,0,0,0,0
-20,9,0,0,0,0,1,0,0,0,1
18,-14,0,0,0,0,0,0,0,0,0
-4,5,0,0,0,0,0,1,0,0,2
23,-14,0,0,1,0,0,0,0,0,0
-7,8,0,0,0,0,0,0,0,0,1
-9,1,0,0,0,0,0,0,0,0,1
13,-12,0,0,0,0,0,0,0,0,0
2,11,0,0,0,0,0,0,1,0,1
-24,-1,0,0,0,1,0,0,0,0,0
-19,5,0,0,0,0,1,0,1,0,1
-5,3,1,0,0,0,0,0,1,0,1
-18,17,1,0,0,0,0,0,0,0,1
-16,10,0,0,0,0,1,0,0,0,1
10,-13,0,0,0,0,0,0,0,0,0
-13,5,0,0,0,0,0,0,0,0,1
7,-2,0,0,0,0,0,0,0,1,0
0,2,0,0,0,0,0,0,0,0,1
-2,2,0,0,0,0,0,1,1,0,0
-3,3,0,0,0,0,0,1,0,1,2
4,3,0,0,0,0,0,0,0,0,1
-27,8,0,0,0,0,0,0,0,0,1
-15,5,0,0,0,0,1,0,0,0,1
15,4,0,0,0,0,0,0,1,1,1
1,-4,0,0,0,0,0,0,0,1,0
2,-9,0,0,0,0,0,0,0,0,0
-1,11,0,0,0,0,0,0,0,0,1
-21,4,0,0,0,1,0,1,0,0,2
-5,3,0,0,0,0,0,1,0,0,2
28,-7,0,0,1,0,0,0,0,0,0
1,-1,0,0,0,0,0,0,0,0,0
-2,-2,0,0,0,1,0,0,0,0,0
-18,-2,0,0,0,0,0,0,0,0,0
-8,1,0,0,0,0,0,0,0,0,1
24,-10,0,0,0,0,0,0,0,0,0
-22,-2,0,0,0,0,0,0,1,0,0
15,0,0,0,1,0,0,0,0,0,3
-3,10,0,0,0,0,0,0,1,0,1
-14,-4,0,0,0,1,1,0,0,0,2
13,-8,0,0,0,0,0,0,0,0,0
24,-2,0,0,0,0,0,0,1,1,0
-12,-11,0,0,0,0,0,0,0,0,0
9,9,0,0,0,0,0,0,0,0,1
-5,4,0,0,0,0,0,0,1,0,1
10,-7,0,0,1,0,0,0,0,0,0
23,14,0,0,0,0,0,0,0,1,1
-8,17,0,0,0,0,0,0,0,0,1
-3,-7,0,0,0,0,0,0,0,1,0
-7,1,0,0,0,0,0,1,0,0,2
10,-4,0,1,0,0,0,0,0,0,0
8,12,0,0,0,0,0,0,0,0,1
5,4,0,0,0,0,0,0,0,0,1
-17,0,0,1,0,0,0,0,0,0,2
0,4,0,0,0,0,0,0,0,0,1
0,16,0,0,0,0,0,0,1,0,1
-1,-7,0,0,0,0,0,0,0,0,0
6,0,0,0,0,0,0,0,0,1,0
-28,-10,0,0,0,1,0,0,0,0,0
-10,-12,0,0,0,0,0,0,0,0,0
-3,-4,0,0,0,0,0,0,0,0,0
28,3,0,0,1,0,0,0,0,0,1
7,-1,0,0,0,0,0,0,0,0,0
19,4,0,0,0,0,1,0,0,0,1
15,8,0,0,0,0,0,0,0,0,1
-17,12,0,0,0,0,0,0,0,0,1
0,-8,0,1,0,0,0,0,0,0,0
8,-1,0,0,0,0,0,0,1,0,0
-3,-15,0,1,0,0,0,0,0,1,0
19,3,0,0,0,0,0,0,0,0,1
8,-7,0,0,0,0,1,0,1,0,3
-2,3,0,0,0,0,0,0,1,0,1
-7,6,0,0,0,0,0,1,0,0,2
0,-4,0,1,0,0,0,0,0,0,0
-23,14,0,0,0,0,0,0,0,1,1
-1,-2,0,0,0,0,1,0,1,0,1
10,-9,0,0,0,0,0,0,0,0,0
1,4,0,0,0,0,0,0,0,1,1
8,-10,0,0,0,0,0,0,0,1,0
-12,13,0,0,0,0,0,0,0,0,1
6,4,0,0,0,0,0,0,0,0,1
4,-18,0,1,0,0,0,0,0,0,0
0,-13,0,0,0,0,0,0,1,1,0
1,8,0,0,0,0,0,0,0,0,1
-3,15,0,0,0,0,0,0,0,0,1
1,7,0,0,0,0,0,0,1,0,1
-4,-1,0,0,0,0,0,1,0,0,0
-5,-3,0,0,0,0,0,1,0,0,0
26,8,0,0,0,0,0,0,0,0,1
-1,-9,0,0,0,0,0,0,0,0,0
0,-5,0,0,0,0,0,0,1,0,0
19,7,0,0,0,0,0,0,0,0,1
10,-5,0,0,0,0,0,0,0,0,0
6,-8,0,0,1,0,0,1,0,0,0
-5,1,0,0,0,0,0,0,0,0,1
5,-6,0,0,0,0,0,0,0,0,0
-10,4,0,0,0,0,0,0,1,0,1
8,9,0,0,0,0,0,0,0,0,1
-17,-2,0,0,0,0,0,0,0,0,0
5,1,0,0,0,0,0,0,1,0,1
-3,0,0,0,0,0,0,0,0,0,2
0,6,0,0,0,0,1,1,1,0,3
-4,-2,0,0,0,0,0,0,1,0,0
-8,7,0,0,0,0,0,0,0,0,1
7,-14,0,0,0,0,0,0,0,0,0
3,-9,0,0,0,0,0,0,0,0,0
8,0,0,0,0,0,0,0,0,0,3
2,0,0,0,0,0,0,0,0,0,3
-18,13,0,0,0,0,1,0,0,0,1
-13,6,0,0,0,0,0,1,0,0,2
5,6,0,0,0,0,0,0,0,0,1
20,10,0,0,0,0,0,0,0,0,1
-8,-5,0,0,0,0,0,1,0,0,0
-20,7,0,0,0,1,0,0,0,0,1
-15,6,0,0,0,0,0,0,0,0,1
-1,4,0,0,0,0,0,0,0,0,1
3,0,0,0,0,0,0,0,0,0,3
8,8,0,0,1,0,0,0,0,0,1
-17,8,0,0,0,0,0,0,0,0,1
0,0,1,0,0,0,0,0,0,0,1
-22,-1,0,1,0,0,0,0,0,0,0
-11,-10,0,0,0,0,0,0,0,0,0
-9,-5,0,0,0,0,1,1,0,0,2
3,8,0,0,1,0,0,0,0,1,1
-7,1,0,0,0,0,0,0,0,0,1
19,6,0,0,0,0,1,0,0,0,1
-1,3,0,0,0,0,0,0,0,0,1
-4,4,0,0,0,0,0,0,0,0,1
-2,7,0,0,0,0,0,0,0,0,1
-15,1,0,0,0,0,1,0,1,0,1
-8,4,0,0,0,0,0,0,0,0,1
-22,-11,0,0,0,0,0,0,0,0,0
10,-12,0,0,0,0,0,0,0,0,0
16,5,0,0,0,0,0,0,0,0,1
17,-1,0,1,0,0,0,0,0,0,0
13,-11,0,0,0,0,0,0,0,0,0
11,4,0,0,0,0,0,0,0,0,1
-11,-3,0,0,0,0,0,0,0,1,0
0,2,0,0,0,0,0,1,0,0,0
-11,8,0,0,0,0,0,0,0,0,1
-13,-6,0,1,0,0,0,1,0,0,0
-4,-2,0,0,0,0,0,0,1,0,0
-3,-9,0,0,0,0,0,0,0,0,0
-1,1,0,0,0,0,0,0,0,0,1
8,1,0,0,0,0,0,0,0,0,1
19,6,0,0,0,0,0,0,0,0,1
5,-10,0,1,1,0,0,0,0,0,0
5,3,0,0,1,0,0,1,0,0,3
5,-3,0,0,0,0,1,0,0,0,3
-12,5,0,0,0,0,0,1,0,0,2
13,-5,0,0,0,0,0,0,0,0,0
-8,8,0,0,0,0,0,0,0,0,1
0,-11,0,0,1,0,0,0,0,1,0
-12,-4,0,0,0,1,0,0,0,0,0
3,-8,0,0,0,0,0,0,0,0,0
-4,14,0,0,0,0,0,0,0,0,1
22,-6,0,0,1,0,0,0,0,0,0
-7,-3,0,0,0,0,0,0,0,1,0
-3,-1,0,0,0,0,0,0,0,0,0
-11,-5,0,0,0,0,0,0,0,0,0
-9,17,1,0,0,0,0,0,0,0,1
-7,8,0,0,0,0,0,0,0,0,1
-21,2,0,0,0,0,0,0,0,0,1
11,1,0,0,0,0,0,0,0,0,1
-13,9,0,0,0,0,0,0,0,0,1
-11,-3,0,0,0,0,1,0,0,0,2
-2,-15,0,1,0,0,0,0,0,0,0
22,9,0,0,0,0,0,0,0,0,1
11,7,0,0,0,0,0,0,0,0,1
-2,0,0,0,0,0,0,0,0,0,2
16,-4,0,0,0,0,0,0,0,0,0
-17,17,0,0,0,0,0,1,0,1,2
6,13,0,0,0,0,0,0,0,0,1
3,-1,0,0,0,0,1,0,0,0,3
-4,-2,0,0,0,0,0,1,0,1,0
2,4,0,0,0,0,0,0,0,0,1
3,3,0,0,0,0,0,0,0,0,1
13,6,0,0,0,0,0,0,0,0,1
3,-1,0,0,0,0,1,0,0,0,3
3,-13,0,0,0,0,1,0,0,0,3
8,4,0,0,0,0,0,0,0,0,1
-23,1,0,0,0,0,1,0,0,0,1
-17,11,0,0,0,0,0,0,0,0,1
14,-1,0,0,0,0,0,0,0,1,0
-20,13,0,0,0,0,0,0,0,1,1
-4,3,0,0,0,0,0,0,0,1,1
-14,10,0,0,0,1,0,0,0,0,1
3,-3,0,0,0,0,0,0,0,0,0
-20,-2,0,0,0,0,0,1,0,0,0
18,-1,0,0,0,0,1,0,0,0,3
7,3,1,0,0,0,0,0,0,0,1
-5,1,0,0,0,1,0,0,0,0,1
14,-4,0,0,0,0,0,1,0,0,0
2,-2,0,0,0,0,0,0,0,0,0
-13,10,0,0,0,0,0,0,0,0,1
3,1,0,0,0,0,0,0,0,0,1
-19,4,0,0,0,1,0,0,0,0,1
-6,-5,0,0,0,0,0,0,0,0,0
-4,1,1,0,0,0,0,1,0,0,2
-20,-3,0,0,0,0,0,1,0,0,0
5,10,0,0,0,0,0,1,1,0,3
0,7,0,0,0,0,0,0,0,0,1
-3,12,1,0,0,0,0,0,0,0,1
9,-6,0,0,0,0,0,0,0,0,0
-1,-8,0,0,1,0,0,0,0,0,0
6,-16,0,0,0,0,0,0,0,0,0
-2,4,0,0,0,0,0,0,0,0,1
-5,-7,0,0,0,0,0,0,0,0,0
-9,-5,0,0,0,0,0,0,0,0,0
-13,-4,0,0,0,0,0,0,0,0,0
22,3,0,0,0,0,0,0,0,0,1
-13,-7,0,0,0,0,0,0,0,0,0
-6,-11,0,0,0,0,0,0,0,0,0
-18,3,0,0,0,1,1,1,0,0,2
0,11,1,0,0,0,0,0,0,0,1
-12,-3,0,0,0,0,0,0,0,0,0
-13,5,0,0,0,0,0,0,0,0,1
14,13,0,0,0,0,0,0,0,0,1
0,3,0,0,0,0,0,0,0,1,1
-5,-11,0,0,0,0,0,0,0,0,0
-16,9,1,0,0,0,0,1,0,0,2
-1,-6,0,0,0,1,0,0,0,0,0
-4,-4,0,0,0,0,0,0,0,0,0
11,-3,0,0,0,0,0,0,0,0,0
-19,-4,0,0,0,0,1,0,0,0,2
-9,-5,0,0,0,0,1,0,0,0,2
-1,-11,0,0,0,0,0,0,0,0,0
3,1,0,0,0,0,0,0,0,0,1
0,-2,0,0,0,0,1,0,0,0,1
5,0,1,0,0,0,0,0,0,0,3
8,11,0,0,0,0,0,0,0,0,1
7,-6,0,0,0,0,0,0,0,0,0
7,-11,0,0,0,0,0,0,0,0,0
-17,-8,0,0,0,0,0,0,0,0,0
1,-2,0,0,0,0,0,0,0,0,0
0,10,0,0,0,0,0,0,0,0,1
-1,7,0,0,0,0,0,0,0,0,1
6,-12,0,1,0,0,0,0,0,0,0
-13,-11,0,0,0,0,1,0,0,0,2
-1,5,0,0,0,0,0,0,0,0,1
-3,9,0,0,0,0,0,1,0,0,2
4,2,0,0,0,0,0,0,0,0,1
9,15,0,0,0,0,0,0,0,0,1
7,12,0,0,0,0,0,0,0,0,1
0,4,0,0,0,0,0,0,0,0,1
-4,-14,0,0,0,0,0,0,0,0,0
-19,-3,0,0,0,0,0,0,1,1,0
-7,-6,0,0,0,0,0,1,0,0,0
8,11,0,0,0,0,0,0,0,0,1
4,-15,0,0,0,0,0,1,0,0,0
-16,5,0,0,0,0,0,1,0,0,2
-20,-4,0,0,0,0,0,0,0,0,0
7,4,1,0,1,0,0,0,0,0,1
-2,6,0,0,0,0,0,0,0,1,1
-15,8,0,0,0,0,0,0,0,1,1
-8,-9,0,0,0,0,0,1,0,0,0
-1,-4,0,0,0,0,0,0,0,0,0
7,-9,0,0,0,0,0,1,0,0,0
2,-2,0,0,0,0,0,0,1,0,0
-3,-4,0,0,0,0,1,0,0,0,2
-14,-10,0,0,0,0,0,1,0,1,0
10,11,1,0,0,0,1,0,0,0,1
-2,10,0,0,0,0,0,0,0,0,1
2,-1,1,0,0,0,0,0,0,0,3
20,13,0,0,0,0,0,0,0,1,1
0,14,0,0,0,0,0,0,0,0,1
24,-4,0,0,0,0,1,1,0,0,3
-13,-6,0,0,0,0,0,0,0,0,0
8,-6,0,0,0,0,1,0,0,0,3
11,11,0,0,0,0,0,0,0,0,1
-10,-3,0,0,0,0,0,0,1,0,0
16,8,0,0,0,0,0,0,0,0,1
-15,-7,0,0,0,0,0,1,0,0,0
-8,7,0,0,0,0,0,0,0,0,1
7,-11,0,0,0,0,0,0,0,1,0
-10,18,1,0,0,0,0,0,0,0,1
14,3,0,0,0,0,0,1,0,0,3
15,7,0,0,0,0,0,0,0,0,1
3,-1,0,0,0,0,0,0,0,1,0
6,-7,0,0,0,0,0,0,0,0,0
15,-14,0,0,0,0,0,0,0,0,0
-15,7,0,0,0,0,0,0,0,1,1
9,2,0,0,0,0,0,0,0,0,1
21,-4,0,0,0,0,0,0,0,0,0
-2,-2,0,0,0,0,0,0,0,0,0
-16,7,0,0,0,0,0,0,0,0,1
23,2,0,0,0,0,0,0,0,0,1
16,-2,0,0,0,0,0,0,0,0,0
-17,-9,0,0,0,0,0,0,1,0,0
-6,-8,0,0,0,0,0,0,0,0,0
-14,-4,0,0,0,0,0,1,1,0,0
11,6,0,0,0,0,0,0,0,0,1
12,-10,0,1,0,0,0,0,0,0,0
2,-7,0,0,0,0,0,0,0,0,0
-17,-3,0,0,0,0,0,0,0,0,0
24,-10,0,0,0,0,0,0,0,0,0
9,-14,0,0,0,0,0,0,0,0,0
-3,1,0,0,0,0,0,0,1,0,1
1,7,0,0,0,0,0,0,0,0,1
-10,3,0,0,0,0,0,0,0,0,1
-10,-8,0,1,0,0,0,0,0,0,0
-6,-2,0,0,0,0,0,0,0,0,0
-13,-12,0,0,0,0,0,0,0,1,0
-20,9,0,0,0,0,0,0,0,1,1
0,-10,0,0,0,0,0,0,0,0,0
2,2,0,0,0,0,0,0,1,0,1
-24,-11,0,0,0,0,0,0,0,0,0
1,-9,0,0,0,0,0,0,0,0,0
-2,3,0,0,0,0,0,0,0,0,1
-16,11,0,0,0,0,0,0,0,0,1
4,-1,1,0,0,0,0,0,0,0,3
-3,12,0,0,0,0,0,0,0,0,1
-7,-16,0,1,0,0,0,0,0,0,0
18,-4,0,0,0,0,0,0,0,0,0
9,-15,0,0,0,0,0,0,0,0,0
-12,2,0,0,0,0,0,0,0,0,1
-8,-4,0,0,0,0,0,0,0,0,0
-9,-4,0,0,0,0,0,0,0,0,0
17,9,1,0,0,0,0,0,0,1,1
9,7,0,0,0,0,0,0,0,1,1
-24,7,0,0,0,0,0,1,0,0,2
16,-5,0,0,0,0,0,0,0,0,0
17,-1,0,0,0,0,0,0,0,0,0
0,10,0,0,0,0,0,0,0,0,1
-7,-16,0,1,0,0,0,0,0,0,0
1,12,0,0,1,0,0,0,0,0,1
-3,3,0,0,0,0,0,0,0,1,1
-24,-2,0,0,0,0,0,0,0,0,0
-9,2,1,0,0,0,0,0,0,0,1
7,-9,0,0,0,0,0,0,0,0,0
10,16,0,0,0,0,0,0,1,0,1
11,-10,0,0,1,0,0,0,0,0,0
9,-6,0,1,0,0,0,1,0,1,0
-5,14,0,0,0,0,0,0,1,0,1
5,7,0,0,0,0,0,1,0,0,3
17,-4,0,0,0,0,0,0,1,0,0
-1,6,1,0,0,0,0,0,0,0,1
12,-11,0,0,0,0,0,0,0,0,0
4,8,0,0,0,0,0,0,0,0,1
-19,7,0,0,0,0,0,0,0,0,1
1,11,0,0,0,0,0,0,0,0,1
7,5,0,0,0,0,0,0,0,0,1
16,-3,0,0,0,0,0,0,0,0,0
9,4,0,0,0,0,0,0,0,0,1
8,6,0,0,0,0,0,1,0,0,3
9,4,0,0,0,0,0,0,0,0,1
16,-8,0,0,0,0,1,0,0,0,3
-10,-3,0,0,0,0,0,0,0,1,0
-12,-11,0,0,0,0,0,0,0,0,0
-14,3,0,0,0,0,0,0,0,0,1
-8,9,0,0,0,1,0,0,0,0,1
-6,7,0,0,0,0,0,0,0,1,1
12,-10,0,0,0,0,0,0,1,0,0
-4,3,0,0,0,0,0,0,0,0,1
14,5,1,0,0,0,1,0,0,0,1
-4,0,0,0,0,0,0,0,0,0,2
-10,1,0,0,0,0,1,0,0,0,1
-1,2,0,0,0,0,0,1,0,0,2
6,-14,0,0,0,0,1,0,0,0,3
12,0,1,0,0,0,1,0,0,0,3
3,-7,0,0,0,0,0,0,0,1,0
18,3,0,0,0,0,0,0,0,0,1
-15,2,0,0,0,0,0,0,0,0,1
5,0,0,0,0,0,0,0,0,0,3
0,6,0,0,0,0,0,0,1,0,1
11,-2,0,1,1,0,0,0,0,0,0
12,-12,0,0,0,0,0,0,0,0,0
21,-7,0,0,0,0,0,0,0,0,0
-1,9,1,0,0,0,0,0,0,0,1
14,13,0,0,0,0,0,0,0,0,1
11,-2,0,0,0,0,0,0,1,0,0
12,9,0,0,0,0,0,0,0,0,1
-7,12,0,0,0,0,0,0,0,0,1
-6,4,0,0,0,0,0,0,0,0,1
22,-4,0,0,0,0,0,0,0,0,0
0,5,1,0,0,0,0,0,0,0,1
-2,-2,0,0,0,0,0,0,0,0,0
5,2,0,0,0,0,0,0,0,0,1
5,5,0,0,0,0,0,0,0,0,1
-4,-10,0,0,0,0,0,1,1,0,0
-8,-10,0,0,0,0,0,0,0,0,0
3,7,0,0,0,0,0,0,0,0,1
-1,13,0,0,0,0,0,0,0,0,1
-18,-5,0,0,0,0,0,0,0,0,0
7,7,0,0,0,0,0,0,0,0,1
7,-14,0,0,1,0,0,0,0,0,0
1,10,0,0,0,0,1,0,0,0,1
6,-3,0,0,0,0,0,0,0,0,0
3,-7,0,0,0,0,0,0,0,0,0
-8,9,0,0,0,0,0,1,0,0,2
-6,-6,0,0,0,0,0,0,0,0,0
1,-4,0,0,0,0,0,0,0,0,0
-16,5,1,0,0,1,0,0,0,0,1
-5,-13,0,0,0,0,0,0,0,1,0
-3,5,0,0,0,1,0,0,0,0,1
-2,7,0,0,0,0,0,0,0,0,1
14,6,0,0,0,0,0,0,0,0,1
10,3,0,0,0,0,0,0,0,0,1
-2,4,0,0,0,0,0,0,0,0,1
15,-7,0,0,0,0,1,0,0,0,3
7,11,0,0,1,0,1,0,0,0,1
6,-8,0,0,0,0,0,0,0,0,0
-4,-12,0,0,0,0,1,1,0,0,2
0,0,0,0,0,0,0,0,0,0,0
-7,-7,0,0,0,0,0,0,0,0,0
-6,-4,0,0,0,0,0,0,0,0,0
12,-1,0,0,0,0,0,0,0,0,0
-9,10,1,0,0,0,1,0,0,0,1
5,12,0,0,0,0,0,0,0,0,1
5,3,0,0,0,0,0,0,1,0,1
8,2,0,0,0,0,0,1,0,0,3
14,0,0,0,1,0,0,0,0,1,0
-13,-10,0,0,0,1,1,0,0,0,2
11,0,0,0,0,0,0,0,0,1,0
9,3,0,0,0,0,0,0,0,1,1
-3,9,0,0,0,0,0,0,0,0,1
-6,-11,0,0,0,0,0,0,0,0,0
-2,1,0,0,0,0,0,0,0,0,1
17,2,0,0,0,0,0,0,0,1,1
-12,4,1,0,0,0,0,0,0,0,1
0,2,0,0,0,0,0,0,0,0,1
-5,-12,0,0,0,0,0,1,0,0,0
8,2,0,0,0,0,0,0,1,0,1
-10,-12,0,0,0,0,0,0,0,0,0
-15,-10,0,0,0,0,0,0,0,0,0
1,-7,0,0,0,0,0,0,0,0,0
-5,0,0,0,0,0,0,0,0,0,2
-4,12,0,0,0,0,0,0,0,0,1
-10,-3,0,0,0,0,0,0,1,0,0
-11,-12,0,0,0,0,0,1,0,0,0
-14,-8,0,0,0,0,0,1,0,0,0
0,11,0,0,0,0,1,0,0,1,1
-9,-17,0,1,0,0,0,0,0,0,0
2,6,0,0,0,0,1,0,0,0,1
-1,7,1,0,0,0,0,1,0,0,2
3,-8,0,0,0,0,0,0,1,0,0
11,6,0,0,0,0,0,0,0,0,1
20,-12,0,0,0,0,0,0,0,0,0
0,-5,0,0,0,0,0,0,0,0,0
3,-5,0,0,0,0,1,0,0,0,3
22,-1,0,0,1,0,0,1,0,1,0
-13,0,0,0,0,0,0,0,0,0,2
-6,-9,0,0,0,0,0,0,0,0,0
-11,8,0,0,0,0,0,0,0,0,1
-1,-6,0,0,0,0,1,0,0,0,2
-6,4,0,0,0,0,1,0,0,1,1
-14,13,0,0,0,0,0,0,0,0,1
-2,10,0,0,0,0,0,0,0,0,1
21,-3,0,0,0,0,0,1,0,0,0
5,5,0,0,0,0,0,1,0,0,3
-18,0,0,0,0,0,0,0,0,0,2
23,3,0,0,0,0,1,0,0,0,1
-3,12,0,0,0,0,0,0,0,0,1
7,-10,0,0,0,0,0,0,0,0,0
21,-12,0,0,1,0,0,0,0,0,0
10,-1,0,0,1,0,0,0,0,0,0
7,-1,0,0,0,0,0,0,0,0,0
-12,10,0,0,0,0,0,0,0,0,1
-10,-2,0,0,0,0,0,0,0,1,0
-16,10,0,0,0,0,1,0,0,0,1
15,-11,0,0,0,0,0,0,0,0,0
15,7,0,0,0,0,0,0,0,0,1
-1,-11,0,0,0,0,0,0,0,0,0
10,-11,0,0,0,0,0,0,0,0,0
16,12,1,0,1,0,0,0,0,0,1
2,-3,0,0,0,0,0,1,0,0,0
-17,4,0,0,0,0,0,0,1,0,1
13,3,0,0,0,0,1,1,0,0,3
-9,5,0,0,0,0,0,1,0,0,2
11,-9,0,0,0,0,0,0,0,0,0
-14,3,0,0,0,0,0,0,0,0,1
-14,-1,1,0,0,0,1,0,0,0,2
0,8,0,0,0,0,0,0,0,0,1
9,-16,0,0,0,0,0,0,0,1,0
2,-1,0,0,0,0,0,0,1,0,0
5,-9,0,0,0,0,0,0,0,0,0
8,3,0,0,0,0,1,0,0,0,1
-2,-1,0,0,0,0,0,0,0,0,0
6,13,0,0,0,0,0,1,0,0,3
-20,5,0,0,0,1,0,0,1,0,1
10,1,0,0,0,0,1,0,0,0,1
6,-4,0,0,0,0,0,0,0,0,0
-23,-13,0,0,0,0,0,0,0,0,0
17,13,0,0,0,0,0,0,0,0,1
-18,4,0,0,0,0,0,0,0,0,1
8,5,0,0,0,0,0,0,0,0,1
-14,13,0,0,0,0,0,0,0,0,1
16,5,0,0,0,0,0,0,0,0,1
-3,7,0,0,0,0,0,1,0,0,2
-2,-9,0,0,0,0,0,0,0,0,0
5,5,0,0,0,0,0,1,0,0,3
17,3,0,0,0,0,0,0,1,0,1
10,-9,0,0,0,0,0,0,0,0,0
6,3,0,0,0,0,0,0,0,0,1
-5,3,0,0,0,0,0,1,0,0,2
-3,9,1,0,0,1,0,0,0,1,1
-13,9,0,0,0,0,0,0,0,0,1
-14,5,1,0,0,0,0,0,0,1,1
-24,-15,0,0,0,0,0,1,1,0,0
-11,-1,0,0,0,0,1,1,0,0,2
-3,-17,0,1,0,0,1,0,0,0,2
12,3,0,0,0,0,0,1,0,0,3
20,9,0,0,0,0,0,1,0,0,3
-10,0,0,0,0,0,0,0,0,0,2
-7,-14,0,0,0,0,0,0,0,0,0
13,0,0,0,0,0,0,0,0,0,3
-6,8,0,0,0,0,0,0,1,0,1
12,-2,0,0,0,0,0,0,0,0,0
-14,1,0,1,0,0,0,0,0,0,2
-17,-6,0,0,0,0,0,0,0,0,0
13,9,0,0,0,0,0,0,0,0,1
-12,0,0,0,0,0,0,0,0,0,2
-25,-5,0,0,0,1,0,0,0,0,0
2,-11,0,0,0,0,0,0,0,0,0
6,-10,0,0,0,0,0,0,0,1,0
15,10,0,0,1,0,0,0,0,0,1
-13,2,0,0,0,0,0,0,0,0,1
-15,0,1,0,0,0,0,0,0,0,2
-1,-9,0,0,0,0,0,0,0,1,0
-18,-1,0,0,0,1,0,0,0,0,0
-8,6,0,0,0,0,0,0,0,0,1
-11,-9,0,0,0,0,1,0,0,1,2
1,-6,0,0,0,0,0,0,0,0,0
2,5,0,0,0,0,1,0,0,0,1
-9,-6,0,0,0,0,1,0,0,0,2
14,0,0,0,0,0,1,0,0,0,3
-11,-12,0,0,0,0,0,0,0,0,0
-11,-6,0,0,0,0,0,0,0,0,0
3,14,0,0,0,0,0,0,0,0,1
3,-8,0,0,0,0,0,0,0,0,0
5,6,0,0,0,0,1,0,0,0,1
-1,-5,0,0,0,0,0,0,0,0,0
-18,0,0,0,0,1,0,0,0,0,2
-24,3,0,0,0,0,0,0,0,0,1
-7,0,0,0,0,0,0,0,0,0,2
-11,0,0,0,0,0,0,0,0,0,2
2,-3,0,0,0,0,0,0,0,0,0
-18,-8,0,0,0,0,1,0,0,0,2
15,-7,0,0,0,0,0,0,0,0,0
-8,-15,0,1,0,0,0,0,0,0,0
9,5,0,0,0,0,0,0,0,1,1
-6,-8,0,0,0,0,0,0,0,0,0
22,14,0,0,0,0,0,0,0,0,1
12,-8,0,0,0,0,0,0,0,0,0
-9,9,0,0,0,0,0,0,0,0,1
-15,4,1,0,0,0,0,0,0,0,1
17,9,0,0,0,0,0,0,0,1,1
-19,-2,0,0,0,0,0,0,0,0,0
2,2,0,0,0,0,0,0,0,1,1
-8,-2,0,0,0,0,0,0,1,0,0
-14,2,0,0,0,0,0,0,1,0,1
-5,18,1,0,0,0,0,0,0,0,1
-4,2,0,0,0,0,0,0,0,0,1
1,-8,0,0,0,0,0,0,1,0,0
20,-2,0,0,0,0,0,1,0,1,0
-10,0,0,0,0,0,0,0,0,0,2
-14,-8,0,0,0,0,0,0,0,0,0
15,3,0,0,0,0,0,0,0,0,1
-7,13,0,0,0,0,0,0,0,0,1
2,2,0,0,0,0,0,0,0,1,1
6,-13,0,1,0,0,0,0,0,0,0
12,4,1,0,0,0,0,0,0,0,1
-11,2,0,0,0,0,0,0,0,0,1
-17,3,0,0,0,0,0,0,1,0,1
-3,-9,0,0,0,0,0,0,0,0,0
-12,-10,0,0,0,0,0,0,0,0,0
-18,1,0,0,0,0,0,0,0,0,1
-14,-4,0,0,0,0,0,0,0,0,0
-21,4,0,0,0,0,0,0,0,0,1
-11,9,0,0,0,0,0,0,1,0,1
-14,6,0,0,0,0,0,0,1,0,1
9,4,0,0,0,0,0,0,0,0,1
0,-4,0,0,0,0,1,0,0,1,1
-26,7,0,0,0,0,0,0,0,0,1
10,-7,0,0,0,0,0,0,0,0,0
9,3,0,0,0,0,1,0,0,0,1
13,-3,0,0,0,0,0,1,0,0,0
-4,-10,0,0,0,0,0,0,0,0,0
-3,-16,0,0,0,0,0,0,0,0,0
-8,8,0,0,0,0,0,0,0,0,1
-8,-14,0,0,0,0,0,0,0,0,0
0,6,0,0,0,0,1,0,0,0,1
-9,11,0,0,0,0,0,0,0,1,1
7,5,0,0,0,0,0,0,0,0,1
0,10,0,0,0,0,0,0,0,0,1
-5,-4,0,0,0,0,0,0,0,0,0
-13,-1,0,0,0,0,0,0,1,0,0
-10,-4,0,0,0,0,0,0,0,0,0
16,4,0,0,0,0,0,0,1,0,1
-5,2,0,0,0,0,0,0,1,0,1
-2,-2,0,0,0,0,1,0,0,0,2
-11,7,1,0,0,0,0,0,0,0,1
0,2,0,0,0,0,1,0,0,0,1
-6,7,0,0,0,0,1,0,0,0,1
1,2,0,0,0,0,0,0,0,0,1
-4,-1,0,0,0,0,1,0,0,0,2
-2,11,1,0,0,0,0,0,0,0,1
-1,-15,0,0,0,0,0,0,0,0,0
-14,-1,0,0,0,0,0,0,1,0,0
13,8,0,0,0,0,0,0,0,0,1
-13,6,1,0,0,0,0,0,0,0,1
20,-9,0,0,0,0,0,0,0,0,0
-2,1,0,0,0,0,0,0,0,0,1
10,8,1,0,0,0,1,0,1,0,1
-20,-10,0,0,0,0,0,0,0,1,0
7,-6,0,0,0,0,0,0,0,0,0
-4,10,0,0,0,0,0,0,0,0,1
-3,-1,0,0,0,0,0,0,0,0,0
14,9,0,0,0,0,0,0,0,0,1
6,9,1,0,0,0,0,0,0,0,1
4,-2,0,0,1,0,0,0,0,0,0
8,-15,0,0,0,0,0,0,1,0,0
14,-8,0,0,1,0,0,0,0,0,0
12,18,1,0,1,0,1,0,0,0,1
-4,7,1,0,0,0,0,0,0,0,1
-9,-4,0,0,0,0,0,0,0,0,0
-3,-1,0,0,0,0,0,0,0,0,0
1,-2,0,0,0,0,0,0,1,0,0
-6,-2,0,0,0,0,0,0,0,0,0
-6,7,0,0,0,0,0,0,0,0,1
-1,-4,0,0,0,0,0,0,0,1,0
-8,5,0,0,0,0,0,0,0,0,1
1,6,0,0,0,0,0,0,0,1,1
-1,-12,0,0,0,0,0,0,0,0,0
-4,-9,0,1,0,0,0,1,0,0,0
-17,11,0,0,0,0,1,0,0,0,1
-9,2,0,0,0,0,0,0,0,0,1
14,15,0,0,0,0,0,0,0,0,1
16,0,0,0,0,0,0,0,0,0,3
0,0,0,0,0,0,0,0,0,0,0
3,-12,0,0,0,0,0,0,1,0,0
13,10,0,0,0,0,0,0,0,0,1
0,-8,0,1,0,0,0,0,0,0,0
12,3,0,0,0,0,0,0,0,0,1
1,1,0,0,0,0,0,0,0,0,1
-4,9,0,0,0,0,0,0,0,0,1
6,-13,0,0,0,0,0,0,0,0,0
-5,11,0,0,0,0,0,0,0,0,1
5,-12,0,0,0,0,0,0,0,0,0
-16,-1,0,0,0,0,0,0,0,0,0
8,-12,0,0,0,0,0,0,0,1,0
8,5,0,0,0,0,1,0,1,0,1
13,6,0,0,0,0,0,0,0,0,1
13,9,0,0,0,0,0,0,1,1,1
21,-6,0,0,1,0,0,0,0,0,0
2,-6,0,0,0,0,0,0,0,0,0
11,-5,0,0,0,0,0,0,0,0,0
-2,7,1,0,0,0,0,0,0,0,1
1,-17,0,0,0,0,0,1,0,0,0
4,5,0,0,0,0,0,0,0,0,1
15,8,0,0,0,0,0,1,0,0,3
0,1,0,0,0,0,0,0,0,0,1
-1,4,0,0,0,0,0,0,0,1,1
-13,6,0,0,0,0,0,0,0,0,1
16,0,0,0,0,0,0,0,0,0,3
5,12,0,0,0,0,0,0,0,0,1
2,9,0,0,0,0,0,0,0,0,1
-6,14,0,0,0,0,0,0,0,0,1
-1,4,0,0,0,0,1,0,0,0,1
10,17,1,0,0,0,0,0,0,0,1
6,8,0,0,0,0,0,0,0,0,1
23,4,0,0,0,0,0,0,0,0,1
-2,-14,0,0,0,0,0,0,0,0,0
-11,-1,1,0,0,0,1,0,0,0,2
4,2,0,0,0,0,0,0,0,0,1
-19,-17,0,0,0,1,0,0,0,0,0
9,0,0,0,0,0,0,0,1,1,0
8,9,0,0,0,0,0,1,1,0,3
-1,8,1,0,0,0,0,0,0,0,1
-13,6,0,0,0,0,1,0,0,0,1
-2,-4,0,0,0,0,0,0,0,1,0
-1,-13,0,0,0,0,0,0,1,1,0
-1,4,0,0,0,0,0,0,0,1,1
-14,-3,0,0,0,0,0,0,0,0,0
-10,1,1,0,0,1,0,0,0,0,1
14,2,0,0,0,0,0,0,1,0,1
-6,11,1,0,0,1,1,0,0,0,1
15,-10,0,0,1,0,0,0,1,0,0
2,5,0,0,0,0,0,0,0,0,1
-3,11,0,0,0,0,0,0,1,0,1
-13,-1,0,0,0,0,0,0,0,1,0
-9,-6,0,0,0,0,0,0,0,0,0
1,13,0,0,0,0,0,0,0,0,1
-1,7,1,0,0,0,0,1,0,0,2
-13,-1,0,0,0,0,0,0,0,0,0
12,-1,0,0,0,0,0,0,0,0,0
13,-1,0,0,0,0,0,1,0,1,0
-7,-4,0,0,0,0,0,0,0,0,0
3,-3,0,0,0,0,0,0,0,0,0
-6,9,0,0,0,0,0,0,0,1,1
-5,10,1,0,0,0,0,0,0,0,1
5,-7,0,0,0,0,0,0,0,0,0
0,14,0,0,0,0,0,1,0,0,0
0,-4,0,0,0,0,1,0,1,0,1
12,-5,0,0,0,0,0,0,0,0,0
-24,-8,0,0,0,1,0,0,0,0,0
11,-10,0,1,0,0,0,0,0,0,0
8,-1,0,1,0,0,0,0,0,0,0
7,0,0,0,0,0,0,0,0,0,3
0,-14,0,0,0,0,0,0,0,0,0
11,9,0,0,0,0,0,1,0,0,3
-16,0,0,0,0,0,0,0,0,0,2
-14,-16,0,0,0,0,0,0,0,0,0
23,6,1,0,1,0,0,1,0,0,3
-10,-7,0,0,0,0,0,0,0,0,0
-26,15,1,0,0,0,0,0,0,0,1
20,-11,0,0,0,0,0,0,0,0,0
0,-6,0,0,0,0,0,1,0,0,0
-11,-7,0,0,0,0,0,0,0,0,0
12,-11,0,0,0,0,1,0,0,0,3
12,15,0,0,1,0,0,0,0,0,1
-15,7,0,0,0,0,0,0,0,0,1
-12,9,0,0,0,0,0,0,0,0,1
-3,-3,0,0,0,0,0,0,1,1,0
15,4,0,0,0,0,0,0,0,0,1
26,4,0,0,0,0,1,0,0,0,1
0,-2,0,0,0,0,0,0,0,0,0
0,7,0,0,0,0,0,0,0,0,1
17,7,0,0,0,0,0,1,0,0,3
4,-13,0,0,0,0,0,0,0,1,0
20,-4,0,0,0,0,0,0,0,0,0
-1,-12,0,0,0,0,0,0,0,0,0
-3,5,0,0,0,0,0,0,0,0,1
-2,4,0,0,0,0,0,0,0,0,1
-8,15,0,0,0,0,0,0,0,0,1
-11,14,0,0,0,0,1,0,0,0,1
9,-9,0,0,0,0,0,0,0,0,0
-3,8,0,0,0,0,0,0,0,0,1
0,4,0,0,0,0,0,1,0,0,0
23,1,1,0,0,0,0,1,0,0,3
12,-11,0,0,0,0,0,0,0,0,0
1,-1,0,0,0,0,0,0,0,0,0
-8,-3,0,0,0,0,0,0,0,0,0
-22,5,0,0,0,0,0,0,1,0,1
-5,8,0,0,0,0,0,0,0,0,1
-1,-17,0,1,0,0,0,0,0,0,0
6,-10,0,0,0,0,0,0,0,0,0
-9,13,1,0,0,1,0,0,0,1,1
-13,1,0,0,0,0,0,0,1,0,1
-9,-9,0,0,0,1,0,1,0,1,0
-17,-11,0,1,0,0,0,0,0,0,0
-9,-5,0,0,0,0,0,0,0,0,0
22,4,0,0,0,0,0,1,0,0,3
5,-3,0,0,0,0,0,0,0,1,0
-23,5,0,0,0,1,0,0,0,0,1
9,-7,0,0,0,0,0,0,0,0,0
-10,-1,0,0,0,0,0,0,0,0,0
14,14,1,0,0,0,0,0,0,0,1
-4,-2,0,0,0,0,0,0,0,0,0
25,1,1,0,1,0,0,0,0,0,1
-18,2,0,0,0,0,0,1,0,0,2
-24,11,0,0,0,0,0,1,0,0,2
0,3,0,0,0,0,1,0,0,0,1
13,8,0,0,0,0,0,0,1,0,1
4,0,0,0,1,0,0,0,0,1,0
-17,2,0,0,0,1,0,0,0,0,1
6,1,0,0,0,0,0,0,0,0,1
9,-3,0,1,0,0,0,0,1,0,0
8,11,1,0,0,0,0,1,1,0,3
5,7,0,0,0,0,0,1,0,0,3
-16,1,0,0,0,0,0,1,0,0,2
-3,-8,0,0,0,0,0,0,0,0,0
23,7,0,0,0,0,0,0,0,0,1
8,1,0,0,0,0,0,0,0,0,1
-11,13,1,0,0,0,0,0,0,0,1
13,2,0,0,0,0,0,1,1,0,3
1,-9,0,0,0,0,0,0,1,0,0
16,7,0,0,0,0,0,1,1,0,3
0,18,1,0,0,0,1,0,0,0,1
-19,7,0,0,0,0,0,0,0,0,1
-23,-3,0,0,0,0,0,0,0,0,0
11,-2,0,0,0,0,0,0,0,0,0
19,11,0,0,0,0,0,1,0,0,3
2,12,0,0,0,0,0,0,0,0,1
15,-6,0,0,0,0,0,0,0,0,0
-7,-5,0,1,0,0,1,0,0,0,2
-9,15,0,0,0,0,0,0,0,0,1
5,-3,0,1,0,0,0,0,1,0,0
13,-12,0,0,0,0,0,0,0,0,0
-12,10,0,0,0,0,0,0,0,0,1
13,12,0,0,0,0,0,0,0,0,1
-7,-6,0,0,0,0,1,0,0,0,2
-2,2,0,0,0,0,0,0,0,0,1
17,5,0,0,0,0,0,0,0,0,1
-10,-7,0,0,0,0,0,1,0,0,0
-7,-5,0,1,0,0,0,0,0,0,0
13,-7,0,0,0,0,0,0,0,0,0
-7,-10,0,0,0,0,0,0,0,0,0
-14,-1,0,0,0,0,0,0,0,0,0
-1,-18,0,1,0,0,0,1,0,1,0
14,1,0,0,0,0,0,0,0,0,1
2,-11,0,0,0,0,0,1,1,0,0
12,3,0,0,0,0,1,0,0,0,1
-18,-11,0,0,0,0,0,0,0,0,0
-12,2,0,0,0,0,0,1,0,0,2
-3,-4,0,0,0,0,0,0,0,0,0
2,17,1,0,0,0,0,0,0,0,1
17,-4,0,0,0,0,0,0,0,0,0
13,4,0,0,0,0,0,0,0,0,1
-28,-4,0,0,0,1,1,0,0,0,2
6,-1,0,0,0,0,0,0,0,0,0
2,16,0,0,0,0,0,0,0,0,1
14,-7,0,0,0,0,0,0,0,1,0
-17,-9,0,1,0,0,0,0,0,0,0
-6,-15,0,1,0,0,1,1,0,0,2
3,-15,0,1,0,0,0,0,0,0,0
4,-13,0,0,0,0,0,1,1,0,0
17,-5,0,0,0,0,0,0,0,0,0
-1,-3,0,0,0,0,0,0,0,0,0
-21,-11,0,0,0,0,0,0,0,0,0
23,2,0,0,0,0,0,0,0,0,1
19,16,1,0,0,0,0,0,0,0,1
-23,-9,0,0,0,0,0,1,0,0,0
-1,-8,0,0,0,0,0,0,0,0,0
-19,9,0,0,0,0,0,0,0,0,1
18,-1,0,0,0,0,0,0,0,0,0
0,-9,0,0,0,0,0,0,0,0,0
-7,7,0,0,0,0,0,0,1,0,1
-6,1,0,0,0,0,0,0,0,0,1
-13,-6,0,0,0,0,0,0,0,0,0
7,2,0,0,1,0,0,0,0,0,1
18,-9,0,0,1,0,0,1,0,0,0
10,1,0,0,0,0,1,0,0,0,1
7,-6,0,0,0,0,0,0,0,0,0
15,-14,0,0,0,0,0,0,0,0,0
-13,-5,0,0,0,0,0,1,0,1,0
5,13,0,0,0,0,0,0,0,0,1
0,1,0,0,0,0,1,0,0,0,1
23,0,0,0,1,0,0,0,0,0,3
21,8,0,0,0,0,0,0,0,0,1
-8,13,0,0,0,0,0,0,0,0,1
4,-9,0,0,0,0,0,0,0,1,0
-5,-5,0,0,0,0,0,0,0,0,0
2,10,0,0,0,0,0,0,1,0,1
11,-1,0,0,0,0,0,0,0,0,0
23,0,0,0,0,0,0,0,0,0,3
22,-2,0,0,0,0,0,0,0,0,0
21,3,0,0,1,0,0,0,0,0,1
-15,4,0,0,0,0,0,0,0,0,1
20,2,0,0,0,0,0,0,0,1,1
-1,-15,0,0,0,0,0,0,0,0,0
2,2,0,0,0,0,0,0,0,0,1
0,-2,0,0,0,0,0,0,0,0,0
-8,3,0,0,0,0,0,0,0,0,1
3,-11,0,0,0,0,0,0,0,0,0
10,10,0,0,0,0,0,0,0,1,1
-11,13,0,0,0,0,0,1,0,0,2
-12,-11,0,0,0,0,0,0,0,0,0
-13,-8,0,0,0,0,0,0,0,0,0
-7,-10,0,0,0,0,0,0,0,0,0
-10,0,0,0,0,0,0,1,0,0,2
14,-6,0,0,0,0,1,0,0,0,3
-1,4,0,0,0,0,0,0,0,0,1
-7,4,0,0,0,0,0,0,0,0,1
0,-13,0,1,0,0,0,0,0,0,0
-6,-10,0,0,0,0,0,0,0,0,0
3,-3,0,0,0,0,0,0,0,0,0
-20,12,0,0,0,0,0,0,0,0,1
-2,-14,0,1,0,0,0,0,0,0,0
12,-7,0,0,0,0,0,0,0,0,0
-5,13,0,0,0,0,0,0,1,0,1
2,0,0,0,0,0,0,1,0,0,3
23,11,1,0,0,0,0,0,0,0,1
15,6,0,0,0,0,0,0,0,0,1
24,0,0,0,0,0,0,0,0,0,3
-4,11,1,0,0,0,0,0,0,0,1
-14,13,0,0,0,1,0,0,0,0,1
3,5,0,0,0,0,0,0,0,0,1
-5,2,0,0,0,0,0,0,0,0,1
-10,5,0,0,0,0,0,0,0,0,1
9,9,0,0,0,0,0,0,0,1,1
7,6,0,0,0,0,0,1,0,0,3
-1,10,0,0,0,1,0,0,0,0,1
-1,-3,0,0,0,0,0,0,0,0,0
3,-7,0,0,0,0,0,0,0,0,0
0,11,0,0,0,0,0,0,0,0,1
-19,-5,0,0,0,0,0,1,0,0,0
-23,-1,0,0,0,0,0,1,1,0,0
5,-6,0,1,0,0,1,0,0,0,3
-4,-9,0,0,0,0,0,0,0,0,0
7,-10,0,0,0,0,0,0,0,0,0
4,-5,0,0,0,0,0,0,0,0,0
0,-1,0,0,0,0,0,1,0,0,0
-16,-2,0,0,0,0,0,0,0,1,0
-8,2,0,0,0,0,0,0,0,0,1
6,5,1,0,0,0,1,0,0,1,1
-21,-17,0,0,0,0,0,0,1,1,0
11,4,0,0,0,0,0,1,0,0,3
4,-11,0,0,0,0,0,1,0,0,0
1,12,0,0,0,0,0,0,0,0,1
-2,-4,0,0,0,0,1,0,0,1,2
1,0,0,0,0,0,0,1,0,0,3
5,-1,0,0,0,0,0,0,0,0,0
-12,1,0,0,0,0,0,0,0,1,1
-18,-10,0,0,0,0,0,0,0,0,0
-21,10,0,0,0,0,0,1,0,0,2
4,-1,0,0,0,0,0,0,0,0,0
-20,-5,0,0,0,0,0,0,0,0,0
19,12,0,0,0,0,0,0,0,1,1
-10,-2,0,0,0,0,0,0,0,0,0
-8,-1,0,0,0,0,0,0,0,0,0
-10,-1,0,0,0,0,0,0,0,0,0
5,4,0,0,0,0,0,0,0,0,1
-4,12,0,0,0,0,0,0,0,0,1
-2,15,0,0,0,0,0,0,0,0,1
-5,-2,0,1,0,0,0,0,0,0,0
-12,10,0,0,0,0,0,0,0,1,1
-1,0,1,0,0,0,0,1,0,0,2
8,-9,0,0,0,0,0,0,0,0,0
-14,10,1,0,0,0,1,1,0,0,2
-10,3,0,0,0,0,0,0,0,0,1
-23,-3,0,0,0,0,0,0,0,0,0
6,-5,0,0,0,0,0,0,1,0,0
-10,-7,0,0,0,0,0,0,0,0,0
26,-6,0,0,1,0,0,0,0,0,0
13,1,0,1,0,0,0,0,0,0,3
-5,-3,0,0,0,0,0,0,0,0,0
26,-11,0,0,1,0,0,0,0,0,0
8,-5,0,0,0,0,0,0,0,0,0
3,-9,0,1,0,0,0,0,0,0,0
-8,-6,0,0,0,0,0,0,0,0,0
5,4,0,0,0,0,0,0,0,0,1
16,-5,0,1,0,0,0,0,0,0,0
-13,-12,0,0,0,1,0,0,0,0,0
-2,0,0,0,0,0,1,0,0,0,2
5,0,0,0,0,0,0,0,0,0,3
-2,2,0,0,0,0,0,0,0,0,1
8,5,0,0,0,0,1,1,0,0,3
-23,2,0,0,0,0,1,0,1,1,1
-5,15,0,0,0,0,0,0,0,0,1
18,-13,0,0,0,0,0,0,0,1,0
6,-16,0,1,0,0,0,0,1,0,0
11,-13,0,0,0,0,0,0,0,0,0
9,2,0,0,0,0,0,0,0,0,1
-3,-5,0,0,0,0,0,0,0,1,0
8,-9,0,0,0,0,0,0,0,0,0
-1,0,0,0,0,0,0,0,0,0,2
10,6,0,0,0,0,0,0,0,0,1
-4,-11,0,0,0,0,0,0,0,0,0
-6,-14,0,0,0,0,1,0,0,0,2
10,-8,0,0,0,0,0,0,0,0,0
-3,-14,0,0,0,0,1,0,0,0,2
27,-5,0,0,1,0,0,0,0,0,0
-22,-2,0,0,0,0,0,0,0,0,0
-2,5,0,0,0,0,0,1,1,0,0
10,3,0,0,0,0,0,0,0,0,1
-10,13,0,0,0,0,0,0,0,0,1
5,1,0,0,0,0,0,0,0,0,1
-11,-14,0,0,0,0,0,0,0,0,0
-7,-6,0,0,0,0,0,0,0,0,0
-2,-8,0,0,0,0,1,0,0,0,2
-4,-5,0,0,0,0,0,0,0,0,0
19,4,0,0,0,0,0,0,0,0,1
3,1,0,0,0,0,0,0,0,0,1
-1,2,0,0,0,0,0,1,0,0,2
-8,7,0,0,0,0,0,0,0,1,1
14,-2,0,0,0,0,1,0,0,1,1
-14,5,0,0,0,0,0,0,0,0,1
-13,2,0,0,0,1,0,0,0,0,1
19,1,0,0,0,0,0,0,0,0,1
9,-18,0,1,0,0,1,0,0,0,3
-6,3,0,0,0,0,0,0,1,0,1
1,-6,0,0,0,0,0,0,0,0,0
12,-1,0,0,0,0,0,0,0,1,0
-5,-6,0,0,0,0,0,0,0,0,0
14,6,0,0,0,0,0,0,0,0,1
12,4,0,0,0,0,0,0,0,0,1
0,3,0,0,0,0,0,0,0,0,1
-3,-3,0,0,0,0,0,1,0,0,0
-1,-2,0,0,0,0,0,0,0,0,0
8,-1,0,0,0,0,0,0,0,0,0
-1,-9,0,0,0,0,0,0,0,0,0
-23,2,0,0,0,0,0,1,0,0,2
-13,8,0,0,0,0,0,0,0,0,1
7,4,0,0,0,0,0,0,0,0,1
-6,1,0,0,0,0,0,1,0,0,2
14,14,0,0,1,0,0,0,0,0,1
-2,5,0,0,0,0,0,0,0,1,1
9,-3,0,0,0,0,0,0,1,0,0
-11,3,0,0,0,1,0,0,0,0,1
4,1,0,0,0,0,0,0,0,0,1
-5,-8,0,0,0,0,0,0,0,0,0
24,4,0,0,0,0,0,1,0,0,3
-5,-12,0,0,0,0,0,1,0,0,0
20,-5,0,0,0,0,0,0,0,0,0
-5,-1,0,0,0,0,0,0,0,0,0
-3,-13,0,0,0,0,0,0,0,0,0
8,17,0,0,1,0,0,0,0,0,1
10,8,0,0,0,0,0,0,0,0,1
11,1,0,0,0,0,0,0,0,0,1
0,2,0,0,0,0,1,0,0,0,1
-2,15,0,0,0,0,0,0,0,1,1
10,-8,0,0,0,0,0,0,0,0,0
-17,10,0,0,0,0,0,1,0,1,2
-10,14,0,0,0,0,0,0,0,0,1
-9,12,0,0,0,0,1,0,0,0,1
-4,-1,1,0,0,0,0,1,0,1,2
19,6,0,0,0,0,0,0,0,0,1
7,6,0,0,0,0,0,0,0,0,1
-3,8,0,0,0,0,0,0,0,0,1
11,-17,0,1,0,0,0,0,0,0,0
12,5,0,0,0,0,0,0,0,0,1
-17,6,0,0,0,0,1,0,0,0,1
-21,1,0,0,0,0,0,0,0,0,1
7,-2,0,0,0,0,0,0,0,0,0
0,4,0,0,0,0,0,0,0,0,1
10,-14,0,0,0,0,0,0,0,0,0
-17,3,0,0,0,0,0,0,0,0,1
-5,2,0,0,0,0,0,0,0,0,1
-24,-16,0,0,0,0,0,1,0,0,0
-6,-7,0,0,0,0,0,0,0,0,0
-3,-3,0,0,0,0,0,0,0,0,0
-19,10,0,0,0,0,0,0,0,1,1
-23,-1,0,0,0,0,0,0,0,0,0
4,-2,0,0,1,0,0,0,0,0,0
-5,5,0,0,0,0,0,0,1,0,1
-8,-6,0,0,0,0,0,0,0,0,0
-18,-5,0,0,0,0,0,1,0,0,0
-21,5,0,0,0,0,0,0,0,0,1
-4,0,0,0,0,0,0,0,0,0,2
2,15,1,0,0,0,1,1,0,0,3
25,15,1,0,0,0,0,0,0,0,1
5,0,0,0,0,0,0,0,0,0,3
8,16,0,0,0,0,0,0,0,0,1
2,2,0,0,0,0,0,0,0,0,1
-3,-1,0,0,0,0,0,0,0,0,0
-8,-5,0,0,0,0,1,0,0,0,2
0,1,0,0,0,0,0,1,0,0,0
10,13,0,0,0,0,0,0,0,1,1
21,0,0,0,0,0,0,1,0,0,3
10,7,0,0,0,0,0,1,0,0,3
-8,0,0,1,0,0,0,0,0,0,2
23,-8,0,0,0,0,0,0,0,0,0
-8,-1,0,0,0,0,1,0,0,0,2
16,10,0,0,0,0,1,0,0,0,1
-4,-16,0,1,0,0,0,0,0,0,0
-4,-8,0,0,0,0,0,0,0,0,0
-13,-14,0,0,0,0,0,0,0,0,0
0,-11,0,0,0,0,0,0,0,1,0
7,1,0,0,0,0,0,0,0,0,1
-11,1,0,0,0,1,0,0,0,0,1
-3,1,0,0,0,0,0,0,0,0,1
-3,-6,0,0,0,0,0,0,0,0,0
-14,6,0,0,0,0,0,0,1,0,1
-23,5,0,0,0,0,0,0,0,0,1
23,9,1,0,0,0,0,0,0,0,1
-19,-9,0,1,0,0,0,1,0,0,0
20,-11,0,0,0,0,1,0,0,0,3
-3,-6,0,0,0,0,0,0,0,0,0
21,-8,0,0,0,0,0,0,0,0,0
-10,-9,0,0,0,0,0,0,0,0,0
13,13,0,0,0,0,0,0,0,0,1
-3,-2,0,0,0,0,0,0,0,0,0
5,-6,0,0,0,0,0,0,0,0,0
-25,5,0,0,0,0,0,0,0,0,1
-6,-16,0,1,0,0,0,0,0,0,0
-6,-8,0,0,0,0,0,0,0,0,0
13,6,0,0,0,0,0,0,0,0,1
17,-3,0,0,0,0,0,0,0,0,0
11,1,0,0,0,0,1,0,0,0,1
21,3,1,0,0,0,0,0,1,0,1
-1,4,0,0,0,0,0,0,0,0,1
-7,11,0,0,0,0,0,0,0,0,1
5,12,0,0,0,0,0,0,0,0,1
20,7,0,0,0,0,0,0,0,0,1
14,-14,0,0,0,0,0,0,0,0,0
-4,-3,0,0,0,0,0,0,0,1,0
-17,-3,0,0,0,0,0,0,1,0,0
-1,13,0,0,0,0,0,1,0,0,2
-5,-18,0,1,0,0,0,0,0,0,0
-14,-5,0,0,0,0,0,0,0,0,0
-1,-7,0,0,0,0,0,1,0,0,0
10,-5,0,0,0,0,0,0,0,0,0
-5,-6,0,0,0,0,0,0,0,0,0
1,-17,0,1,0,0,1,0,0,0,3
-2,-12,0,0,0,0,0,0,0,0,0
11,3,0,0,1,0,0,0,0,0,1
17,4,0,0,0,0,0,0,0,0,1
-2,-9,0,0,0,0,0,1,0,0,0
10,4,0,0,0,0,0,0,0,0,1
-1,-2,0,0,1,0,0,0,0,0,0
-14,-2,0,0,0,0,0,0,0,0,0
-16,4,0,0,0,0,0,0,0,0,1
1,-17,0,0,0,0,0,0,0,0,0
2,-13,0,0,0,0,0,0,0,0,0
8,0,0,0,0,0,0,0,0,0,3
-10,4,0,0,0,0,0,1,0,0,2
-2,-5,0,0,0,0,0,0,0,0,0
-5,7,0,0,0,0,0,0,1,0,1
12,14,0,0,0,0,0,0,0,0,1
-21,5,0,0,0,1,0,0,1,0,1
18,-1,0,0,0,0,0,0,0,0,0
-9,-4,0,0,0,0,0,0,1,0,0
-8,-9,0,0,0,0,0,0,0,0,0
21,-7,0,0,0,0,0,0,0,0,0
-2,1,0,0,0,0,0,0,0,0,1
-8,-5,0,0,0,0,0,0,0,0,0
-12,3,0,0,0,0,0,0,0,0,1
2,-7,0,0,0,0,1,0,0,0,3
12,-14,0,1,0,0,0,0,0,0,0
-8,-2,0,0,0,0,0,0,1,1,0
-11,0,0,0,0,0,0,0,0,0,2
6,15,0,0,1,0,0,0,0,0,1
1,-6,0,0,0,0,0,0,0,0,0
-15,-6,0,0,0,0,1,0,0,0,2
7,13,1,0,0,0,0,0,1,0,1
27,6,0,0,1,0,0,0,0,0,1
-1,1,0,0,0,0,0,0,0,0,1
4,-12,0,0,0,0,0,0,0,0,0
6,-7,0,0,0,0,0,0,0,0,0
-18,-5,0,0,0,0,0,0,0,0,0
7,13,0,0,0,0,0,0,0,0,1
6,-2,0,0,0,0,0,0,0,0,0
13,11,1,0,0,0,0,0,0,0,1
-12,-7,0,0,0,0,0,0,0,0,0
-17,0,0,0,0,0,0,0,1,0,0
-2,7,0,0,0,0,1,0,0,0,1
-15,-15,0,0,0,0,0,0,0,0,0
15,-10,0,0,0,0,0,0,0,0,0
-5,-5,0,0,0,0,0,0,0,0,0
3,-7,0,0,0,0,0,1,0,0,0
-26,2,0,0,0,0,0,0,0,0,1
3,-8,0,1,0,0,0,0,0,0,0
-19,-8,0,1,0,0,0,0,1,0,0
-24,9,1,0,0,0,0,1,0,0,2
-11,-9,0,0,0,0,0,0,0,0,0
6,2,0,0,0,0,0,0,0,0,1
-19,17,0,0,0,0,0,0,0,1,1
7,-9,0,0,0,0,0,0,0,0,0
21,-11,0,0,0,0,0,0,0,0,0
9,0,0,0,0,0,0,0,0,0,3
24,-2,0,0,0,0,0,0,0,0,0
-13,10,1,0,0,0,0,0,0,1,1
-6,11,0,0,0,0,0,0,0,0,1
15,-14,0,0,0,0,0,0,0,0,0
-4,8,0,0,0,0,0,0,0,0,1
-24,-1,0,0,0,0,0,0,0,0,0
-3,-5,0,0,0,0,0,0,0,0,0
0,0,0,0,0,0,0,0,0,0,0
-5,10,0,0,0,0,0,0,0,0,1
5,8,0,0,0,0,0,0,0,1,1
-19,-8,0,0,0,0,0,0,0,0,0
9,-4,0,1,0,0,1,0,0,1,2
6,1,0,0,0,0,0,0,0,0,1
-15,11,0,0,0,0,1,0,0,0,1
20,-10,0,0,0,0,0,0,0,0,0
-5,-14,0,0,0,0,0,0,1,0,0
0,-3,0,0,0,1,0,0,0,0,0
-7,0,0,1,0,0,0,0,0,0,2
-12,-17,0,0,0,0,1,0,0,0,2
-9,-2,0,0,0,0,0,0,0,0,0
-9,8,0,0,0,0,0,0,0,0,1
-6,-2,0,0,0,0,0,0,0,0,0
-7,-4,0,0,0,0,0,1,0,0,0
9,-6,0,0,0,0,0,0,0,0,0
18,-6,0,0,0,0,0,0,0,0,0
-7,-2,0,0,0,0,0,0,0,0,0
13,8,0,0,0,0,0,0,0,0,1
10,8,0,0,0,0,0,0,0,0,1
-6,12,0,0,0,0,0,0,0,0,1
0,-9,0,0,0,0,0,0,0,0,0
14,-11,0,0,0,0,0,1,0,0,0
-3,5,0,0,0,0,1,0,0,0,1
-23,13,0,0,0,0,0,0,0,0,1
-7,14,0,0,0,0,0,0,0,0,1
9,9,1,0,0,0,1,0,0,0,1
-17,-4,0,0,0,0,0,0,0,0,0
-2,-6,0,0,0,0,0,0,0,0,0
7,6,0,0,0,0,1,0,0,0,1
5,-2,0,0,0,0,0,0,0,0,0
-7,-6,0,0,0,0,0,0,0,0,0
0,2,0,0,0,0,0,0,0,1,1
-8,10,0,0,0,0,0,1,0,0,2
-21,-1,0,0,0,0,0,0,0,0,0
-8,3,0,0,0,0,0,0,0,0,1
4,1,0,0,0,0,0,0,0,0,1
-10,-6,0,1,0,0,0,1,0,0,0
6,-11,0,0,0,0,0,0,0,0,0
12,6,0,0,0,0,0,0,0,0,1
-20,0,0,0,0,0,0,1,0,0,2
7,-7,0,0,0,0,0,0,0,1,0
1,-4,0,0,0,0,0,0,0,0,0
4,-3,0,0,0,0,0,1,0,0,0
-9,-7,0,0,0,0,0,0,0,0,0
-21,8,0,0,0,0,0,0,0,0,1
1,8,0,0,0,0,0,0,0,0,1
-15,4,0,0,0,0,0,0,0,0,1
-2,6,0,0,0,0,0,1,0,0,2
2,-10,0,0,0,0,0,0,0,0,0
9,2,1,0,0,0,0,0,0,1,1
-25,-9,0,0,0,0,0,0,0,0,0
12,3,0,0,0,0,0,0,0,0,1
-6,2,0,0,0,0,0,0,0,0,1
16,-8,0,0,0,0,0,0,0,1,0
9,0,0,0,0,0,0,0,0,0,3
16,2,0,0,0,0,0,1,0,0,3
-3,-1,0,0,0,0,0,0,0,0,0
-16,-13,0,0,0,0,0,0,0,0,0
17,12,0,0,0,0,0,0,0,0,1
9,14,1,0,0,0,0,0,0,0,1
-15,-4,0,0,0,0,0,0,0,0,0
-18,14,0,0,0,0,0,1,1,0,0
-7,14,1,0,0,0,0,0,0,0,1
8,-9,0,0,0,0,0,0,0,0,0
-4,-7,0,0,0,0,0,0,0,0,0
3,16,0,0,0,0,0,0,0,0,1
13,-8,0,0,0,0,0,0,0,0,0
-5,-11,0,1,0,0,0,0,0,0,0
13,-3,0,0,1,0,1,0,0,0,3
17,-13,0,0,1,0,0,1,1,0,0
4,8,0,0,0,0,0,1,1,0,3
-8,3,0,0,0,0,0,0,0,0,1
1,-7,0,0,0,0,0,0,0,1,0
11,0,0,0,0,0,0,0,0,0,3
-6,-8,0,0,0,0,0,0,1,1,0
3,-10,0,0,0,0,0,0,0,1,0
20,1,0,0,0,0,1,0,0,0,1
-6,2,0,0,0,0,0,1,0,0,2
-13,3,1,0,0,0,0,0,0,1,1
13,3,0,0,0,0,0,0,0,0,1
-3,-4,0,0,0,0,0,0,0,0,0
25,-3,0,0,0,0,1,1,0,0,3
-9,2,1,0,0,0,1,0,0,0,1
13,-9,0,0,0,0,0,0,0,1,0
-4,6,0,0,0,0,0,0,0,0,1
25,-5,0,0,0,0,0,0,0,0,0
3,-3,0,0,0,0,0,0,0,0,0
-3,2,0,0,0,0,1,0,0,0,1
-1,-8,0,0,0,1,0,0,0,1,0
-22,-5,0,0,0,0,0,0,0,0,0
10,-9,0,1,0,0,0,0,1,0,0
13,1,0,0,0,0,1,0,0,0,1
8,-1,0,0,0,0,0,0,0,0,0
15,16,0,0,0,0,0,0,0,0,1
-11,-3,0,0,0,0,0,0,1,0,0
-11,-8,0,0,0,0,0,0,0,1,0
-15,9,0,0,0,0,0,0,1,1,1
1,11,1,0,0,0,0,0,0,0,1
1,-4,0,0,0,0,0,0,0,0,0
3,-7,0,0,0,0,0,0,0,0,0
14,14,0,0,0,0,1,0,1,0,1
8,7,0,0,0,0,0,0,0,0,1
13,-7,0,0,0,0,0,0,0,0,0
-15,-7,0,0,0,0,0,0,0,0,0
-12,5,0,0,0,0,0,0,0,0,1
-11,5,1,0,0,0,0,0,0,0,1
11,-1,0,0,1,0,1,1,0,0,3
10,2,0,0,0,0,0,0,0,0,1
-3,-3,0,0,0,0,0,0,0,1,0
-6,-12,0,0,0,0,0,1,0,0,0
13,0,0,0,0,0,0,0,1,0,3
5,-5,0,0,0,0,0,0,1,0,0
-3,-11,0,0,0,0,0,0,0,0,0
-14,12,0,0,0,0,1,0,0,0,1
4,-14,0,0,0,0,0,0,0,0,0
-2,-7,0,0,0,0,0,0,1,0,0
1,-2,0,0,0,0,0,1,0,0,0
-20,-1,0,0,0,0,0,0,0,0,0
-24,-3,0,0,0,0,0,0,1,0,0
13,-1,0,0,0,0,0,0,0,0,0
-15,0,0,0,0,0,0,0,0,0,2
0,17,0,0,0,0,0,0,1,0,1
-3,17,0,0,0,0,0,0,0,0,1
-8,1,0,0,0,0,0,0,0,0,1
-17,-13,0,0,0,0,0,0,0,0,0
18,-5,0,0,0,0,0,0,0,0,0
-14,3,0,0,0,0,0,0,0,0,1
-15,3,0,0,0,0,0,0,0,0,1
-12,1,0,0,0,0,0,1,0,0,2
7,-1,0,0,0,0,0,0,1,0,0
22,0,0,1,1,0,0,0,0,0,3
12,15,0,0,0,0,0,0,0,0,1
14,12,0,0,0,0,0,0,0,0,1
-3,0,0,0,0,0,0,0,1,0,0
-5,-2,0,0,0,0,0,0,0,0,0
-6,-9,0,0,0,0,0,0,0,1,0
-17,-11,0,0,0,0,0,0,0,0,0
2,-4,0,0,0,0,0,1,0,0,0
-4,8,0,0,0,0,0,0,0,0,1
-10,13,0,0,0,0,0,0,0,0,1
-11,3,0,0,0,0,0,0,0,0,1
-3,-9,0,0,0,0,0,0,1,0,0
-12,2,0,0,0,0,0,1,0,0,2
8,-10,0,1,0,0,0,0,0,0,0
-11,8,0,0,0,0,1,0,0,0,1
20,5,0,0,0,0,0,0,0,0,1
-13,4,0,0,0,0,0,0,0,0,1
-5,10,0,0,0,1,0,0,0,0,1
11,-5,0,0,0,0,0,0,0,0,0
8,4,0,0,0,0,0,0,0,0,1
-14,0,0,0,0,0,0,1,1,1,0
-7,-13,0,0,0,0,0,0,0,0,0
6,2,0,0,0,0,1,0,0,0,1
-8,-1,0,0,0,0,0,0,0,0,0
18,-9,0,0,0,0,0,0,0,0,0
3,-4,0,0,0,0,0,0,0,0,0
-1,-4,0,0,0,0,0,0,0,0,0
-20,13,1,0,0,0,0,0,0,0,1
-2,2,0,0,0,0,1,0,0,0,1
5,-2,0,0,0,0,0,0,0,0,0
18,-2,0,0,0,0,0,0,0,0,0
2,-6,0,0,0,0,1,1,0,0,3
-7,2,0,0,0,0,0,0,0,0,1
11,10,0,0,0,0,0,0,0,0,1
10,7,0,0,1,0,0,0,0,0,1
21,10,0,0,0,0,0,0,0,0,1
-3,-5,0,0,0,0,1,0,0,0,2
-5,3,0,0,0,0,0,0,1,1,1
-11,11,0,0,0,0,0,0,0,1,1
13,8,0,0,0,0,0,0,0,0,1
0,-6,0,0,0,0,0,0,0,0,0
9,8,0,0,0,0,0,0,0,0,1
11,15,0,0,0,0,0,1,0,0,3
-5,-17,0,0,0,0,1,0,0,0,2
-2,3,0,0,0,0,0,1,0,1,2
-3,3,0,0,0,0,0,0,0,0,1
-4,-7,0,0,0,0,0,0,0,0,0
-8,0,1,0,0,0,0,0,0,0,2
25,15,1,0,0,0,1,0,1,0,1
-17,2,0,0,0,0,0,0,0,0,1
6,-2,0,0,0,0,0,0,1,0,0
-15,4,0,0,0,0,0,0,0,0,1
-20,5,0,0,0,1,0,0,0,0,1
23,-3,0,0,0,0,0,0,0,0,0
1,-5,0,0,0,0,0,0,0,0,0
-12,14,0,0,0,0,0,0,0,1,1
0,-5,0,0,0,0,0,0,0,0,0
0,3,0,0,0,0,0,0,0,1,1
1,-4,0,0,0,0,0,0,0,0,0
17,0,0,0,0,0,0,0,0,0,3
15,-7,0,0,0,0,0,0,0,1,0
-4,3,0,0,0,0,0,0,0,0,1
-12,7,1,0,0,0,0,0,0,0,1
28,-8,0,0,1,0,0,0,0,0,0
6,0,0,0,1,0,0,0,0,0,3
-2,-4,0,0,0,0,0,0,1,0,0
-2,-3,0,0,0,0,0,0,0,1,0
7,-2,0,0,0,0,0,0,0,1,0
2,-11,0,0,0,0,0,0,1,0,0
21,13,0,0,0,0,1,0,0,0,1
-13,9,0,0,0,1,0,0,0,0,1
15,-7,0,0,0,0,0,0,0,1,0
2,4,1,0,0,0,0,0,0,0,1
-13,15,0,0,0,0,0,0,0,0,1
12,-3,0,0,0,0,0,1,0,1,0
3,12,0,0,0,0,0,0,0,0,1
10,-4,0,0,0,0,0,1,0,0,0
-24,0,0,1,0,0,0,0,0,0,2
1,13,0,0,0,0,0,0,0,0,1
-2,1,0,0,0,0,0,0,0,0,1
-7,14,1,0,0,0,0,0,1,1,1
6,-5,0,0,1,0,0,1,0,0,0
-2,-14,0,0,0,0,0,0,0,0,0
9,-6,0,0,0,0,0,0,0,0,0
-6,-7,0,0,0,0,0,0,0,0,0
7,4,1,0,0,0,0,0,1,0,1
-7,3,0,0,0,0,0,0,0,0,1
-3,-8,0,0,0,0,0,0,0,0,0
15,0,0,0,0,0,0,0,1,0,3
-1,-4,0,1,0,0,0,0,0,0,0
-1,9,0,0,0,0,0,0,0,0,1
19,3,0,0,0,0,0,1,0,0,3
10,-4,0,0,0,0,0,0,0,0,0
13,2,0,0,0,0,0,0,0,0,1
16,0,0,0,0,0,0,0,0,0,3
-4,1,0,1,0,0,0,0,1,1,0
-2,11,0,0,0,0,0,0,0,0,1
2,1,0,0,0,0,0,1,0,0,3
-2,5,0,0,0,0,0,0,0,1,1
4,-4,0,1,0,0,0,0,1,0,0
-8,-5,0,0,0,0,0,0,0,0,0
12,7,0,0,0,0,0,1,0,0,3
16,17,0,0,0,0,0,0,0,0,1
17,8,0,0,1,0,0,0,1,0,1
-12,-3,0,0,0,1,0,0,1,0,0
22,-3,0,1,0,0,0,1,0,0,0
10,11,0,0,0,0,0,0,0,0,1
-19,-3,0,0,0,0,0,0,0,1,0
0,-13,0,0,0,0,0,0,0,0,0
-3,9,0,0,0,0,0,0,0,0,1
1,-2,0,0,0,0,0,0,0,1,0
9,-6,0,0,0,0,0,0,0,0,0
18,7,0,0,1,0,0,0,0,1,1
16,0,0,0,0,0,0,0,0,0,3
20,-10,0,0,0,0,0,0,1,0,0
0,-9,0,0,0,0,0,0,0,0,0
-10,-6,0,0,0,0,0,0,1,0,0
6,-12,0,0,0,0,1,0,1,1,1
17,4,0,0,0,0,0,0,0,0,1
18,1,0,0,0,0,0,0,1,0,1
-17,-11,0,0,0,1,1,0,0,0,2
8,-5,0,0,0,0,0,0,0,0,0
4,5,0,0,0,0,0,0,0,0,1
9,-7,0,0,0,0,0,0,0,0,0
-14,-7,0,0,0,0,0,0,0,1,0
0,-11,0,1,0,0,0,0,0,0,0
5,-10,0,0,0,0,0,0,0,0,0
-19,-6,0,0,0,0,0,0,0,0,0
-10,7,0,0,0,0,0,0,0,1,1
0,4,0,0,0,0,0,0,0,1,1
10,-2,0,1,0,0,0,0,0,0,0
8,-13,0,1,0,0,0,1,0,0,0
-4,-11,0,0,0,0,0,0,0,0,0
16,3,0,0,0,0,0,0,0,0,1
-3,-9,0,0,0,0,0,0,1,0,0
-4,-2,0,0,0,0,0,0,0,0,0
7,5,0,0,1,0,0,0,0,1,1
-2,-14,0,0,0,0,0,0,0,0,0
-10,1,0,0,0,0,0,0,0,0,1
10,-5,0,0,0,0,1,0,0,0,3
-16,-14,0,0,0,0,0,1,0,1,0
0,6,0,0,0,0,0,0,0,0,1
7,-12,0,0,0,0,0,0,0,0,0
15,4,1,0,0,0,0,0,0,0,1
11,12,0,0,0,0,0,0,1,0,1
-3,-6,0,0,0,0,0,0,0,0,0
4,-14,0,0,0,0,0,0,0,0,0
16,-7,0,0,0,0,0,0,0,0,0
-13,9,0,0,0,0,0,1,0,1,2
18,-8,0,0,0,0,0,0,0,0,0
-5,-15,0,0,0,0,1,1,0,0,2
-4,5,0,0,0,0,0,1,0,0,2
-8,-3,0,0,0,0,0,0,0,0,0
17,7,0,0,0,0,1,0,0,0,1
-9,7,0,0,0,0,0,1,0,0,2
-3,10,0,0,0,0,0,1,0,0,2
5,1,0,0,0,0,1,0,1,0,1
4,-3,0,0,0,0,0,0,0,0,0
-4,9,0,0,0,0,0,0,1,1,1
-16,-3,0,0,0,0,0,1,0,0,0
-6,12,0,0,0,0,0,0,0,0,1
22,-1,0,0,0,0,0,0,0,0,0
0,9,0,0,0,0,0,0,0,0,1
-12,0,0,1,0,0,0,0,0,0,2
1,-13,0,0,0,0,0,0,0,0,0
-9,-13,0,0,0,0,0,0,0,0,0
20,3,0,0,0,0,0,0,0,0,1
15,1,0,0,0,0,0,0,0,0,1
11,-4,0,0,0,0,0,0,0,0,0
-15,-9,0,0,0,0,0,0,0,0,0
-6,5,0,0,0,0,0,0,0,0,1
14,-6,0,0,1,0,0,0,0,1,0
-8,-14,0,1,0,0,0,0,0,0,0
-11,-1,0,0,0,0,0,0,1,0,0
7,-4,0,0,0,0,0,0,0,0,0
-26,13,0,0,0,0,0,0,0,0,1
2,9,0,0,0,0,0,0,0,0,1
14,0,0,0,0,0,0,0,0,0,3
3,-4,0,0,0,0,0,0,0,0,0
6,-3,0,0,0,0,0,0,0,0,0
-24,-3,0,0,0,0,0,0,0,0,0
-3,-2,0,0,0,0,0,0,0,1,0
-3,-11,0,1,0,0,0,0,0,0,0
22,2,0,0,0,0,0,0,0,1,1
-2,-9,0,0,0,0,0,0,0,0,0
-3,-2,0,0,0,0,0,0,0,0,0
-8,-8,0,0,0,0,0,0,0,0,0
-6,0,0,0,0,0,0,0,0,0,2
4,-5,0,0,0,0,1,0,0,1,1
-7,-5,0,0,0,0,0,1,0,0,0
17,11,0,0,0,0,0,1,0,0,3
0,10,0,0,0,0,0,0,0,0,1
-17,-14,0,0,0,0,0,0,0,0,0
-2,-10,0,0,0,0,0,0,0,0,0
8,4,0,0,0,0,0,0,0,0,1
0,-3,0,0,0,0,0,0,0,0,0
2,9,0,0,0,0,0,0,0,0,1
-13,14,0,0,0,0,0,0,0,0,1
-12,-7,0,0,0,0,1,0,0,0,2
10,-5,0,0,0,0,0,0,1,0,0
-1,-8,0,0,0,0,1,0,0,0,2
-3,7,0,0,0,0,0,0,0,0,1
2,4,0,0,0,0,0,0,0,0,1
4,-6,0,1,0,0,0,0,0,0,0
20,16,1,0,0,0,0,0,0,0,1
14,-3,0,0,0,0,1,0,0,0,3
23,0,0,0,0,0,1,0,0,0,3
-24,-6,0,0,0,0,0,0,1,0,0
-2,-2,0,0,0,0,0,0,1,0,0
7,5,0,0,0,0,0,0,0,0,1
-10,-2,0,0,0,0,0,0,1,0,0
-8,-11,0,0,0,0,0,0,1,0,0
-1,-9,0,1,0,0,0,0,1,0,0
-3,5,0,0,0,0,0,0,0,1,1
-6,3,0,0,0,0,0,0,0,0,1
-9,-4,0,0,0,0,0,0,0,1,0
-14,-4,0,0,0,0,0,0,0,0,0
-13,6,0,0,0,0,0,0,1,0,1
23,0,0,1,1,0,0,0,0,0,3
17,-2,0,0,0,0,0,0,0,1,0
-6,-9,0,0,0,0,0,0,0,0,0
-8,2,0,0,0,0,0,1,0,1,2
-5,-2,0,0,0,0,0,1,0,0,0
2,-14,0,0,0,0,1,0,0,1,1
14,-3,0,0,0,0,0,0,1,0,0
-17,-12,0,0,0,0,0,0,0,0,0
5,-10,0,0,0,0,0,0,0,0,0
13,5,0,0,0,0,0,0,1,0,1
14,3,0,0,0,0,1,0,0,0,1
-5,5,0,0,0,0,0,0,0,0,1
-4,0,0,0,0,0,0,0,0,0,2
3,-3,0,0,0,0,0,0,0,0,0
1,-1,0,0,0,0,0,0,0,0,0
0,-8,0,0,0,0,0,0,0,1,0
-1,13,0,0,0,0,0,0,0,0,1
-24,2,0,0,0,0,0,0,0,0,1
7,-10,0,0,0,0,0,1,0,0,0
-2,0,0,0,0,0,0,0,0,0,2
-12,12,0,0,0,1,0,0,1,0,1
-11,-5,0,0,0,0,0,0,0,0,0
-14,15,0,0,0,0,1,0,0,0,1
12,-14,0,0,0,0,0,0,0,0,0
-3,-7,0,1,0,1,0,1,0,1,0
12,7,0,0,0,0,0,0,0,1,1
15,5,1,0,0,0,0,0,0,0,1
-21,1,0,0,0,1,0,0,0,0,1
-2,8,0,0,0,0,1,0,1,0,1
-2,-2,0,0,0,0,0,0,0,0,0
-22,8,0,0,0,0,0,0,0,0,1
-16,4,0,0,0,0,1,0,0,0,1
4,-2,0,0,0,0,0,0,0,0,0
-17,6,0,0,0,0,0,1,0,0,2
2,16,0,0,0,0,0,1,0,0,3
-14,9,0,0,0,1,0,0,0,0,1
5,-16,0,0,0,0,0,0,0,0,0
10,8,0,0,0,0,0,0,0,0,1
19,2,0,0,0,0,0,0,0,0,1
14,-14,0,0,0,0,0,0,0,0,0
1,1,0,0,0,0,0,0,0,0,1
3,1,0,0,0,0,0,0,0,0,1
8,8,0,0,0,0,0,0,0,1,1
3,6,0,0,0,0,0,0,0,1,1
6,-14,0,0,0,0,0,0,0,0,0
1,-6,0,0,0,0,0,0,0,0,0
-13,0,0,0,0,0,0,0,0,0,2
6,8,0,0,0,0,0,0,0,0,1
-2,4,0,0,0,0,0,0,0,0,1
-13,0,0,0,0,0,0,0,0,1,2
2,15,1,0,0,0,1,0,0,0,1
-17,5,0,0,0,0,0,0,0,0,1
3,-7,0,0,0,0,1,0,0,0,3
0,4,0,0,0,0,0,0,0,0,1
-5,-7,0,1,0,0,0,0,0,0,0
-7,-10,0,0,0,0,1,0,0,0,2
13,2,0,0,0,0,0,0,0,0,1
-16,6,0,0,0,0,0,0,1,0,1
-1,6,0,0,0,0,0,1,0,0,2
-14,17,0,0,0,0,0,0,0,0,1
4,14,0,0,0,0,0,0,0,0,1
0,-7,0,0,1,0,0,0,0,0,0
-4,14,0,0,0,0,0,0,0,0,1
-3,-4,0,0,0,0,0,0,1,0,0
4,2,0,0,0,0,0,0,1,0,1
11,-15,0,0,0,0,0,0,0,1,0
24,5,0,0,0,0,1,0,0,0,1
11,-14,0,0,0,0,0,0,0,0,0
-16,-6,0,0,0,0,0,0,0,0,0
-12,12,0,0,0,0,0,0,0,0,1
10,10,1,0,0,0,1,0,0,0,1
11,-4,0,0,0,0,0,0,0,0,0
0,-16,0,1,0,0,0,0,0,0,0
-2,-2,0,0,0,0,0,0,0,0,0
4,-15,0,0,0,0,0,0,0,0,0
-19,-16,0,1,0,0,0,0,0,0,0
10,-12,0,0,0,0,0,0,0,0,0
7,-2,0,0,0,0,0,0,0,0,0
2,10,0,0,0,0,0,1,0,0,3
-17,1,0,1,0,0,0,1,0,0,2
-16,3,0,0,0,0,0,0,0,0,1
3,6,0,0,0,0,0,0,0,0,1
5,8,0,0,0,0,0,0,0,0,1
13,-1,0,0,0,0,0,0,0,0,0
3,8,0,0,0,0,0,0,0,0,1
-1,-4,0,0,0,0,0,0,0,1,0
19,-5,0,0,0,0,1,1,0,0,3
9,10,0,0,0,0,0,0,0,0,1
-13,-7,0,0,0,0,0,0,0,0,0
-3,-16,0,0,0,0,0,0,0,0,0
1,5,0,0,0,0,0,0,0,0,1
-5,6,0,0,0,0,1,0,0,0,1
-13,-4,0,0,0,0,0,0,1,0,0
14,-9,0,0,0,0,0,0,0,0,0
7,-4,0,0,0,0,0,0,0,0,0
-11,-11,0,0,0,0,0,0,0,0,0
-23,-3,0,0,0,0,0,0,0,0,0
7,-1,0,0,0,0,0,1,0,0,0
-11,5,0,0,0,0,1,0,0,1,1
7,-5,0,0,0,0,0,0,0,0,0
19,-1,1,0,0,0,0,0,0,0,3
-19,2,0,0,0,0,0,0,0,0,1
28,-17,0,0,1,0,0,0,1,0,0
8,3,0,0,0,0,1,1,0,0,3
5,-1,0,0,0,0,0,0,0,0,0
-8,-5,0,0,0,0,0,1,0,0,0
-19,4,0,0,0,0,0,0,0,1,1
-7,6,0,0,0,0,0,0,0,0,1
-18,2,1,0,0,0,0,0,0,0,1
2,2,0,0,0,0,0,0,0,0,1
-22,10,0,0,0,0,0,0,0,0,1
1,15,0,0,0,1,0,0,1,0,1
7,-13,0,0,0,0,0,0,0,0,0
12,-13,0,1,0,0,0,0,0,0,0
-16,1,0,0,0,0,0,0,0,0,1
-15,-3,0,0,0,0,0,0,0,0,0
4,-1,0,0,0,0,0,0,0,0,0
7,6,0,0,0,0,0,0,1,0,1
0,-2,0,0,0,0,0,0,0,0,0
12,-12,0,1,0,0,0,0,0,0,0
-15,-5,0,0,0,0,0,1,0,0,0
-7,2,0,0,0,0,1,0,0,0,1
-5,-14,0,0,0,0,0,1,0,0,0
-10,-7,0,0,0,0,0,0,1,1,0
-19,-5,0,0,0,0,0,0,0,0,0
-20,2,0,0,0,0,1,1,0,0,2
8,-3,0,0,1,0,0,0,0,0,0
-7,16,0,0,0,0,0,0,0,0,1
3,14,1,0,0,0,0,0,0,0,1
-6,-4,0,0,0,0,0,0,0,0,0
-4,5,0,0,0,0,0,0,0,0,1
5,-11,0,0,0,0,1,0,0,0,3
12,4,0,0,0,0,0,1,0,0,3
3,-7,0,0,0,0,0,1,0,0,0
-7,-11,0,0,0,0,0,0,0,0,0
-2,0,0,0,0,0,1,0,0,0,2
21,-7,0,0,0,0,0,0,0,1,0
4,-7,0,0,0,0,0,0,0,0,0
-10,-3,0,0,0,0,1,0,0,0,2
-11,6,0,0,0,0,0,0,0,0,1
-6,0,0,0,0,1,0,0,0,0,2
12,-8,0,1,0,0,1,0,0,0,3
5,15,0,0,0,0,0,0,1,0,1
19,5,0,0,0,0,0,0,0,0,1
18,-4,0,0,0,0,0,0,0,0,0
21,7,0,0,0,0,0,0,0,0,1
0,-6,0,0,0,0,0,0,0,0,0
16,-13,0,0,0,0,1,0,0,0,3
7,-7,0,0,1,0,1,0,0,0,3
14,11,0,0,0,0,0,0,0,1,1
-9,5,0,0,0,0,0,0,0,0,1
2,-7,0,0,0,0,0,0,0,0,0
3,-5,0,0,0,0,0,0,0,0,0
-2,5,0,0,0,0,0,0,0,0,1
-15,0,0,0,0,0,0,0,0,1,2
-5,2,0,0,0,0,0,0,0,0,1
-8,-2,0,0,0,0,0,0,0,0,0
11,1,1,0,0,0,0,0,0,0,1
28,0,0,1,1,0,0,0,0,0,3
-4,15,0,0,0,0,0,0,0,0,1
-17,10,0,0,0,0,0,0,1,0,1
-24,-1,0,0,0,0,0,1,0,0,0
18,0,0,0,0,0,0,0,1,0,3
2,2,0,0,0,0,0,0,0,0,1
17,-7,0,0,0,0,0,0,0,0,0
-21,1,0,0,0,0,0,0,0,0,1
-1,-5,0,0,0,0,0,0,0,0,0
11,6,0,0,0,0,0,0,0,0,1
-1,10,1,0,0,0,0,0,0,0,1
-7,-12,0,0,0,0,0,0,0,0,0
22,11,0,0,0,0,1,0,0,0,1
18,0,0,0,0,0,1,0,0,0,3
19,9,0,0,0,0,0,0,0,0,1
-9,0,0,0,0,0,0,0,0,0,2
13,6,1,0,0,0,0,0,0,0,1
-16,-11,0,0,0,0,0,0,0,0,0
-14,0,0,0,0,0,0,0,0,0,2
-11,2,0,0,0,0,0,0,0,1,1
-2,7,0,0,0,0,0,1,1,0,0
21,-4,0,0,0,0,0,0,0,0,0
7,4,0,0,0,0,0,0,0,1,1
1,-12,0,0,0,0,0,0,1,0,0
8,1,0,0,1,0,0,0,0,0,1
-1,6,0,0,0,0,0,0,0,0,1
26,-2,0,0,0,0,0,0,0,0,0
18,3,0,0,0,0,0,0,0,0,1
14,-1,1,0,0,0,0,0,0,0,3
-8,-5,0,0,0,0,0,1,0,0,0
1,2,0,0,0,0,0,0,0,0,1
-5,-2,0,0,0,0,0,0,0,0,0
-5,1,0,0,0,0,0,0,0,0,1
11,8,0,0,0,0,0,0,0,0,1
4,-2,0,0,0,0,0,0,0,0,0
16,-6,0,0,0,0,0,0,0,0,0
-21,-12,0,0,0,0,0,0,0,0,0
-17,13,0,0,0,0,0,0,0,0,1
5,-14,0,0,0,0,0,0,0,0,0
-3,0,0,0,0,0,0,0,1,0,0
9,3,0,0,0,0,0,0,0,0,1
6,3,0,0,0,0,0,0,0,1,1
-15,-9,0,0,0,0,0,0,0,0,0
3,13,0,0,0,0,0,1,0,1,0
-15,7,0,0,0,0,0,0,0,0,1
19,-4,0,0,0,0,0,0,0,0,0
2,7,0,0,0,0,0,0,0,0,1
3,6,0,0,0,0,0,0,0,0,1
-3,6,0,0,0,0,0,0,0,0,1
14,-8,0,0,0,0,1,0,1,0,3
16,-4,0,0,0,0,0,0,0,0,0
0,11,0,0,0,0,1,0,0,0,1
-6,5,0,0,0,0,0,0,0,0,1
-15,-9,0,0,0,0,0,0,1,1,0
-17,2,0,0,0,0,0,0,0,1,1
-5,2,0,0,0,0,0,0,0,0,1
14,-2,0,0,0,0,0,0,0,0,0
12,-13,0,1,0,0,0,0,0,0,0
-9,-13,0,0,0,0,0,0,0,0,0
-23,18,1,0,0,0,0,0,0,0,1
-10,-4,0,0,0,0,0,0,0,0,0
-4,-1,0,0,0,0,0,0,0,0,0
-13,-8,0,0,0,0,0,0,0,1,0
-13,6,0,0,0,0,0,0,0,0,1
1,3,0,0,0,0,0,0,0,0,1
3,-3,0,0,0,0,0,0,1,0,0
14,11,1,0,0,0,0,0,0,0,1
4,-8,0,0,0,0,0,1,1,0,0
-12,-4,0,0,0,0,0,0,1,0,0
9,1,1,0,0,0,0,0,0,0,1
7,0,0,0,0,0,0,0,0,0,3
8,0,0,0,0,0,0,0,0,0,3
-4,0,0,0,0,0,0,1,0,0,2
-9,-3,0,0,0,0,0,1,0,0,0
-20,5,0,0,0,0,0,0,0,1,1
10,-6,0,0,0,0,1,0,0,0,3
-7,-1,1,0,0,0,0,0,0,0,2
14,4,0,0,0,0,0,0,0,0,1
7,-8,0,0,0,0,0,0,1,0,3
6,-8,0,0,0,0,0,0,1,0,3
5,-8,0,0,0,0,0,0,1,0,3
4,-8,0,0,0,0,0,0,1,0,3
3,-8,0,0,0,0,0,0,1,0,3
2,-8,0,0,0,0,0,0,1,0,3
1,-8,0,0,0,0,0,0,1,0,3
0,-8,0,0,0,0,0,0,1,0,3
-1,-8,0,0,0,0,0,0,1,0,3
-2,-8,0,0,0,0,0,0,1,0,3
-2,-7,0,0,0,0,0,1,0,0,0
-2,-6,0,0,0,0,0,1,0,0,0
-2,-5,0,0,0,0,0,1,0,0,0
-2,-4,0,0,0,0,0,1,0,0,0
-2,-3,0,0,0,0,0,1,0,0,0
-1,-3,0,0,0,0,0,0,0,1,2
0,-3,0,0,0,0,0,0,0,1,2
1,-3,0,0,0,0,0,0,0,1,2
1,-4,0,0,0,0,1,0,0,0,1
1,-5,0,0,0,0,1,0,0,0,1
1,-6,0,0,0,0,1,0,0,0,1
2,-6,0,0,0,0,0,0,0,1,2
3,-6,0,0,0,0,0,0,0,1,2
4,-6,0,0,0,0,0,0,0,1,2
5,-6,0,0,0,0,0,0,0,1,2
6,-6,0,0,0,0,0,0,0,1,2
7,-6,0,0,0,0,0,0,0,1,2
7,-5,0,0,0,0,0,1,0,0,0
7,-4,0,0,0,0,0,1,0,0,0
6,-4,0,0,0,0,0,0,1,0,3
5,-4,0,0,0,0,0,0,1,0,3
5,-5,0,0,0,0,1,0,0,0,1
5,-6,0,0,0,0,1,0,0,0,1
5,-7,0,0,0,0,1,0,0,0,1
5,-8,0,0,0,0,1,0,0,0,1
6,-8,0,0,0,0,0,0,0,1,2
7,-8,0,0,0,0,0,0,0,1,2
8,-8,0,0,0,0,0,0,0,1,2
9,-8,0,0,0,0,0,0,0,1,2
10,-8,0,0,0,0,0,0,0,1,2
11,-8,0,0,0,0,0,0,0,1,2
12,-8,0,0,0,0,0,0,0,1,2
13,-8,0,0,0,0,0,0,0,1,2
14,-8,0,0,0,0,0,0,0,1,2
15,-8,0,0,0,0,0,0,0,1,2
16,-8,0,0,0,0,0,0,0,1,2
7,-8,0,0,0,0,0,0,1,0,3
6,-8,0,0,0,0,0,0,1,0,3
5,-8,0,0,0,0,0,0,1,0,3
4,-8,0,0,0,0,0,0,1,0,3
3,-8,0,0,0,0,0,0,1,0,3
2,-8,0,0,0,0,0,0,1,0,3
1,-8,0,0,0,0,0,0,1,0,3
0,-8,0,0,0,0,0,0,1,0,3
-1,-8,0,0,0,0,0,0,1,0,3
-2,-8,0,0,0,0,0,0,1,0,3
-3,-8,0,0,0,0,0,0,1,0,3
-4,-8,0,0,0,0,0,0,1,0,3
7,-8,0,0,0,0,0,0,1,0,3
6,-8,0,0,0,0,0,0,1,0,3
5,-8,0,0,0,0,0,0,1,0,3
4,-8,0,0,0,0,0,0,1,0,3
3,-8,0,0,0,0,0,0,1,0,3
3,-7,0,0,0,0,0,1,0,0,0
3,-6,0,0,0,0,0,1,0,0,0
3,-5,0,0,0,0,0,1,0,0,0
4,-5,0,0,0,0,0,0,0,1,2
5,-5,0,0,0,0,0,0,0,1,2
6,-5,0,0,0,0,0,0,0,1,2
7,-5,0,0,0,0,0,0,0,1,2
7,-6,0,0,0,0,1,0,0,0,1
7,-7,0,0,0,0,1,0,0,0,1
7,-8,0,0,0,0,1,0,0,0,1
6,-8,0,0,0,0,0,0,1,0,3
5,-8,0,0,0,0,0,0,1,0,3
4,-8,0,0,0,0,0,0,1,0,3
3,-8,0,0,0,0,0,0,1,0,3
2,-8,0,0,0,0,0,0,1,0,3
1,-8,0,0,0,0,0,0,1,0,3
0,-8,0,0,0,0,0,0,1,0,3
